idx,pid,label,y,fold,p_glioma,p_meningioma,p_pituitary
32,102929,meningioma,1,0,0.014772245,0.9737403,0.011487511
33,102929,meningioma,1,0,0.35949636,0.6084684,0.032035165
45,104167,meningioma,1,0,0.06671471,0.93166304,0.0016222735
46,104167,meningioma,1,0,0.0048259017,0.9927979,0.0023762973
47,104167,meningioma,1,0,0.002829009,0.9936739,0.0034970564
48,104167,meningioma,1,0,0.0042968933,0.99538726,0.0003158661
60,105937,meningioma,1,0,0.0006811437,0.99928916,2.9630115e-05
61,105937,meningioma,1,0,0.0004587437,0.9995309,1.0389962e-05
71,106534,meningioma,1,0,0.025274228,0.9743614,0.0003643362
72,106534,meningioma,1,0,0.0570096,0.9428396,0.00015081238
80,106720,meningioma,1,0,0.048834182,0.9337729,0.017392887
81,106720,meningioma,1,0,0.024822075,0.93760335,0.0375745
82,106720,meningioma,1,0,0.05647335,0.9162435,0.027283125
83,106720,meningioma,1,0,0.060283832,0.919778,0.01993813
84,106720,meningioma,1,0,0.012970736,0.9838721,0.0031571595
85,106720,meningioma,1,0,0.07094571,0.92860615,0.0004481481
86,106720,meningioma,1,0,0.074591294,0.92533034,7.8443874e-05
91,107190,meningioma,1,0,0.29576036,0.70423687,2.76134e-06
92,107190,meningioma,1,0,0.0029906807,0.9970092,1.02005345e-07
99,107494,meningioma,1,0,0.30642712,0.53082705,0.16274586
100,107494,meningioma,1,0,0.021197632,0.59640723,0.38239512
101,107494,meningioma,1,0,0.0008617151,0.93038356,0.068754755
102,107494,meningioma,1,0,0.0019593886,0.74592084,0.2521198
103,107494,meningioma,1,0,0.02589242,0.9434183,0.030689197
125,111077,meningioma,1,0,0.00426313,0.9429851,0.05275176
126,111077,meningioma,1,0,0.00048278054,0.9978582,0.0016589118
127,111077,meningioma,1,0,0.0017704336,0.9976895,0.0005400795
151,112648,meningioma,1,0,0.009860922,0.9315465,0.05859252
152,112648,meningioma,1,0,0.039968155,0.9196714,0.040360432
153,112648,meningioma,1,0,0.0066393474,0.9377591,0.055601582
154,113435,meningioma,1,0,0.3822602,0.61567855,0.0020611882
155,113435,meningioma,1,0,0.0072016236,0.99223787,0.0005604938
156,113435,meningioma,1,0,0.007592665,0.9919003,0.0005069804
157,113435,meningioma,1,0,0.015637795,0.984088,0.00027431748
158,113435,meningioma,1,0,0.01978772,0.9801456,6.6715285e-05
159,113435,meningioma,1,0,0.035736244,0.9642446,1.921753e-05
163,113805,meningioma,1,0,0.6191781,0.38069287,0.00012904876
200,99089,meningioma,1,0,0.014840857,0.9845999,0.000559309
201,99089,meningioma,1,0,0.015007924,0.9848127,0.00017933
202,99089,meningioma,1,0,0.25542626,0.7445339,3.9870385e-05
203,99288,meningioma,1,0,0.092660874,0.9037321,0.0036070095
204,99308,meningioma,1,0,0.012814991,0.9855194,0.0016656949
205,99308,meningioma,1,0,0.08896117,0.9055341,0.005504725
206,99308,meningioma,1,0,0.20780316,0.78989697,0.0022997938
207,99308,meningioma,1,0,0.34452173,0.6552526,0.0002256844
208,99308,meningioma,1,0,0.4048426,0.5951128,4.452566e-05
246,102929,meningioma,1,0,0.00012770673,0.090163544,0.90970874
247,102929,meningioma,1,0,0.0011533415,0.2510079,0.74783874
248,102929,meningioma,1,0,0.0003833028,0.086507864,0.91310877
249,102929,meningioma,1,0,0.0001065036,0.044264887,0.9556286
250,102929,meningioma,1,0,0.00036818133,0.042905025,0.9567268
251,102929,meningioma,1,0,0.00015733586,0.06362968,0.936213
269,104167,meningioma,1,0,0.123914815,0.8193226,0.0567626
270,104167,meningioma,1,0,0.009192853,0.96238446,0.028422728
271,104167,meningioma,1,0,0.0051232358,0.9233335,0.07154324
272,104167,meningioma,1,0,0.01389046,0.86035883,0.12575069
273,104167,meningioma,1,0,0.032961365,0.95128113,0.015757468
274,104167,meningioma,1,0,0.19708233,0.7997841,0.0031335473
286,105937,meningioma,1,0,0.002964102,0.9793163,0.017719528
287,105937,meningioma,1,0,0.0002841612,0.9875743,0.012141528
288,105937,meningioma,1,0,0.0017448693,0.9935156,0.004739409
289,105937,meningioma,1,0,0.0037224079,0.98722225,0.009055408
297,106534,meningioma,1,0,0.0030831478,0.9890114,0.00790543
298,106534,meningioma,1,0,0.032465708,0.9672267,0.00030766608
304,106720,meningioma,1,0,0.07215171,0.7431838,0.1846645
305,106720,meningioma,1,0,0.75078136,0.09920237,0.1500163
306,106720,meningioma,1,0,0.044307657,0.50574255,0.4499498
307,106720,meningioma,1,0,0.028170308,0.90959764,0.06223203
308,106720,meningioma,1,0,0.18647201,0.8008561,0.01267189
309,106720,meningioma,1,0,0.5656608,0.43010306,0.0042361566
310,106720,meningioma,1,0,0.6962626,0.2807378,0.022999547
315,107190,meningioma,1,0,0.49392495,0.4810667,0.025008343
320,107494,meningioma,1,0,0.3337993,0.6652845,0.00091614516
321,107494,meningioma,1,0,0.25441292,0.74286795,0.0027191252
322,107494,meningioma,1,0,0.3386561,0.65996367,0.0013802444
323,107494,meningioma,1,0,0.5739002,0.4232965,0.0028032642
324,107494,meningioma,1,0,0.16804327,0.82989997,0.0020568143
325,107494,meningioma,1,0,0.062215548,0.93643624,0.0013481679
349,111077,meningioma,1,0,0.5433089,0.4546635,0.0020275288
350,111077,meningioma,1,0,0.21055524,0.7805288,0.008915992
351,111077,meningioma,1,0,0.21118397,0.7719852,0.016830895
352,111077,meningioma,1,0,0.012797896,0.9573726,0.02982947
379,112648,meningioma,1,0,0.002247931,0.97914803,0.018604027
380,112648,meningioma,1,0,0.00524387,0.975711,0.019045074
381,112648,meningioma,1,0,0.001477583,0.9672938,0.03122862
382,113435,meningioma,1,0,0.48461494,0.51505053,0.00033455418
383,113435,meningioma,1,0,0.0015928898,0.9959949,0.0024121199
384,113435,meningioma,1,0,0.24878782,0.7476547,0.003557449
385,113435,meningioma,1,0,0.80318075,0.19588743,0.00093177124
386,113435,meningioma,1,0,0.21149325,0.7845055,0.004001256
387,113435,meningioma,1,0,0.13721682,0.8553397,0.007443548
388,113435,meningioma,1,0,0.113026224,0.8276998,0.05927405
389,113435,meningioma,1,0,0.018230489,0.96916246,0.012607082
393,113805,meningioma,1,0,0.16256857,0.7484695,0.08896196
394,113805,meningioma,1,0,0.012363347,0.7679294,0.21970725
432,99089,meningioma,1,0,0.08828192,0.8945432,0.017174846
433,99089,meningioma,1,0,0.4200984,0.57097524,0.008926352
434,99089,meningioma,1,0,0.6950187,0.29791042,0.007070902
435,99089,meningioma,1,0,0.6015366,0.37081942,0.027644016
436,99089,meningioma,1,0,0.2969971,0.6651794,0.037823502
437,99288,meningioma,1,0,0.13595973,0.8628545,0.0011858441
438,99308,meningioma,1,0,0.9364262,0.058024663,0.0055491836
439,99308,meningioma,1,0,0.3392634,0.60436493,0.056371685
440,99308,meningioma,1,0,0.11488733,0.81487715,0.070235476
441,99308,meningioma,1,0,0.5020662,0.45975477,0.03817902
450,100639,meningioma,1,0,0.100242786,0.8965427,0.0032144876
451,100639,meningioma,1,0,0.0055222916,0.98746294,0.007014799
505,104167,meningioma,1,0,0.09279561,0.9071462,5.8219917e-05
506,104167,meningioma,1,0,0.016151818,0.9831198,0.00072842155
507,104167,meningioma,1,0,0.0050009736,0.99223423,0.0027647344
508,104167,meningioma,1,0,0.012552657,0.98526657,0.0021807547
509,104167,meningioma,1,0,0.004193054,0.9938006,0.002006442
520,105937,meningioma,1,0,0.0014174678,0.8868331,0.11174946
521,105937,meningioma,1,0,0.0005256356,0.8571639,0.14231047
522,105937,meningioma,1,0,0.0061225025,0.9469054,0.046972185
530,106534,meningioma,1,0,0.006944564,0.9343071,0.058748335
531,106534,meningioma,1,0,0.020535132,0.91288966,0.06657516
540,106720,meningioma,1,0,0.07816048,0.9218382,1.2718527e-06
541,106720,meningioma,1,0,0.15488204,0.8448215,0.0002964077
542,106720,meningioma,1,0,0.0049648536,0.9947189,0.00031630494
550,107190,meningioma,1,0,0.0101284105,0.9739836,0.015887937
556,107494,meningioma,1,0,0.20741525,0.7778169,0.014767874
557,107494,meningioma,1,0,0.39669412,0.6009978,0.0023081326
558,107494,meningioma,1,0,0.023913695,0.96218514,0.013901247
559,107494,meningioma,1,0,0.0094273,0.70480967,0.28576303
586,111077,meningioma,1,0,0.018798571,0.96888876,0.012312689
587,111077,meningioma,1,0,0.00072471384,0.9960062,0.0032691234
588,111077,meningioma,1,0,0.007837459,0.9903718,0.0017906356
615,112648,meningioma,1,0,0.1817636,0.81760263,0.0006337674
616,112648,meningioma,1,0,0.0714642,0.9225921,0.0059435912
617,112648,meningioma,1,0,0.04858984,0.91286224,0.038547937
618,112648,meningioma,1,0,0.00840964,0.6826893,0.30890107
625,113435,meningioma,1,0,0.09891898,0.8860944,0.014986514
626,113435,meningioma,1,0,0.009496354,0.97372025,0.016783353
627,113435,meningioma,1,0,0.024662757,0.94256586,0.032771338
628,113435,meningioma,1,0,0.0037329562,0.6231015,0.3731656
629,113435,meningioma,1,0,0.009532309,0.90789545,0.08257228
630,113435,meningioma,1,0,0.13304786,0.7972784,0.06967372
635,113614,meningioma,1,0,0.7812862,0.21831356,0.00040023768
636,113614,meningioma,1,0,0.54224783,0.45638284,0.0013692945
637,113614,meningioma,1,0,0.5180115,0.4818282,0.00016030217
638,113614,meningioma,1,0,0.6717051,0.32828757,7.3291344e-06
639,113805,meningioma,1,0,0.057821196,0.8241264,0.118052326
688,99089,meningioma,1,0,0.004127776,0.97592235,0.019949827
689,99089,meningioma,1,0,0.005654514,0.9812789,0.013066653
690,99089,meningioma,1,0,0.0034874498,0.98745,0.009062534
691,99089,meningioma,1,0,0.010555248,0.9856695,0.0037752928
692,99089,meningioma,1,0,0.12363396,0.87127084,0.005095137
696,99288,meningioma,1,0,0.010004502,0.97531587,0.014679638
697,99308,meningioma,1,0,0.12724599,0.670458,0.20229597
698,99308,meningioma,1,0,0.07133422,0.7734186,0.15524717
699,99308,meningioma,1,0,0.9571096,0.03392819,0.008962293
700,99308,meningioma,1,0,0.94958615,0.048031546,0.0023822715
701,99308,meningioma,1,0,0.1838009,0.79368937,0.022509687
702,99308,meningioma,1,0,0.03649394,0.9551492,0.008356975
709,105936,pituitary,2,0,1.7913086e-07,0.004061537,0.9959383
710,105936,pituitary,2,0,1.2272386e-08,0.0073034447,0.9926965
711,105936,pituitary,2,0,3.194396e-08,0.004625725,0.99537426
729,106494,glioma,0,0,0.09727138,0.89099306,0.011735513
730,106494,glioma,0,0,0.5620023,0.41291612,0.025081595
731,106494,glioma,0,0,0.7100117,0.2815415,0.00844678
732,106494,glioma,0,0,0.112630785,0.87674046,0.0106287375
733,106494,glioma,0,0,0.12469058,0.8706602,0.0046491926
734,106494,glioma,0,0,0.03433958,0.9629196,0.0027407764
735,107747,glioma,0,0,0.20492135,0.7861745,0.008904183
736,107747,glioma,0,0,0.12590735,0.8728946,0.0011980053
737,107747,glioma,0,0,0.31542388,0.6836825,0.0008935777
738,107747,glioma,0,0,0.7382499,0.26140606,0.00034409788
739,107747,glioma,0,0,0.06275198,0.93718135,6.673548e-05
740,112105,glioma,0,0,0.76659566,0.13909931,0.09430501
741,112105,glioma,0,0,0.03226439,0.8739257,0.093809985
742,112105,glioma,0,0,0.86197746,0.12991016,0.008112385
743,112105,glioma,0,0,0.6226213,0.32848153,0.04889714
744,112105,glioma,0,0,0.23640347,0.6990911,0.06450537
745,112105,glioma,0,0,0.19777422,0.78370136,0.018524392
746,112105,glioma,0,0,0.117919184,0.86423564,0.01784511
768,106494,glioma,0,0,0.72063166,0.27550483,0.0038634997
769,106494,glioma,0,0,0.64122325,0.34360495,0.0151717765
770,106494,glioma,0,0,0.9916289,0.008319939,5.1240255e-05
771,106494,glioma,0,0,0.9674133,0.03221081,0.00037587454
772,106494,glioma,0,0,0.73717153,0.26161346,0.0012150176
773,107747,glioma,0,0,0.117012374,0.87924045,0.0037472101
774,107747,glioma,0,0,0.05134472,0.9439708,0.0046844725
775,107747,glioma,0,0,0.7570991,0.23830736,0.0045934943
776,107747,glioma,0,0,0.70888287,0.28706986,0.004047296
777,107747,glioma,0,0,0.50122964,0.49093863,0.007831721
778,107747,glioma,0,0,0.25272426,0.7082429,0.03903283
781,112105,glioma,0,0,0.30884403,0.68744785,0.003708114
782,112105,glioma,0,0,0.9754252,0.024217734,0.00035715228
783,112105,glioma,0,0,0.14631552,0.8497486,0.0039358395
784,112105,glioma,0,0,0.9935434,0.006094342,0.0003622849
785,112105,glioma,0,0,0.920971,0.07631266,0.0027164004
786,112105,glioma,0,0,0.9967604,0.0027245039,0.0005151131
787,112105,glioma,0,0,0.616526,0.3565523,0.0269217
788,112105,glioma,0,0,0.10082749,0.8896693,0.009503258
789,112105,glioma,0,0,0.48963428,0.5081221,0.0022436664
790,112105,glioma,0,0,0.9819036,0.01793974,0.00015659022
791,112105,glioma,0,0,0.8464097,0.15151986,0.0020704914
846,106494,glioma,0,0,0.39540902,0.6044277,0.00016326894
847,106494,glioma,0,0,0.7503813,0.20519546,0.04442322
848,106494,glioma,0,0,0.8961592,0.10136089,0.0024799271
849,106494,glioma,0,0,0.9356612,0.038339183,0.025999667
850,106494,glioma,0,0,0.99556834,0.0040405584,0.00039109754
851,106494,glioma,0,0,0.27289724,0.70794916,0.0191536
852,106494,glioma,0,0,0.75927204,0.23752503,0.003202942
853,107747,glioma,0,0,0.4017867,0.5859918,0.01222144
854,107747,glioma,0,0,0.71110237,0.2711594,0.017738167
855,107747,glioma,0,0,0.9007947,0.09208538,0.0071198973
856,107747,glioma,0,0,0.15716547,0.6473324,0.19550215
859,112105,glioma,0,0,0.9908992,0.009078562,2.2204404e-05
860,112105,glioma,0,0,0.97830224,0.02118231,0.0005155057
861,112105,glioma,0,0,0.6393016,0.34232503,0.018373419
862,112105,glioma,0,0,0.89758176,0.09018193,0.012236308
863,112105,glioma,0,0,0.34542552,0.4026076,0.25196692
864,112105,glioma,0,0,0.897956,0.0936541,0.008389973
883,93329,glioma,0,0,0.69618464,0.23439513,0.069420226
884,93329,glioma,0,0,0.09001269,0.80006325,0.10992408
885,93329,glioma,0,0,0.17380033,0.75754255,0.06865715
886,93329,glioma,0,0,0.08658936,0.78407305,0.12933755
887,93329,glioma,0,0,0.035778604,0.77397037,0.19025101
895,95142,glioma,0,0,0.17982636,0.25461993,0.5655537
896,95142,glioma,0,0,0.009732705,0.21228594,0.77798134
897,95142,glioma,0,0,0.01644818,0.24695945,0.7365924
898,95142,glioma,0,0,0.16282633,0.287225,0.5499487
899,95142,glioma,0,0,0.8205249,0.068148665,0.111326456
900,95142,glioma,0,0,0.95806056,0.024734441,0.017205065
901,95142,glioma,0,0,0.9622453,0.035353564,0.002401226
902,95142,glioma,0,0,0.711118,0.2804967,0.008385268
903,95142,glioma,0,0,0.7100769,0.28679556,0.003127501
918,105936,pituitary,2,0,1.519617e-06,0.0002727215,0.99972576
919,105936,pituitary,2,0,4.4254423e-07,0.00025844824,0.99974114
920,105936,pituitary,2,0,2.4935e-06,0.00029329688,0.9997042
921,105936,pituitary,2,0,5.396624e-06,0.00031318513,0.9996815
926,107495,pituitary,2,0,2.7704815e-05,0.00790509,0.9920672
927,107495,pituitary,2,0,5.959301e-06,0.0112614725,0.9887326
928,107495,pituitary,2,0,2.304835e-06,0.0048469296,0.9951507
929,107495,pituitary,2,0,3.5086694e-06,0.0058478275,0.99414873
930,107495,pituitary,2,0,9.8705976e-05,0.007894611,0.9920067
931,107495,pituitary,2,0,0.0001855375,0.02548662,0.97432786
932,107495,pituitary,2,0,0.0004650104,0.026745146,0.9727898
976,110993,pituitary,2,0,0.0075769955,0.03800205,0.9544209
977,110993,pituitary,2,0,0.00011163327,0.01662316,0.98326516
978,110993,pituitary,2,0,5.941788e-05,0.0074314447,0.9925092
979,110993,pituitary,2,0,0.00061161665,0.003917962,0.9954704
990,111785,pituitary,2,0,0.0001681168,0.02691677,0.97291505
991,111785,pituitary,2,0,0.00069113803,0.07417229,0.9251365
992,111785,pituitary,2,0,0.0003863964,0.2997675,0.6998461
993,111785,pituitary,2,0,1.9506318e-05,0.43453994,0.56544054
1034,105936,pituitary,2,0,7.778987e-06,0.00025409702,0.99973816
1042,107495,pituitary,2,0,1.0408953e-05,0.021749761,0.97823983
1043,107495,pituitary,2,0,9.279168e-05,0.008013903,0.9918933
1044,107495,pituitary,2,0,0.0009234838,0.0096835205,0.989393
1045,107495,pituitary,2,0,1.5016695e-06,0.006922389,0.9930761
1046,107495,pituitary,2,0,1.1637929e-05,0.0014394928,0.9985488
1107,110993,pituitary,2,0,2.4528905e-05,0.004210876,0.9957646
1108,110993,pituitary,2,0,2.3614316e-06,0.00062693557,0.99937075
1109,110993,pituitary,2,0,6.434853e-06,0.0014368846,0.9985567
1110,110993,pituitary,2,0,6.777557e-06,0.0014021357,0.9985911
1111,110993,pituitary,2,0,3.214904e-06,0.00052914757,0.9994677
1124,111785,pituitary,2,0,4.1938215e-06,0.00075771904,0.99923813
1125,111785,pituitary,2,0,2.6633559e-06,0.0005498628,0.9994475
1126,111785,pituitary,2,0,1.9759948e-06,0.00040516257,0.99959284
1127,111785,pituitary,2,0,2.9067825e-05,0.00084674684,0.9991242
1128,111785,pituitary,2,0,0.00040184363,0.0019314145,0.9976667
1166,105936,pituitary,2,0,8.2136324e-08,1.26266295e-05,0.99998724
1167,105936,pituitary,2,0,3.3577552e-09,7.3279757e-06,0.9999926
1168,105936,pituitary,2,0,3.442686e-08,2.4269671e-05,0.9999757
1176,107495,pituitary,2,0,0.00023601548,0.002407096,0.9973569
1177,107495,pituitary,2,0,5.5573517e-05,0.0036044777,0.9963399
1178,107495,pituitary,2,0,2.0465563e-06,0.0010085235,0.9989894
1179,107495,pituitary,2,0,1.1995277e-05,0.0009993687,0.99898857
1180,107495,pituitary,2,0,1.4177165e-06,0.00038763482,0.99961096
1181,107495,pituitary,2,0,0.00013101293,0.0067274496,0.9931416
1230,110993,pituitary,2,0,2.3473782e-05,7.6192766e-05,0.99990034
1231,110993,pituitary,2,0,1.720349e-05,3.2759384e-05,0.99995005
1232,110993,pituitary,2,0,0.00012149906,0.00025025272,0.9996282
1242,111785,pituitary,2,0,0.0004996798,0.008599276,0.9909011
1243,111785,pituitary,2,0,6.382573e-05,0.006382087,0.9935541
1244,111785,pituitary,2,0,7.604704e-05,0.0014247113,0.9984993
1245,111785,pituitary,2,0,0.00010703421,0.00592518,0.9939678
1301,103046,pituitary,2,0,3.8048736e-07,0.005414463,0.9945852
1302,103046,pituitary,2,0,4.4073957e-08,0.000116032796,0.9998839
1303,103046,pituitary,2,0,5.260543e-08,0.00071876094,0.9992812
1326,103671,pituitary,2,0,0.025227573,0.7355104,0.23926203
1327,103671,pituitary,2,0,0.00087791256,0.71940476,0.27971733
1328,103671,pituitary,2,0,0.009943246,0.81753594,0.17252079
1329,103671,pituitary,2,0,0.0024131937,0.5379582,0.45962864
1360,104684,pituitary,2,0,2.0545578e-05,0.02149892,0.9784806
1361,104684,pituitary,2,0,8.475347e-06,0.009005378,0.9909862
1362,104684,pituitary,2,0,2.0784764e-06,0.013712014,0.98628587
1363,104684,pituitary,2,0,2.4142568e-07,0.002967202,0.9970325
1364,104684,pituitary,2,0,1.1861766e-06,0.021233497,0.9787653
1365,104684,pituitary,2,0,5.793901e-06,0.040264733,0.9597295
1366,104684,pituitary,2,0,1.0298442e-05,0.02143844,0.97855127
1367,104684,pituitary,2,0,1.577564e-05,0.028015237,0.97196895
1368,104684,pituitary,2,0,4.6372345e-05,0.19684696,0.80310667
1369,104912,pituitary,2,0,1.7657632e-05,0.00041986495,0.99956244
1370,104912,pituitary,2,0,0.00010153342,0.0015323943,0.99836606
1371,104912,pituitary,2,0,6.9945204e-06,0.0015836582,0.99840933
1372,104912,pituitary,2,0,2.3217377e-05,0.005125788,0.99485093
1373,104912,pituitary,2,0,8.312501e-05,0.006915567,0.99300134
1383,105638,pituitary,2,0,3.1043996e-08,0.0006784435,0.9993216
1384,105638,pituitary,2,0,6.091554e-08,0.0022826833,0.99771726
1385,105638,pituitary,2,0,4.4313488e-08,0.0036767721,0.9963232
1414,98472,pituitary,2,0,2.1069444e-07,0.00055357785,0.9994462
1415,98472,pituitary,2,0,6.227529e-08,0.00032371565,0.9996762
1416,98472,pituitary,2,0,7.431337e-06,0.003087025,0.9969055
1417,98472,pituitary,2,0,7.3331003e-06,0.0073826155,0.99261004
1418,98472,pituitary,2,0,8.7042245e-06,0.05569467,0.9442966
1419,98472,pituitary,2,0,3.7877721e-06,0.07495548,0.9250407
1420,98472,pituitary,2,0,1.0652449e-05,0.008273156,0.9917162
1430,98874,pituitary,2,0,0.00036852574,0.016771974,0.98285955
1431,98874,pituitary,2,0,1.5624353e-05,0.012381756,0.98760265
1432,98874,pituitary,2,0,6.145264e-06,0.010726157,0.98926765
1433,98874,pituitary,2,0,8.8408604e-05,0.08727689,0.91263473
1434,98874,pituitary,2,0,0.000159372,0.101826854,0.8980138
1442,98995,pituitary,2,0,1.6514241e-06,0.022722786,0.97727555
1443,98995,pituitary,2,0,2.646596e-07,0.083796404,0.9162033
1444,98995,pituitary,2,0,1.0794056e-06,0.2520539,0.747945
1445,98995,pituitary,2,0,1.1344928e-06,0.4148864,0.5851125
1446,98995,pituitary,2,0,1.5427402e-06,0.23478477,0.7652137
1447,99223,pituitary,2,0,0.0007244279,0.3826203,0.61665523
1448,99223,pituitary,2,0,0.0114553785,0.5338912,0.45465344
1449,99223,pituitary,2,0,0.0011779947,0.57483584,0.42398614
1450,99223,pituitary,2,0,0.0025920463,0.6157419,0.38166603
1451,99223,pituitary,2,0,0.014807647,0.4507164,0.534476
1452,99223,pituitary,2,0,0.00047879436,0.49580628,0.503715
1453,99223,pituitary,2,0,0.00022270544,0.24864683,0.7511304
1454,99223,pituitary,2,0,0.0004799882,0.32932156,0.67019844
1455,99223,pituitary,2,0,0.0021952153,0.058963034,0.9388417
1489,103046,pituitary,2,0,1.0696862e-06,0.00065218157,0.9993468
1490,103046,pituitary,2,0,4.8760267e-06,0.0031875079,0.9968077
1491,103046,pituitary,2,0,8.993617e-06,0.0028477735,0.9971432
1492,103046,pituitary,2,0,1.1301154e-06,0.0010904818,0.9989084
1515,103671,pituitary,2,0,0.00020273695,0.04605302,0.95374423
1516,103671,pituitary,2,0,2.1784932e-05,0.003717281,0.99626094
1517,103671,pituitary,2,0,1.4724399e-05,0.010376942,0.98960835
1518,103671,pituitary,2,0,2.8424904e-06,0.003753117,0.9962441
1519,103671,pituitary,2,0,0.00011010805,0.02514725,0.97474265
1520,103671,pituitary,2,0,2.0556981e-05,0.006309976,0.99366945
1545,104684,pituitary,2,0,0.7462911,0.0815794,0.17212954
1546,104684,pituitary,2,0,0.0819027,0.419593,0.49850437
1547,104684,pituitary,2,0,0.01726857,0.48101357,0.5017179
1548,104684,pituitary,2,0,0.010290761,0.7255603,0.26414895
1549,104684,pituitary,2,0,0.007964802,0.8798544,0.11218089
1550,104684,pituitary,2,0,0.010384359,0.7272264,0.26238927
1551,104684,pituitary,2,0,0.0026966147,0.37602818,0.6212752
1552,104912,pituitary,2,0,9.130048e-05,0.0024928134,0.9974159
1553,104912,pituitary,2,0,8.7698034e-05,0.0010400862,0.9988722
1554,104912,pituitary,2,0,0.00022586316,0.006629374,0.99314475
1555,104912,pituitary,2,0,1.6463671e-05,0.0038513942,0.99613214
1556,104912,pituitary,2,0,4.8139787e-05,0.0016032379,0.9983486
1568,105638,pituitary,2,0,7.2750913e-06,0.0033710562,0.9966216
1569,105638,pituitary,2,0,1.569783e-06,0.002837011,0.9971614
1570,105638,pituitary,2,0,7.962747e-06,0.012660318,0.9873317
1571,105638,pituitary,2,0,4.6917185e-07,0.0034446025,0.996555
1572,105638,pituitary,2,0,7.919143e-07,0.01604879,0.9839504
1600,98472,pituitary,2,0,1.7686778e-05,0.004203519,0.9957788
1601,98472,pituitary,2,0,3.1562765e-06,0.0035504324,0.99644643
1602,98472,pituitary,2,0,3.8939484e-06,0.005769905,0.9942263
1603,98472,pituitary,2,0,1.876241e-06,0.0076525123,0.99234563
1604,98472,pituitary,2,0,1.6202112e-06,0.0010426976,0.9989556
1616,98874,pituitary,2,0,0.00033283647,0.16521966,0.8344475
1617,98874,pituitary,2,0,0.000773108,0.11480595,0.88442093
1618,98874,pituitary,2,0,0.001249762,0.34415516,0.654595
1619,98874,pituitary,2,0,6.824672e-05,0.19429497,0.80563676
1620,98874,pituitary,2,0,2.7640193e-05,0.108209655,0.8917627
1628,98995,pituitary,2,0,0.0004600695,0.017722718,0.98181725
1629,98995,pituitary,2,0,1.5383557e-05,0.023414839,0.9765697
1630,98995,pituitary,2,0,1.6227334e-05,0.029922077,0.9700617
1631,98995,pituitary,2,0,8.631194e-06,0.012623551,0.9873678
1632,98995,pituitary,2,0,3.9769025e-06,0.004643185,0.99535286
1633,98995,pituitary,2,0,9.075038e-06,0.0060886354,0.9939023
1634,99223,pituitary,2,0,0.00013130295,0.013208314,0.98666036
1635,99223,pituitary,2,0,2.7414557e-05,0.0117718335,0.9882008
1636,99223,pituitary,2,0,3.4764867e-05,0.016026568,0.98393863
1637,99223,pituitary,2,0,1.5568683e-05,0.0056005614,0.9943838
1638,99223,pituitary,2,0,6.897194e-05,0.007354236,0.9925768
1639,99223,pituitary,2,0,3.9209248e-05,0.0070253783,0.99293536
1673,103046,pituitary,2,0,5.0828595e-07,0.0002529562,0.9997465
1674,103046,pituitary,2,0,4.4236253e-07,0.0012233782,0.99877614
1675,103046,pituitary,2,0,3.6520844e-06,0.0008813262,0.99911505
1676,103046,pituitary,2,0,2.8661852e-06,0.0010162547,0.9989808
1704,103671,pituitary,2,0,0.00017537859,0.006265999,0.9935586
1705,103671,pituitary,2,0,0.0001866537,0.0068262815,0.9929871
1706,103671,pituitary,2,0,0.00036787885,0.009888921,0.9897432
1707,103671,pituitary,2,0,0.00060416997,0.028233973,0.9711619
1708,103671,pituitary,2,0,0.0010716752,0.016668817,0.9822595
1734,104684,pituitary,2,0,1.0681286e-05,0.0056339754,0.9943553
1735,104684,pituitary,2,0,7.073878e-05,0.0114042545,0.988525
1736,104684,pituitary,2,0,1.1036639e-06,0.0002773534,0.99972147
1737,104684,pituitary,2,0,8.2688103e-07,0.00060013286,0.99939907
1738,104684,pituitary,2,0,1.8630662e-05,0.01537469,0.98460674
1739,104684,pituitary,2,0,4.7958024e-06,0.011828605,0.98816663
1740,104684,pituitary,2,0,3.0348356e-05,0.0049877525,0.99498194
1741,104912,pituitary,2,0,0.0041916603,0.23742728,0.75838107
1742,104912,pituitary,2,0,0.00019147934,0.01964089,0.9801676
1743,104912,pituitary,2,0,0.0022041714,0.18004249,0.8177534
1744,104912,pituitary,2,0,0.00033051084,0.1518627,0.84780675
1745,104912,pituitary,2,0,0.00047663884,0.07005439,0.929469
1746,104912,pituitary,2,0,0.001183763,0.15021285,0.84860337
1747,104912,pituitary,2,0,0.0022429866,0.65183467,0.34592232
1761,105638,pituitary,2,0,5.6487347e-06,0.00016143941,0.99983287
1762,105638,pituitary,2,0,1.6124317e-06,0.0008607053,0.99913764
1763,105638,pituitary,2,0,4.208563e-07,8.28692e-05,0.9999167
1764,105638,pituitary,2,0,4.0427497e-07,2.3503604e-05,0.99997604
1765,105638,pituitary,2,0,5.704404e-08,1.9847386e-05,0.9999801
1795,98472,pituitary,2,0,2.7137762e-06,0.0011947245,0.99880254
1796,98472,pituitary,2,0,1.7367482e-07,0.0011540786,0.9988457
1797,98472,pituitary,2,0,9.786263e-07,0.0015054094,0.99849355
1798,98472,pituitary,2,0,2.1744843e-07,0.00014597441,0.99985373
1799,98472,pituitary,2,0,5.0337513e-07,0.00045517876,0.9995443
1800,98472,pituitary,2,0,1.8520647e-06,0.0010326536,0.9989655
1813,98874,pituitary,2,0,0.0013078084,0.10587876,0.89281344
1814,98874,pituitary,2,0,0.0002562859,0.023328256,0.97641546
1815,98874,pituitary,2,0,0.00047935446,0.0145495385,0.9849711
1816,98874,pituitary,2,0,0.02405588,0.03959858,0.9363455
1817,98874,pituitary,2,0,0.0009936285,0.02784616,0.97116023
1818,98874,pituitary,2,0,0.008427998,0.07654161,0.9150304
1830,98995,pituitary,2,0,4.1810654e-06,0.0146516925,0.9853441
1831,98995,pituitary,2,0,6.299399e-07,0.01352177,0.9864776
1832,98995,pituitary,2,0,4.017769e-06,0.013869376,0.9861266
1833,98995,pituitary,2,0,4.7881326e-06,0.022291068,0.97770417
1834,98995,pituitary,2,0,1.8809673e-06,0.017312963,0.98268515
1835,99223,pituitary,2,0,8.496806e-06,0.00048619104,0.9995053
1836,99223,pituitary,2,0,7.204497e-05,0.0009846821,0.99894327
1837,99223,pituitary,2,0,0.011257519,0.0018977779,0.98684466
1838,99223,pituitary,2,0,6.910471e-06,0.00025235506,0.9997408
1839,99223,pituitary,2,0,1.9530937e-06,0.00020930832,0.9997887
1840,99223,pituitary,2,0,4.721137e-06,0.0006061829,0.99938905
1862,MR048944,glioma,0,0,0.8995419,0.09551389,0.0049442262
1863,MR048944,glioma,0,0,0.78857267,0.20616934,0.0052580354
1864,MR048944,glioma,0,0,0.07017835,0.9187661,0.011055663
1865,MR048944,glioma,0,0,0.22990537,0.7443777,0.025716938
1866,MR048944,glioma,0,0,0.83692175,0.15737405,0.005704173
1867,MR048944,glioma,0,0,0.6444272,0.34928092,0.0062918817
1868,MR048944,glioma,0,0,0.1731592,0.8238189,0.0030218407
1869,MR048944,glioma,0,0,0.42874566,0.5702597,0.0009946619
1914,MR049453,glioma,0,0,1.0,8.060244e-09,2.1306713e-08
1915,MR049453,glioma,0,0,0.9999993,2.3298853e-07,5.0925786e-07
1916,MR049453,glioma,0,0,0.9999999,1.6658658e-08,6.782452e-08
1917,MR049453,glioma,0,0,1.0,4.926731e-10,4.6759663e-09
1918,MR049453,glioma,0,0,0.9999999,2.9071261e-08,8.845243e-08
1919,MR049453,glioma,0,0,0.99999976,1.3256494e-07,1.5097635e-07
1920,MR049453,glioma,0,0,0.9999994,3.43099e-07,2.6802883e-07
1937,MR049453B,glioma,0,0,0.99999976,2.9244982e-09,2.6525592e-07
1938,MR049453B,glioma,0,0,0.99999404,6.5753326e-08,5.823628e-06
1939,MR049453B,glioma,0,0,0.9999919,1.6627646e-07,8.0039445e-06
1940,MR049453B,glioma,0,0,0.9999932,6.48618e-07,6.1638784e-06
1941,MR049453B,glioma,0,0,0.99999785,4.4422683e-07,1.627093e-06
1942,MR049453B,glioma,0,0,0.99999523,1.5130179e-06,3.185752e-06
1943,MR049453B,glioma,0,0,0.99999976,9.022607e-08,1.4606277e-07
1944,MR049453B,glioma,0,0,0.9999933,6.137068e-06,5.404435e-07
1984,MR049019C,glioma,0,0,0.99999106,4.945876e-06,4.0452614e-06
1985,MR049019C,glioma,0,0,0.99994814,4.687856e-05,5.0167723e-06
1986,MR049019C,glioma,0,0,0.9987832,0.0012042163,1.2629454e-05
2032,MR051651,glioma,0,0,0.7171822,0.2695129,0.013304864
2033,MR051651,glioma,0,0,0.1322939,0.85400736,0.013698804
2034,MR051651,glioma,0,0,0.12926584,0.8630728,0.007661335
2035,MR051651,glioma,0,0,0.25899693,0.735973,0.005030038
2036,MR051651,glioma,0,0,0.39733085,0.6018922,0.000776967
2037,MR051651,glioma,0,0,0.18410262,0.8154173,0.00048014437
2045,MR051651B,glioma,0,0,0.94618803,0.045650516,0.008161443
2046,MR051651B,glioma,0,0,0.77047163,0.20156261,0.027965762
2047,MR051651B,glioma,0,0,0.8553506,0.11146686,0.03318247
2048,MR051651B,glioma,0,0,0.9540918,0.042427156,0.0034810356
2049,MR051651B,glioma,0,0,0.9120508,0.08523914,0.0027101021
2050,MR051651B,glioma,0,0,0.9748257,0.024269067,0.00090526027
2051,MR051644B,glioma,0,0,1.0,1.271477e-11,2.191995e-09
2052,MR051644B,glioma,0,0,1.0,1.8714025e-11,1.6019767e-09
2053,MR051644B,glioma,0,0,1.0,8.970122e-11,2.6393852e-09
2054,MR051644B,glioma,0,0,1.0,9.592607e-10,3.8557047e-08
2055,MR051644B,glioma,0,0,0.9999999,3.2695425e-08,1.2806369e-07
2056,MR051644B,glioma,0,0,0.9999999,1.2754622e-08,7.362774e-08
2057,MR051644B,glioma,0,0,0.99999976,6.031965e-08,8.330139e-08
2077,MR049942B,glioma,0,0,0.9998573,3.010901e-05,0.000112487105
2078,MR049942B,glioma,0,0,0.9999945,6.118494e-07,4.899748e-06
2079,MR049942B,glioma,0,0,0.9999993,3.1238844e-08,6.6460166e-07
2109,MR056144,glioma,0,0,0.9999261,5.2540756e-05,2.1385375e-05
2110,MR056144,glioma,0,0,0.99998,1.2540625e-05,7.495787e-06
2111,MR056144,glioma,0,0,0.999928,6.052181e-05,1.1485081e-05
2112,MR034997,glioma,0,0,0.9998123,0.000166238,2.1420372e-05
2113,MR034997,glioma,0,0,0.99999845,7.883442e-07,7.3533215e-07
2114,MR034997,glioma,0,0,0.9999974,1.5886536e-06,1.0136575e-06
2115,MR034997,glioma,0,0,0.9999995,1.1761142e-07,3.6994194e-07
2116,MR034997,glioma,0,0,0.9999999,4.9607475e-08,1.6465358e-07
2117,MR034997,glioma,0,0,1.0,2.4734375e-08,2.2851223e-08
2118,MR034997,glioma,0,0,0.99999774,1.6398199e-06,6.4017723e-07
2119,MR029209E,glioma,0,0,0.9999999,3.5063092e-08,1.7736629e-07
2120,MR029209E,glioma,0,0,0.99999976,4.5448285e-08,1.8297816e-07
2121,MR029209E,glioma,0,0,1.0,2.1946947e-08,1.4439298e-08
2122,MR029209E,glioma,0,0,1.0,9.24152e-09,1.4494622e-08
2123,MR029209E,glioma,0,0,0.99999857,1.0821865e-06,3.7349858e-07
2124,MR029209E,glioma,0,0,0.9999963,2.725849e-06,9.68024e-07
2125,MR029209E,glioma,0,0,0.9999895,8.340794e-06,2.1976691e-06
2126,MR029209E,glioma,0,0,0.9999826,1.4273584e-05,3.0512854e-06
2127,MR029209E,glioma,0,0,0.99991786,7.558753e-05,6.579806e-06
2216,MR029209G,glioma,0,0,0.99999976,1.1932465e-07,7.881885e-08
2217,MR029209G,glioma,0,0,0.9999995,1.9959876e-07,1.9499792e-07
2218,MR029209G,glioma,0,0,0.99999917,4.643031e-07,3.190296e-07
2219,MR029209G,glioma,0,0,0.99999046,6.310503e-06,3.1967631e-06
2220,MR029209G,glioma,0,0,0.9999876,7.2898874e-06,5.106932e-06
2221,MR029209G,glioma,0,0,0.99995637,3.3011936e-05,1.058164e-05
2222,MR029209G,glioma,0,0,0.99997926,1.706337e-05,3.6516685e-06
2223,MR029209G,glioma,0,0,0.9999727,2.5915593e-05,1.4578487e-06
2270,MR049453,glioma,0,0,1.0,8.942099e-09,3.4967254e-08
2271,MR049453,glioma,0,0,0.99999976,7.727357e-08,6.406167e-08
2272,MR049453,glioma,0,0,0.9999994,3.971608e-07,2.0782913e-07
2273,MR049453,glioma,0,0,0.9999974,1.42088e-06,1.1472496e-06
2274,MR049453,glioma,0,0,0.9999788,1.5415244e-05,5.8447317e-06
2275,MR049453,glioma,0,0,0.9998184,0.000106939115,7.478258e-05
2276,MR049453,glioma,0,0,0.9999794,1.4125394e-05,6.5110207e-06
2277,MR049453,glioma,0,0,0.9997708,0.00022064064,8.561525e-06
2278,MR049453,glioma,0,0,0.99996984,2.948877e-05,7.1534225e-07
2286,MR049453B,glioma,0,0,0.9986694,0.0013240132,6.722428e-06
2287,MR049453B,glioma,0,0,0.9633368,0.036545526,0.00011764546
2288,MR049453B,glioma,0,0,0.9999964,9.831801e-07,2.5780812e-06
2289,MR049453B,glioma,0,0,0.9999962,1.6606128e-06,2.2041022e-06
2290,MR049453B,glioma,0,0,0.9999974,1.2749325e-06,1.3645407e-06
2291,MR049453B,glioma,0,0,0.99999845,6.9582775e-08,1.4886111e-06
2292,MR049453B,glioma,0,0,0.9980825,0.0019015911,1.5953867e-05
2293,MR049453B,glioma,0,0,0.99893147,0.0010245462,4.389444e-05
2294,MR049453B,glioma,0,0,0.99877316,0.0011795935,4.7258945e-05
2295,MR049453B,glioma,0,0,0.9994754,0.00040187265,0.00012273162
2296,MR049453B,glioma,0,0,0.99995995,1.8768202e-05,2.1374964e-05
2297,MR049453B,glioma,0,0,0.9998696,2.3370378e-05,0.00010701367
2298,MR049453B,glioma,0,0,0.9998834,2.4796287e-05,9.174448e-05
2299,MR049453B,glioma,0,0,0.9999912,5.807757e-07,8.211182e-06
2321,MR049019C,glioma,0,0,0.99999654,9.3468674e-07,2.5446461e-06
2322,MR049019C,glioma,0,0,0.9999944,2.3183961e-06,3.3350473e-06
2323,MR049019C,glioma,0,0,0.99996567,9.277157e-06,2.5083058e-05
2324,MR049019C,glioma,0,0,0.99998844,4.3483765e-06,7.3269734e-06
2325,MR049019C,glioma,0,0,0.9994986,0.000347019,0.00015443095
2426,MR048944,glioma,0,0,0.99999976,1.828557e-07,1.2665651e-08
2427,MR048944,glioma,0,0,0.9999958,3.7925286e-06,3.7430806e-07
2428,MR048944,glioma,0,0,0.9999989,9.911793e-07,8.562228e-08
2429,MR048944,glioma,0,0,0.99999857,1.3306616e-06,1.4489689e-07
2430,MR048944,glioma,0,0,0.9999982,1.694815e-06,1.5937924e-07
2431,MR048944,glioma,0,0,0.99999785,1.8565175e-06,2.4728814e-07
2432,MR048944,glioma,0,0,0.9999583,3.517046e-05,6.6139573e-06
2433,MR048944,glioma,0,0,0.9998487,0.00012469964,2.6530317e-05
2434,MR048944,glioma,0,0,0.9999925,5.741621e-06,1.8020027e-06
2463,MR029209G,glioma,0,0,0.9999877,9.393185e-06,2.8223503e-06
2464,MR029209G,glioma,0,0,0.9974847,0.0023138672,0.0002014223
2465,MR029209G,glioma,0,0,0.9997385,0.00022539424,3.6165333e-05
2466,MR029209G,glioma,0,0,0.99980885,0.0001749479,1.6268685e-05
2467,MR029209G,glioma,0,0,0.9999497,4.3039297e-05,7.281274e-06
2468,MR029209G,glioma,0,0,0.9992884,0.00068221195,2.9400378e-05
2469,MR029209G,glioma,0,0,0.9412252,0.05857111,0.00020378757
2566,MR051651,glioma,0,0,0.6966453,0.30296996,0.00038472077
2567,MR051651,glioma,0,0,0.9557454,0.043978777,0.00027585155
2568,MR051651,glioma,0,0,0.99520844,0.004730805,6.078576e-05
2569,MR051651,glioma,0,0,0.9915833,0.008308127,0.00010858303
2570,MR051651,glioma,0,0,0.9983163,0.0015427793,0.000140859
2571,MR051651,glioma,0,0,0.9998374,0.0001227783,3.97984e-05
2572,MR051651,glioma,0,0,0.9991385,0.000542672,0.00031886587
2579,MR051651B,glioma,0,0,0.9777173,0.022182845,9.986034e-05
2580,MR051651B,glioma,0,0,0.96796405,0.031676035,0.00035984532
2581,MR051651B,glioma,0,0,0.9887706,0.011095323,0.00013408157
2582,MR051651B,glioma,0,0,0.9844939,0.015304243,0.00020187444
2583,MR051651B,glioma,0,0,0.9290217,0.040571265,0.03040699
2584,MR051651B,glioma,0,0,0.6911776,0.23441745,0.07440487
2585,MR051651B,glioma,0,0,0.97898155,0.013199857,0.00781855
2608,MR049942B,glioma,0,0,0.999998,9.2744756e-08,1.9131023e-06
2609,MR049942B,glioma,0,0,0.99999535,2.3435365e-07,4.3529994e-06
2610,MR049942B,glioma,0,0,0.9979517,6.323012e-05,0.0019850791
2611,MR049942B,glioma,0,0,0.9998847,1.5935175e-05,9.928891e-05
2650,MR034997,glioma,0,0,0.99999094,7.826093e-07,8.229368e-06
2651,MR034997,glioma,0,0,0.99999654,6.211073e-07,2.8911966e-06
2652,MR034997,glioma,0,0,0.9999486,3.937392e-06,4.7425787e-05
2653,MR034997,glioma,0,0,0.99996865,3.301925e-06,2.7963795e-05
2654,MR034997,glioma,0,0,0.9999858,4.628462e-06,9.52653e-06
2655,MR034997,glioma,0,0,0.9999771,1.6894932e-05,5.938535e-06
2656,MR034997,glioma,0,0,0.9998828,0.00010587135,1.1320515e-05
2657,MR029209E,glioma,0,0,0.999985,1.002204e-05,5.0316044e-06
2658,MR029209E,glioma,0,0,0.9998338,0.0001332422,3.2894506e-05
2659,MR029209E,glioma,0,0,0.9998348,0.00013293227,3.230889e-05
2660,MR029209E,glioma,0,0,0.99993443,3.6737078e-05,2.8877423e-05
2661,MR029209E,glioma,0,0,0.9999145,2.7733488e-05,5.7704172e-05
2662,MR029209E,glioma,0,0,0.99954766,0.0002907015,0.00016153426
2663,MR029209E,glioma,0,0,0.98578775,0.012963614,0.0012487356
2731,MR029209E,glioma,0,0,0.9991906,0.0008089493,4.2095158e-07
2732,MR029209E,glioma,0,0,0.9998679,0.00013006727,2.045744e-06
2733,MR029209E,glioma,0,0,0.9998816,0.00011203397,6.277788e-06
2734,MR029209E,glioma,0,0,0.99973243,0.0002411648,2.6369284e-05
2735,MR029209E,glioma,0,0,0.9999739,1.9570125e-05,6.507682e-06
2736,MR029209E,glioma,0,0,0.99998367,1.0617511e-05,5.7429343e-06
2737,MR029209E,glioma,0,0,0.99990535,7.689539e-05,1.775377e-05
2800,MR029209G,glioma,0,0,0.9999107,8.59111e-05,3.369315e-06
2801,MR029209G,glioma,0,0,0.9999069,8.282461e-05,1.0255258e-05
2802,MR029209G,glioma,0,0,0.9999887,9.983853e-06,1.3363177e-06
2803,MR029209G,glioma,0,0,0.9999757,2.1073713e-05,3.239936e-06
2804,MR029209G,glioma,0,0,0.9998615,0.0001253024,1.328706e-05
2840,MR048944,glioma,0,0,0.9999907,8.949205e-06,3.06255e-07
2841,MR048944,glioma,0,0,0.9999869,1.1093134e-05,2.0104483e-06
2842,MR048944,glioma,0,0,0.9999969,2.449685e-06,5.7749446e-07
2843,MR048944,glioma,0,0,0.9999877,9.3348e-06,2.953634e-06
2844,MR048944,glioma,0,0,0.9994999,0.00040150786,9.8508004e-05
2845,MR048944,glioma,0,0,0.9992867,0.00034955717,0.00036379855
2876,MR049453,glioma,0,0,0.99866426,9.651413e-06,0.001326103
2877,MR049453,glioma,0,0,0.9999964,1.321903e-07,3.445921e-06
2878,MR049453,glioma,0,0,0.99999464,1.3800442e-07,5.234242e-06
2879,MR049453,glioma,0,0,0.99993455,1.1211098e-06,6.438735e-05
2880,MR049453,glioma,0,0,0.9999908,5.2552092e-08,9.12412e-06
2881,MR049453,glioma,0,0,0.99999785,6.078312e-08,2.0179232e-06
2882,MR049453,glioma,0,0,0.99935025,6.5335507e-06,0.0006432025
2883,MR049453,glioma,0,0,0.99993,3.124927e-05,3.8794293e-05
2884,MR049453,glioma,0,0,0.9998778,9.930138e-05,2.292582e-05
2914,MR049019C,glioma,0,0,0.9994677,2.4943141e-05,0.00050747587
2915,MR049019C,glioma,0,0,0.99966216,2.8716311e-05,0.00030910742
2916,MR049019C,glioma,0,0,0.99921155,9.689327e-05,0.000691608
2917,MR049019C,glioma,0,0,0.9996387,8.49826e-05,0.00027635857
2944,MR051651,glioma,0,0,0.9999796,4.806223e-06,1.5629113e-05
2945,MR051651,glioma,0,0,0.99997187,6.703969e-06,2.1460948e-05
2946,MR051651,glioma,0,0,0.99999225,2.9572157e-06,4.7952676e-06
2947,MR051651,glioma,0,0,0.9998982,5.5853372e-05,4.59189e-05
2955,MR051651B,glioma,0,0,0.7096237,0.22432865,0.06604762
2956,MR051651B,glioma,0,0,0.9913623,0.00603272,0.002604977
2957,MR051651B,glioma,0,0,0.9946386,0.0042127194,0.0011487552
2958,MR051651B,glioma,0,0,0.99478877,0.0041860663,0.0010252505
2959,MR051651B,glioma,0,0,0.9977671,0.0019745003,0.0002585105
2960,MR051651B,glioma,0,0,0.99849534,0.0013630961,0.00014152419
2961,MR051644B,glioma,0,0,0.99999976,2.7379063e-09,2.4834077e-07
2962,MR051644B,glioma,0,0,0.9999957,1.17594094e-08,4.320683e-06
2963,MR051644B,glioma,0,0,0.999992,4.892477e-09,7.995217e-06
2964,MR051644B,glioma,0,0,0.9999727,5.9222938e-08,2.7303833e-05
2965,MR051644B,glioma,0,0,0.9999908,4.6016854e-08,9.147792e-06
2966,MR051644B,glioma,0,0,0.9999887,2.0013067e-07,1.112114e-05
2967,MR051644B,glioma,0,0,0.9999827,2.7392868e-08,1.7241895e-05
2968,MR051644B,glioma,0,0,0.99984396,2.4170112e-07,0.00015576815
2969,MR051644B,glioma,0,0,0.9998969,5.362213e-07,0.000102576436
2993,MR049942B,glioma,0,0,0.99860746,8.505866e-06,0.001384071
2994,MR049942B,glioma,0,0,0.98370683,0.00046791308,0.015825333
2995,MR049942B,glioma,0,0,0.99991703,2.4839949e-06,8.040936e-05
3020,MR056144,glioma,0,0,0.012294477,0.02383449,0.963871
3021,MR056144,glioma,0,0,0.0037026736,0.004729897,0.99156743
3022,MR034997,glioma,0,0,0.99998415,1.5614823e-05,1.9961396e-07
3023,MR034997,glioma,0,0,0.99986947,0.00011212079,1.830142e-05
3024,MR034997,glioma,0,0,0.9999037,7.429497e-05,2.210918e-05
3025,MR034997,glioma,0,0,0.99972564,0.00017387452,0.00010041803
3026,MR034997,glioma,0,0,0.9997328,0.0001560452,0.0001111655
3027,MR034997,glioma,0,0,0.99981064,0.0001161854,7.323921e-05
3028,MR034997,glioma,0,0,0.9999685,1.4802285e-06,3.0080213e-05
3029,MR029209E,glioma,0,0,0.8137113,0.18628776,9.952687e-07
3063,95969,meningioma,1,0,0.06491117,0.908654,0.026434828
6,100572,meningioma,1,1,0.025032492,0.106795184,0.8681723
7,100572,meningioma,1,1,0.008009793,0.024955386,0.96703476
8,100572,meningioma,1,1,0.011897035,0.2683048,0.71979815
9,101016,meningioma,1,1,0.034733023,0.964921,0.00034596512
10,101016,meningioma,1,1,0.001473048,0.9985114,1.5628775e-05
11,101016,meningioma,1,1,0.00038802077,0.99960285,9.1255215e-06
12,101016,meningioma,1,1,0.00063629466,0.99934334,2.0340893e-05
13,101016,meningioma,1,1,0.0021090629,0.99787915,1.1767383e-05
14,101016,meningioma,1,1,0.0009989515,0.99900013,9.515049e-07
15,101016,meningioma,1,1,0.01689413,0.983105,8.259504e-07
26,102446,meningioma,1,1,0.021492293,0.9780568,0.0004509581
34,102935,meningioma,1,1,0.0019000724,0.9975394,0.0005606235
35,102985,meningioma,1,1,0.010141565,0.9887233,0.0011351393
36,103673,meningioma,1,1,1.817533e-05,4.8726244e-05,0.9999331
37,103673,meningioma,1,1,2.6652975e-05,5.719627e-05,0.9999162
38,103673,meningioma,1,1,1.0150461e-05,0.00014992678,0.9998399
39,103673,meningioma,1,1,3.2409927e-05,0.00016991726,0.99979764
40,103673,meningioma,1,1,4.1411175e-05,0.00031786363,0.9996407
41,103673,meningioma,1,1,0.00011896883,0.00033317335,0.9995478
59,58392,pituitary,2,1,2.9325554e-05,0.00013806441,0.99983263
93,107248,meningioma,1,1,0.90744144,0.026882304,0.06567621
94,107248,meningioma,1,1,0.31744355,0.12632152,0.55623496
95,107248,meningioma,1,1,0.011271643,0.58826834,0.40046
96,107248,meningioma,1,1,0.050241325,0.56447554,0.38528314
97,107248,meningioma,1,1,0.11675431,0.09223695,0.7910087
98,107248,meningioma,1,1,0.04446603,0.0263415,0.9291924
113,108590,meningioma,1,1,0.006665077,0.9932954,3.9508297e-05
114,108590,meningioma,1,1,0.014104268,0.98589003,5.7149196e-06
124,110116,meningioma,1,1,0.0043235677,0.23170029,0.76397616
160,113554,meningioma,1,1,0.11709964,0.8820858,0.00081448024
161,113554,meningioma,1,1,0.025356736,0.9744003,0.0002429626
162,113554,meningioma,1,1,0.206276,0.79343784,0.0002861237
180,97737,meningioma,1,1,0.0005564846,0.99940085,4.2651583e-05
181,97737,meningioma,1,1,0.0015524263,0.99843746,1.0134773e-05
182,97737,meningioma,1,1,0.00520688,0.99478924,3.924843e-06
183,97737,meningioma,1,1,0.012840575,0.98715776,1.6035746e-06
192,98241,meningioma,1,1,0.00042096397,0.99952257,5.6506204e-05
193,98241,meningioma,1,1,0.00037829808,0.99955124,7.0404916e-05
194,98241,meningioma,1,1,0.0007597168,0.9991867,5.3638294e-05
195,98241,meningioma,1,1,0.0024349964,0.99753726,2.7695005e-05
196,98241,meningioma,1,1,0.017886112,0.98207575,3.8124024e-05
197,98241,meningioma,1,1,0.11424332,0.8857404,1.63104e-05
218,100572,meningioma,1,1,0.05628347,0.89927673,0.044439845
219,100572,meningioma,1,1,0.03919592,0.92770106,0.033102956
220,100572,meningioma,1,1,0.02487824,0.94336087,0.031760942
221,101016,meningioma,1,1,0.0035560385,0.9962329,0.00021103506
222,101016,meningioma,1,1,0.0015943801,0.9983411,6.449931e-05
223,101016,meningioma,1,1,0.0134626385,0.9864005,0.00013687149
224,101016,meningioma,1,1,0.0058054994,0.994163,3.152579e-05
225,101016,meningioma,1,1,0.0093767345,0.99060166,2.1587786e-05
226,101016,meningioma,1,1,0.060608223,0.93933195,5.984518e-05
239,102446,meningioma,1,1,0.0019714031,0.9980216,6.993298e-06
252,102935,meningioma,1,1,0.06382928,0.9331553,0.0030153934
253,102985,meningioma,1,1,0.13437074,0.8645033,0.0011259103
254,103673,meningioma,1,1,0.0005910185,0.00083639997,0.9985726
255,103673,meningioma,1,1,0.00032903458,0.00088479905,0.99878615
256,103673,meningioma,1,1,9.361925e-05,0.000664218,0.9992422
257,103673,meningioma,1,1,4.080913e-05,0.00013769916,0.9998215
258,103673,meningioma,1,1,2.4270454e-05,4.783908e-05,0.9999279
259,103673,meningioma,1,1,2.7876282e-05,6.908301e-05,0.9999031
260,103673,meningioma,1,1,0.0002982223,0.000115010465,0.99958676
316,107248,meningioma,1,1,0.44461352,0.5397138,0.01567268
317,107248,meningioma,1,1,0.73839253,0.22825053,0.03335693
318,107248,meningioma,1,1,0.7470063,0.2283588,0.024634933
319,107248,meningioma,1,1,0.45419952,0.53485805,0.010942416
334,108590,meningioma,1,1,0.010970281,0.9860118,0.0030178532
335,108590,meningioma,1,1,0.0036707805,0.9951916,0.0011376216
345,110116,meningioma,1,1,0.00010696382,0.0017987201,0.99809426
346,110116,meningioma,1,1,0.0005297417,0.036518503,0.9629518
347,110116,meningioma,1,1,0.0015491319,0.110522166,0.8879287
348,110116,meningioma,1,1,0.0013220357,0.059729334,0.9389486
390,113554,meningioma,1,1,0.17106383,0.8257097,0.0032264036
391,113554,meningioma,1,1,0.026777606,0.97273594,0.0004864092
392,113554,meningioma,1,1,0.1467686,0.8513393,0.0018921472
408,97737,meningioma,1,1,0.013667246,0.97918916,0.007143495
409,97737,meningioma,1,1,0.0021332542,0.9946715,0.0031951976
410,97737,meningioma,1,1,0.0022906798,0.99588805,0.0018212314
411,97737,meningioma,1,1,0.0005099371,0.9993692,0.00012094119
412,97737,meningioma,1,1,0.0008874512,0.999089,2.3619965e-05
413,97737,meningioma,1,1,0.0026804472,0.9972842,3.5459292e-05
423,98241,meningioma,1,1,0.00953298,0.9888918,0.0015751326
424,98241,meningioma,1,1,0.0059073498,0.99096256,0.0031301852
425,98241,meningioma,1,1,0.007998156,0.99139917,0.0006027093
426,98241,meningioma,1,1,0.029390672,0.9625088,0.008100484
427,98241,meningioma,1,1,0.0037639055,0.99436086,0.0018751979
428,98241,meningioma,1,1,0.011904523,0.98000354,0.008091976
429,98241,meningioma,1,1,0.0074703055,0.99144965,0.0010799718
448,100572,meningioma,1,1,0.023556992,0.02336856,0.95307446
449,100572,meningioma,1,1,0.0058736494,0.018906876,0.9752195
455,101016,meningioma,1,1,0.0051580304,0.9944839,0.00035807956
456,101016,meningioma,1,1,0.00292984,0.99677855,0.00029159806
457,101016,meningioma,1,1,0.009538811,0.9903785,8.26943e-05
458,101016,meningioma,1,1,0.009179638,0.99076396,5.6428336e-05
459,101082,meningioma,1,1,0.034787413,0.9626448,0.0025677795
460,101082,meningioma,1,1,0.012052375,0.9831039,0.0048437896
476,102446,meningioma,1,1,0.00908625,0.9892932,0.0016205633
477,102446,meningioma,1,1,0.015235051,0.9799406,0.0048243357
489,102935,meningioma,1,1,0.0149338255,0.9735078,0.011558387
495,102985,meningioma,1,1,0.089808255,0.8241226,0.08606918
496,103673,meningioma,1,1,7.3480456e-05,1.9274054e-05,0.99990726
497,103673,meningioma,1,1,3.6387326e-05,3.3603133e-05,0.99993
498,103673,meningioma,1,1,0.00013532036,2.4850646e-05,0.9998398
499,103673,meningioma,1,1,7.832608e-05,8.4732295e-05,0.9998369
500,103673,meningioma,1,1,0.00020979937,0.00014631961,0.9996439
551,107248,meningioma,1,1,0.100137345,0.24948063,0.65038204
552,107248,meningioma,1,1,0.035664808,0.5094598,0.45487535
553,107248,meningioma,1,1,0.018764395,0.30310252,0.6781331
554,107248,meningioma,1,1,0.26337394,0.52788335,0.20874272
555,107248,meningioma,1,1,0.06362804,0.84181035,0.09456164
560,107946,meningioma,1,1,0.28581265,0.7140768,0.0001105545
561,107946,meningioma,1,1,0.5792958,0.4195404,0.0011638578
562,107946,meningioma,1,1,0.31762218,0.6807697,0.0016081284
563,107946,meningioma,1,1,0.20413046,0.7933127,0.002556839
571,108590,meningioma,1,1,0.0033504446,0.9747046,0.021944992
572,108590,meningioma,1,1,0.0045725796,0.99387324,0.0015542315
631,113554,meningioma,1,1,0.009441154,0.9882712,0.0022876493
632,113554,meningioma,1,1,0.0005801588,0.99846077,0.0009591271
633,113554,meningioma,1,1,0.0014431403,0.99465454,0.0039022807
634,113554,meningioma,1,1,0.0020996947,0.9853557,0.012544685
668,97737,meningioma,1,1,0.028487723,0.8078013,0.16371097
669,97737,meningioma,1,1,0.016975356,0.7373678,0.24565685
670,97737,meningioma,1,1,0.012827951,0.79590887,0.1912632
671,97737,meningioma,1,1,0.001184646,0.939091,0.059724353
672,97737,meningioma,1,1,0.016207581,0.8125831,0.17120938
680,98241,meningioma,1,1,0.0044327728,0.9949273,0.0006399504
681,98241,meningioma,1,1,0.0014481104,0.9915793,0.006972587
682,98241,meningioma,1,1,0.010054396,0.9549199,0.035025757
683,98241,meningioma,1,1,0.015062615,0.9432239,0.041713484
684,98241,meningioma,1,1,0.049923416,0.29972142,0.65035516
685,98241,meningioma,1,1,0.04170836,0.25127077,0.7070209
703,99815,meningioma,1,1,0.17684682,0.803073,0.020080123
704,99815,meningioma,1,1,0.076572746,0.9200112,0.0034159764
705,99815,meningioma,1,1,0.021737374,0.9776463,0.0006162754
706,99815,meningioma,1,1,0.01930433,0.9802122,0.0004833874
707,99815,meningioma,1,1,0.14680259,0.85311383,8.357805e-05
708,99815,meningioma,1,1,0.0073036416,0.9926939,2.5409201e-06
725,103148,glioma,0,1,0.604923,0.392734,0.0023429107
726,103148,glioma,0,1,0.4833479,0.514756,0.0018961156
727,103148,glioma,0,1,0.045984473,0.9539015,0.00011400114
728,103148,glioma,0,1,0.13132584,0.86860013,7.402435e-05
764,103148,glioma,0,1,0.045075055,0.9505509,0.0043740687
765,103148,glioma,0,1,0.0036284763,0.9950041,0.0013674328
766,103148,glioma,0,1,0.008893641,0.99044234,0.0006639927
767,103148,glioma,0,1,0.020262344,0.9784257,0.001311926
779,112027,glioma,0,1,0.033006284,0.9634571,0.0035366316
780,112027,glioma,0,1,0.029432591,0.96751016,0.0030572712
792,88670,glioma,0,1,0.11818334,0.8788098,0.0030068136
793,88670,glioma,0,1,0.47119212,0.5244283,0.0043795356
794,88670,glioma,0,1,0.7241883,0.27381805,0.0019936005
795,88670,glioma,0,1,0.4042841,0.5929869,0.0027290015
796,88670,glioma,0,1,0.07741038,0.9214341,0.0011555261
797,88670,glioma,0,1,0.008356934,0.99124473,0.00039831703
798,88670,glioma,0,1,0.1569061,0.8375742,0.0055197687
807,92897,glioma,0,1,0.006589255,0.9917965,0.0016141868
808,92897,glioma,0,1,0.015534064,0.98044086,0.004025041
834,101384,glioma,0,1,0.09138109,0.8995836,0.009035274
835,101384,glioma,0,1,0.24818248,0.74880075,0.0030167548
836,101384,glioma,0,1,0.5506648,0.44768962,0.0016455576
840,103148,glioma,0,1,0.0064770035,0.9931164,0.00040653083
841,103148,glioma,0,1,0.007174046,0.9923768,0.00044909213
842,103148,glioma,0,1,0.011392614,0.9881386,0.0004688401
843,103148,glioma,0,1,0.19781241,0.7992646,0.0029230334
865,88670,glioma,0,1,0.21825105,0.78165936,8.9590336e-05
866,88670,glioma,0,1,0.044571504,0.95508564,0.00034284865
867,88670,glioma,0,1,0.0391858,0.9594033,0.0014108361
868,88670,glioma,0,1,0.101560675,0.8936206,0.0048186486
869,88670,glioma,0,1,0.074305594,0.9161948,0.009499673
881,92897,glioma,0,1,0.011057262,0.9351889,0.0537539
882,92897,glioma,0,1,0.038136896,0.9478962,0.013966882
950,108858,pituitary,2,1,0.0013974817,0.0003992754,0.9982033
951,108858,pituitary,2,1,0.0024932832,0.00061169505,0.99689496
952,108858,pituitary,2,1,0.00075681123,8.128017e-05,0.99916196
953,108858,pituitary,2,1,0.00799473,0.0002148919,0.9917904
954,108858,pituitary,2,1,0.03149639,0.001782221,0.9667214
974,110537,pituitary,2,1,0.0068309116,0.15662245,0.8365466
975,110537,pituitary,2,1,0.0012195734,0.0035360118,0.99524444
1006,112847,pituitary,2,1,0.00033528003,0.0014121358,0.9982526
1007,112847,pituitary,2,1,0.00022421205,0.00048164368,0.99929416
1008,112847,pituitary,2,1,6.543373e-05,0.00039681795,0.9995378
1009,112847,pituitary,2,1,0.00015436806,0.0011057272,0.9987399
1021,114094,pituitary,2,1,0.39379457,0.34845513,0.25775027
1022,114094,pituitary,2,1,0.68116343,0.20344818,0.1153884
1023,114094,pituitary,2,1,0.22828361,0.33667195,0.4350444
1024,114094,pituitary,2,1,0.02840145,0.15511988,0.81647867
1065,108858,pituitary,2,1,0.0013108402,7.87929e-05,0.9986104
1066,108858,pituitary,2,1,0.0002072259,0.00010572099,0.9996871
1067,108858,pituitary,2,1,0.0007658394,0.00026311073,0.9989711
1068,108858,pituitary,2,1,0.001020191,0.000301604,0.99867815
1069,108858,pituitary,2,1,0.0014578255,0.00025058707,0.99829155
1100,110537,pituitary,2,1,5.678946e-06,1.8241437e-05,0.99997604
1101,110537,pituitary,2,1,1.4056652e-05,2.7943102e-05,0.99995804
1102,110537,pituitary,2,1,4.3370997e-06,2.429219e-05,0.9999714
1103,110537,pituitary,2,1,1.8188779e-05,0.00032364405,0.9996582
1104,110537,pituitary,2,1,7.416055e-06,0.00029431784,0.9996983
1105,110537,pituitary,2,1,8.640787e-06,0.00030330836,0.999688
1106,110537,pituitary,2,1,4.3268326e-05,0.001551559,0.99840516
1144,112847,pituitary,2,1,1.1533985e-05,5.91955e-05,0.9999293
1145,112847,pituitary,2,1,5.961692e-06,0.00026774578,0.99972624
1146,112847,pituitary,2,1,5.937278e-06,0.000117985415,0.999876
1147,112847,pituitary,2,1,3.7305608e-06,0.00035388247,0.9996424
1161,114094,pituitary,2,1,3.422956e-06,5.4304705e-06,0.9999912
1162,114094,pituitary,2,1,7.759114e-06,3.1121584e-05,0.99996114
1163,114094,pituitary,2,1,1.0245183e-05,4.3265336e-05,0.9999465
1164,114094,pituitary,2,1,0.00014623665,0.00011143384,0.9997423
1165,114094,pituitary,2,1,1.0969311e-05,1.3721659e-05,0.9999753
1198,108858,pituitary,2,1,1.6574973e-05,3.1946151e-06,0.9999802
1199,108858,pituitary,2,1,1.9579633e-05,2.4451143e-05,0.999956
1200,108858,pituitary,2,1,7.687575e-06,6.90383e-05,0.9999232
1201,108858,pituitary,2,1,2.26693e-06,1.4476845e-05,0.9999833
1202,108858,pituitary,2,1,2.3860446e-05,1.8840998e-05,0.9999573
1226,110537,pituitary,2,1,4.974341e-05,0.00022517378,0.99972504
1227,110537,pituitary,2,1,5.2447736e-05,0.00011868459,0.9998288
1228,110537,pituitary,2,1,7.310932e-05,0.00052843726,0.99939847
1229,110537,pituitary,2,1,0.00017613427,0.0004565379,0.9993673
1261,112847,pituitary,2,1,0.0014719821,0.0030624883,0.9954656
1262,112847,pituitary,2,1,0.00042547085,0.0009005736,0.99867404
1263,112847,pituitary,2,1,0.09015232,0.023970641,0.885877
1264,112847,pituitary,2,1,0.000643327,0.0030666722,0.99628997
1265,112847,pituitary,2,1,0.002769823,0.016229697,0.98100054
1279,114094,pituitary,2,1,0.023129571,0.0065881754,0.97028226
1280,114094,pituitary,2,1,0.0043854425,0.0035124614,0.9921021
1281,114094,pituitary,2,1,0.0018075967,0.015551762,0.9826407
1282,114094,pituitary,2,1,0.007242973,0.03742504,0.95533204
1295,102648,pituitary,2,1,0.81762695,0.16818091,0.0141921425
1296,102648,pituitary,2,1,0.033738382,0.84119266,0.12506887
1297,102648,pituitary,2,1,0.3437481,0.5205646,0.13568734
1298,102648,pituitary,2,1,0.25267726,0.11146535,0.63585734
1299,102648,pituitary,2,1,0.13047704,0.2951829,0.5743401
1300,102648,pituitary,2,1,0.7332671,0.1543422,0.11239062
1304,103257,pituitary,2,1,2.0058253e-05,6.782553e-05,0.99991214
1305,103257,pituitary,2,1,2.0792648e-05,0.00010481441,0.99987435
1306,103257,pituitary,2,1,8.489621e-06,0.00015260164,0.9998388
1307,103257,pituitary,2,1,1.3388044e-05,0.00017249439,0.9998141
1308,103257,pituitary,2,1,7.289897e-06,0.00014890541,0.99984384
1309,103257,pituitary,2,1,1.627885e-06,2.6038908e-05,0.99997234
1323,103670,pituitary,2,1,4.402492e-06,2.0621324e-05,0.99997497
1324,103670,pituitary,2,1,1.3653438e-05,1.8837523e-05,0.99996746
1325,103670,pituitary,2,1,4.786778e-05,8.448154e-05,0.9998677
1330,103731,pituitary,2,1,0.0008280468,0.0009990366,0.9981729
1331,103731,pituitary,2,1,0.00084926066,0.0009937877,0.99815696
1332,103731,pituitary,2,1,3.2849584e-05,6.184165e-05,0.99990535
1333,103731,pituitary,2,1,9.801181e-06,1.2282325e-05,0.99997795
1334,103731,pituitary,2,1,1.3280973e-05,1.6011343e-05,0.9999707
1335,103731,pituitary,2,1,2.764221e-05,1.8450315e-05,0.99995387
1336,103731,pituitary,2,1,0.011180481,0.00047619815,0.9883433
1337,103731,pituitary,2,1,0.06276457,0.0005518624,0.93668354
1338,103731,pituitary,2,1,0.003431372,1.6781918e-05,0.9965519
1339,103731,pituitary,2,1,0.000851488,1.578778e-05,0.9991327
1378,105475,pituitary,2,1,0.03788838,0.45308757,0.5090241
1379,105475,pituitary,2,1,0.026795886,0.4057576,0.56744653
1386,97416,pituitary,2,1,0.020793002,0.0065476266,0.97265935
1387,97416,pituitary,2,1,0.0051816185,0.00969391,0.9851245
1388,97416,pituitary,2,1,0.00020573649,0.0015341056,0.9982602
1389,97416,pituitary,2,1,0.0010579526,0.0015938664,0.9973482
1390,97416,pituitary,2,1,0.00082530535,0.0025991548,0.99657553
1391,97416,pituitary,2,1,0.003341308,0.00607811,0.9905806
1392,97416,pituitary,2,1,0.0022719922,0.001504166,0.9962238
1393,97416,pituitary,2,1,0.00030076437,0.00066692627,0.9990324
1394,97416,pituitary,2,1,0.009891662,0.0011968574,0.9889115
1404,97481,pituitary,2,1,0.0026373698,0.1554606,0.841902
1405,97481,pituitary,2,1,0.0020599402,0.4865472,0.51139283
1406,97481,pituitary,2,1,0.011219383,0.33791742,0.6508632
1407,97481,pituitary,2,1,0.011808928,0.05575739,0.93243366
1408,97599,pituitary,2,1,0.22115026,0.6306908,0.14815894
1409,97599,pituitary,2,1,0.22710572,0.5778014,0.19509287
1421,98652,pituitary,2,1,7.106604e-07,2.5292155e-07,0.99999905
1422,98652,pituitary,2,1,8.4764343e-07,4.3392512e-07,0.9999987
1423,98652,pituitary,2,1,7.954328e-07,1.306734e-06,0.99999785
1483,102648,pituitary,2,1,0.0034255644,2.423101e-06,0.996572
1484,102648,pituitary,2,1,0.004994896,1.7504218e-06,0.9950034
1485,102648,pituitary,2,1,0.00025462874,2.4633655e-06,0.9997429
1486,102648,pituitary,2,1,0.0014209425,7.8351795e-06,0.99857116
1493,103257,pituitary,2,1,8.475526e-06,3.850532e-05,0.99995303
1494,103257,pituitary,2,1,4.526904e-06,2.5007676e-05,0.99997044
1495,103257,pituitary,2,1,8.901295e-07,6.5540557e-06,0.9999926
1496,103257,pituitary,2,1,2.00558e-06,5.5275277e-06,0.9999925
1497,103257,pituitary,2,1,5.476101e-06,1.2848855e-05,0.99998164
1511,103670,pituitary,2,1,2.5522948e-05,0.00015294533,0.9998216
1512,103670,pituitary,2,1,1.5103503e-05,0.000113514834,0.9998714
1513,103670,pituitary,2,1,5.3145422e-06,0.00015893289,0.9998357
1514,103670,pituitary,2,1,8.157979e-06,8.569321e-05,0.9999062
1521,103731,pituitary,2,1,3.3415792e-05,0.00013592417,0.9998306
1522,103731,pituitary,2,1,0.000108084234,0.0005639673,0.999328
1523,103731,pituitary,2,1,0.00012161821,0.00049350166,0.9993849
1524,103731,pituitary,2,1,0.00022242834,0.00072482094,0.9990527
1525,103731,pituitary,2,1,8.144515e-05,0.0008679392,0.99905056
1526,103731,pituitary,2,1,0.0001778171,0.0008943572,0.9989278
1527,103731,pituitary,2,1,0.00019525924,0.0005283052,0.99927646
1563,105475,pituitary,2,1,4.1561252e-05,3.0417714e-05,0.999928
1564,105475,pituitary,2,1,0.00014920728,0.0003457227,0.99950504
1565,105475,pituitary,2,1,5.0708684e-05,8.330461e-05,0.999866
1573,97416,pituitary,2,1,0.006933447,0.0035075431,0.98955894
1574,97416,pituitary,2,1,0.010002599,0.001896949,0.9881004
1575,97416,pituitary,2,1,0.002411508,0.00016206602,0.99742645
1576,97416,pituitary,2,1,6.79351e-05,6.6978e-05,0.99986506
1577,97416,pituitary,2,1,3.831552e-05,0.00010349591,0.99985814
1578,97416,pituitary,2,1,0.00012849044,0.00033323723,0.9995383
1579,97416,pituitary,2,1,2.4605222e-05,6.2393825e-05,0.999913
1580,97416,pituitary,2,1,4.567246e-05,0.00014727005,0.99980706
1589,97481,pituitary,2,1,9.3959876e-05,0.00011645352,0.99978966
1590,97481,pituitary,2,1,0.00038476227,0.00045687228,0.9991584
1591,97481,pituitary,2,1,3.4787277e-05,7.067993e-05,0.9998945
1592,97481,pituitary,2,1,7.3161835e-05,8.69848e-05,0.9998398
1593,97481,pituitary,2,1,5.2678257e-05,0.0001713601,0.99977595
1594,97599,pituitary,2,1,7.669925e-07,6.181373e-06,0.9999931
1595,97599,pituitary,2,1,5.796472e-07,3.8088824e-06,0.9999956
1605,98652,pituitary,2,1,1.4641133e-06,3.6143967e-06,0.9999949
1606,98652,pituitary,2,1,4.6736654e-06,6.452113e-06,0.9999889
1607,98652,pituitary,2,1,2.222931e-06,1.9908257e-06,0.9999958
1608,98652,pituitary,2,1,7.4515324e-06,6.974991e-06,0.9999856
1665,102648,pituitary,2,1,0.00013660103,1.4986263e-05,0.99984837
1666,102648,pituitary,2,1,0.004343101,2.9168072e-05,0.99562776
1667,102648,pituitary,2,1,0.004378587,6.266615e-06,0.9956151
1668,102648,pituitary,2,1,0.0003119758,5.3977783e-06,0.99968266
1669,102648,pituitary,2,1,6.251348e-05,8.444141e-06,0.9999291
1670,102648,pituitary,2,1,3.1183047e-06,1.1078289e-06,0.9999958
1671,102648,pituitary,2,1,2.9166826e-05,1.3247807e-05,0.99995756
1677,103257,pituitary,2,1,2.5960515e-05,9.000413e-06,0.9999651
1678,103257,pituitary,2,1,1.7460203e-05,5.3821045e-06,0.9999771
1679,103257,pituitary,2,1,4.170168e-06,1.5065894e-05,0.9999808
1680,103257,pituitary,2,1,8.899639e-06,1.0682398e-05,0.99998045
1681,103257,pituitary,2,1,7.691872e-05,7.301913e-05,0.99985003
1682,103257,pituitary,2,1,2.6665641e-06,7.920119e-06,0.9999894
1683,103257,pituitary,2,1,1.0476834e-05,7.716047e-06,0.99998176
1700,103670,pituitary,2,1,5.6713293e-06,1.6645135e-05,0.9999777
1701,103670,pituitary,2,1,4.057065e-05,8.888564e-05,0.99987054
1702,103670,pituitary,2,1,6.1079777e-06,0.0001885806,0.9998054
1703,103670,pituitary,2,1,3.955144e-06,1.403549e-05,0.999982
1709,103731,pituitary,2,1,8.7292115e-05,0.0003169056,0.9995958
1710,103731,pituitary,2,1,0.0002955838,0.0010118972,0.9986926
1711,103731,pituitary,2,1,9.82739e-05,0.00087242184,0.9990293
1712,103731,pituitary,2,1,8.0747755e-05,0.0003096848,0.99960965
1713,103731,pituitary,2,1,5.721431e-05,2.7754613e-05,0.999915
1754,105475,pituitary,2,1,0.006210867,0.058069322,0.9357198
1755,105475,pituitary,2,1,0.003769924,0.085547335,0.9106827
1756,105475,pituitary,2,1,0.02052386,0.16383584,0.81564033
1757,105475,pituitary,2,1,0.008985891,0.05467558,0.9363385
1758,105475,pituitary,2,1,0.0028098084,0.065884285,0.93130594
1766,97416,pituitary,2,1,0.00015011212,7.8274e-05,0.99977165
1767,97416,pituitary,2,1,0.0014826052,0.00037282627,0.9981446
1768,97416,pituitary,2,1,9.414491e-05,0.00013447698,0.9997714
1769,97416,pituitary,2,1,6.778127e-05,0.00017977497,0.99975246
1770,97416,pituitary,2,1,0.00016384745,0.0021177335,0.99771845
1771,97416,pituitary,2,1,0.00016218644,0.00048832834,0.99934953
1772,97416,pituitary,2,1,0.0025672861,0.010447088,0.9869856
1781,97481,pituitary,2,1,1.27317035e-05,7.925373e-06,0.9999794
1782,97481,pituitary,2,1,3.6762754e-06,7.2723816e-07,0.9999956
1783,97481,pituitary,2,1,1.0123147e-05,1.5789244e-06,0.9999883
1784,97481,pituitary,2,1,2.736674e-05,2.6720463e-06,0.99996996
1785,97481,pituitary,2,1,8.494111e-05,1.8468234e-06,0.9999132
1786,97599,pituitary,2,1,2.3860692e-05,0.00072351174,0.9992526
1787,97599,pituitary,2,1,0.00010117083,0.0002756502,0.9996232
1788,97599,pituitary,2,1,9.2468144e-05,0.00071747776,0.99919003
1801,98652,pituitary,2,1,1.1792952e-06,1.6113489e-06,0.99999726
1802,98652,pituitary,2,1,1.3596261e-06,6.275211e-07,0.999998
1803,98652,pituitary,2,1,8.6886286e-07,2.4536072e-07,0.9999989
1804,98652,pituitary,2,1,1.4563451e-06,1.4374885e-07,0.99999845
1805,98652,pituitary,2,1,1.5215278e-06,1.2647871e-07,0.99999833
1849,MR048297,glioma,0,1,0.9999993,7.3092315e-07,3.2225493e-08
1850,MR048297,glioma,0,1,0.9999989,9.461597e-07,6.476807e-08
1851,MR048297,glioma,0,1,0.9999989,9.800185e-07,9.147011e-08
1852,MR048297,glioma,0,1,0.99999666,2.8113775e-06,4.831596e-07
1870,MR048994,glioma,0,1,0.7103514,0.2877375,0.0019110317
1871,MR048994,glioma,0,1,0.88012743,0.119472794,0.0003997
1872,MR048994,glioma,0,1,0.6278587,0.37140375,0.00073750294
1873,MR048994,glioma,0,1,0.92608875,0.07375587,0.00015541578
1874,MR048994,glioma,0,1,0.87350935,0.12609394,0.00039675817
1875,MR048994,glioma,0,1,0.85471815,0.14508246,0.00019935505
1876,MR048994,glioma,0,1,0.8646602,0.13516082,0.00017891261
1877,MR048994,glioma,0,1,0.9105621,0.08941366,2.4203566e-05
1878,MR048994,glioma,0,1,0.61734194,0.38264483,1.3216493e-05
1881,MR049142,glioma,0,1,0.048013404,0.94858354,0.0034030215
1882,MR049142,glioma,0,1,0.037185304,0.9613688,0.0014458062
1883,MR049142,glioma,0,1,0.06626962,0.93239534,0.0013350138
1884,MR049142,glioma,0,1,0.51881313,0.48030558,0.00088129024
1885,MR048994B,glioma,0,1,0.99999964,2.2924742e-07,1.5411904e-07
1886,MR048994B,glioma,0,1,0.9999994,4.762481e-07,8.356426e-08
1887,MR048994B,glioma,0,1,0.99999595,3.5635942e-06,5.275183e-07
1888,MR048994B,glioma,0,1,0.99999535,4.07159e-06,5.660765e-07
1889,MR048994B,glioma,0,1,0.9999795,1.9079427e-05,1.4394305e-06
1890,MR048994B,glioma,0,1,0.999979,1.9789568e-05,1.1668049e-06
1891,MR048994B,glioma,0,1,0.9998049,0.00019412133,9.716379e-07
1892,MR048994B,glioma,0,1,0.99508923,0.0049090437,1.7754172e-06
1974,MR050791B,glioma,0,1,0.9997583,0.00022155658,2.0193791e-05
1975,MR050791B,glioma,0,1,0.9955509,0.0042539174,0.00019519989
1976,MR050791B,glioma,0,1,0.98971516,0.00957446,0.0007104134
1977,MR050791B,glioma,0,1,0.9961582,0.0033940442,0.00044783912
1978,MR050791B,glioma,0,1,0.97779477,0.021345135,0.00086015783
1979,MR050791B,glioma,0,1,0.99881566,0.0009543065,0.00022999795
1980,MR050791B,glioma,0,1,0.9987809,0.00074328744,0.00047580758
1981,MR050791B,glioma,0,1,0.9792235,0.019847855,0.0009286985
1982,MR050791B,glioma,0,1,0.6407103,0.35767493,0.0016146929
1983,MR050791B,glioma,0,1,0.666227,0.33262813,0.0011449133
2061,MR052550,glioma,0,1,0.9999095,4.8101294e-05,4.2294356e-05
2062,MR052550,glioma,0,1,0.9998122,0.00017516167,1.2605242e-05
2063,MR052550,glioma,0,1,0.9999981,1.0278287e-06,8.746485e-07
2064,MR052550,glioma,0,1,1.0,4.6947356e-08,5.1571423e-08
2083,MR047953C,glioma,0,1,0.99962115,3.353843e-05,0.00034531867
2084,MR047953C,glioma,0,1,0.99999106,3.617752e-06,5.3196477e-06
2085,MR047953C,glioma,0,1,0.9999989,7.5267565e-07,3.9639434e-07
2086,MR047953C,glioma,0,1,0.9999994,4.968617e-07,6.161736e-08
2104,MR050687C,glioma,0,1,0.97063565,0.025020713,0.0043435516
2105,MR050687C,glioma,0,1,0.99889344,0.00095738913,0.00014922039
2106,MR050687C,glioma,0,1,0.99913776,0.00072836905,0.00013390457
2107,MR050687C,glioma,0,1,0.99987733,8.407502e-05,3.8609815e-05
2108,MR050687C,glioma,0,1,0.999539,0.0003854126,7.548903e-05
2144,MR024780D,glioma,0,1,0.9999999,1.3127716e-07,2.1497508e-08
2145,MR024780D,glioma,0,1,0.9999963,3.3415513e-06,3.845062e-07
2241,MR033389B,glioma,0,1,0.9999995,4.311568e-07,3.411653e-08
2242,MR048994,glioma,0,1,0.9445737,0.054807868,0.00061841786
2243,MR048994,glioma,0,1,0.45720804,0.5416402,0.0011516798
2247,MR049142,glioma,0,1,0.95597917,0.03872939,0.00529146
2248,MR049142,glioma,0,1,0.94545394,0.051427267,0.0031188524
2249,MR049142,glioma,0,1,0.8031152,0.19189514,0.0049895877
2250,MR048994B,glioma,0,1,0.998024,0.0014676054,0.0005083271
2251,MR048994B,glioma,0,1,0.99993825,2.3537865e-05,3.8306567e-05
2252,MR048994B,glioma,0,1,0.9999912,2.8106786e-06,5.9188687e-06
2253,MR048994B,glioma,0,1,0.99999785,7.143356e-07,1.423417e-06
2317,MR050791B,glioma,0,1,0.84076613,0.13885534,0.020378439
2318,MR050791B,glioma,0,1,0.9910902,0.0031574806,0.005752369
2319,MR050791B,glioma,0,1,0.9945245,0.0038163138,0.0016592242
2320,MR050791B,glioma,0,1,0.9916345,0.004930714,0.003434815
2344,MR033389B,glioma,0,1,0.9999944,5.4182738e-06,2.0634494e-07
2345,MR033389B,glioma,0,1,0.9999894,1.0392765e-05,2.861328e-07
2346,MR033389B,glioma,0,1,0.9999404,5.8870133e-05,6.60263e-07
2347,MR033389B,glioma,0,1,0.99985194,0.00014691251,1.0233078e-06
2348,MR033389B,glioma,0,1,0.9973659,0.0026327672,1.2645177e-06
2410,MR048297,glioma,0,1,0.9999355,1.797034e-05,4.650331e-05
2411,MR048297,glioma,0,1,0.99986136,7.500107e-05,6.359136e-05
2412,MR048297,glioma,0,1,0.9999739,1.2178537e-05,1.3981204e-05
2413,MR048297,glioma,0,1,0.9993845,0.0004549554,0.00016051809
2414,MR048297,glioma,0,1,0.9999435,1.6386219e-05,4.0214618e-05
2435,MR048994,glioma,0,1,0.988901,0.011031651,6.7308036e-05
2436,MR048994,glioma,0,1,0.99516076,0.004527024,0.00031228364
2437,MR048994,glioma,0,1,0.9739358,0.025630936,0.00043324748
2438,MR048994,glioma,0,1,0.99567246,0.004207068,0.00012046142
2439,MR048994,glioma,0,1,0.9934546,0.0064196615,0.00012575158
2440,MR048994,glioma,0,1,0.9954027,0.0045297253,6.7461464e-05
2441,MR048994,glioma,0,1,0.95887053,0.040675197,0.00045420334
2487,MR033389B,glioma,0,1,0.9999778,1.2261819e-05,9.879595e-06
2488,MR033389B,glioma,0,1,0.9999976,6.8637115e-07,1.6488003e-06
2489,MR033389B,glioma,0,1,0.99999535,1.4669723e-06,3.2301766e-06
2490,MR033389B,glioma,0,1,0.99999046,5.927327e-06,3.6138429e-06
2491,MR033389B,glioma,0,1,0.9999993,2.2734687e-07,4.5215006e-07
2492,MR033389B,glioma,0,1,0.9999958,1.7680514e-06,2.354453e-06
2493,MR033389B,glioma,0,1,0.9999883,3.282361e-06,8.360001e-06
2494,MR033389B,glioma,0,1,0.99999714,1.4116399e-06,1.4467461e-06
2495,MR033389B,glioma,0,1,0.99996567,7.889046e-06,2.6509872e-05
2589,MR052550,glioma,0,1,0.99999976,1.916471e-08,2.8310848e-07
2590,MR052550,glioma,0,1,1.0,7.486554e-09,4.7929863e-08
2591,MR052550,glioma,0,1,1.0,3.4674727e-10,6.5290404e-09
2592,MR052550,glioma,0,1,1.0,2.325457e-10,5.281371e-09
2593,MR052550,glioma,0,1,0.9999999,8.215659e-09,8.71587e-08
2594,MR052550,glioma,0,1,0.99999976,3.322151e-08,2.9498344e-07
2612,MR047953C,glioma,0,1,0.9923807,0.0067916224,0.000827662
2613,MR047953C,glioma,0,1,0.9990381,0.0003322364,0.0006297006
2614,MR047953C,glioma,0,1,0.9995988,0.00012909037,0.00027219526
2615,MR047953C,glioma,0,1,0.9988355,0.00023489395,0.0009295997
2616,MR047953C,glioma,0,1,0.99997234,2.296485e-06,2.5430865e-05
2634,MR050687C,glioma,0,1,0.9985392,0.0003717159,0.0010890452
2635,MR050687C,glioma,0,1,0.99972254,4.2608433e-05,0.00023479512
2636,MR050687C,glioma,0,1,0.99997926,8.4251305e-06,1.2337046e-05
2637,MR050687C,glioma,0,1,0.9999565,1.3915726e-05,2.9612716e-05
2638,MR050687C,glioma,0,1,0.999964,9.0325375e-06,2.6936232e-05
2639,MR050687C,glioma,0,1,0.99986815,3.7700866e-05,9.4143244e-05
2640,MR050687C,glioma,0,1,0.99984276,0.00010134593,5.5882032e-05
2641,MR049242C,glioma,0,1,0.9999738,1.2356031e-05,1.3769197e-05
2642,MR049242C,glioma,0,1,0.99998844,4.790395e-06,6.748534e-06
2643,MR049242C,glioma,0,1,0.99996436,9.317523e-06,2.6376305e-05
2644,MR049242C,glioma,0,1,0.99996734,5.3571443e-06,2.7355212e-05
2645,MR049242C,glioma,0,1,0.99998105,2.0529765e-06,1.6955593e-05
2646,MR053241C,glioma,0,1,0.99987864,8.9591966e-05,3.1711515e-05
2647,MR053241C,glioma,0,1,0.99995506,3.3667842e-05,1.1325501e-05
2648,MR053241C,glioma,0,1,0.9999379,2.5427516e-05,3.677215e-05
2649,MR053241C,glioma,0,1,0.9999887,9.822746e-07,1.035378e-05
2680,MR024780D,glioma,0,1,0.99999976,1.0864841e-07,1.1898761e-07
2681,MR024780D,glioma,0,1,0.999982,1.3378153e-05,4.6154937e-06
2750,MR024780D,glioma,0,1,0.9999831,6.71915e-06,1.0293234e-05
2751,MR024780D,glioma,0,1,0.9999821,1.0992456e-05,6.9327557e-06
2752,MR024780D,glioma,0,1,0.9990163,0.0009410701,4.265002e-05
2821,MR033389B,glioma,0,1,0.99963486,0.00036449113,6.4116676e-07
2823,MR048297,glioma,0,1,0.9720231,0.027975192,1.7230069e-06
2824,MR048297,glioma,0,1,0.99568933,0.0043043196,6.341247e-06
2825,MR048297,glioma,0,1,0.99929285,0.00069813564,8.909054e-06
2826,MR048297,glioma,0,1,0.9994374,0.00054388854,1.8676568e-05
2827,MR048297,glioma,0,1,0.999164,0.0008180807,1.8005381e-05
2828,MR048297,glioma,0,1,0.9993237,0.000628295,4.7954287e-05
2829,MR048297,glioma,0,1,0.99949634,0.00046551492,3.815772e-05
2830,MR048297,glioma,0,1,0.9997336,0.00013471232,0.0001316448
2846,MR048994,glioma,0,1,0.8040561,0.12309898,0.07284492
2847,MR048994,glioma,0,1,0.96680087,0.02858617,0.004612947
2848,MR048994,glioma,0,1,0.48111165,0.4620759,0.056812514
2849,MR048994,glioma,0,1,0.9689642,0.028374342,0.002661459
2850,MR048994,glioma,0,1,0.76969755,0.22141448,0.0088879755
2851,MR048994,glioma,0,1,0.88406116,0.11403772,0.0019010889
2852,MR048994,glioma,0,1,0.18284205,0.81626743,0.00089057157
2853,MR048994,glioma,0,1,0.06184307,0.9376455,0.00051134196
2858,MR049142,glioma,0,1,0.58845127,0.1763061,0.2352426
2859,MR049142,glioma,0,1,0.93710196,0.024484228,0.038413793
2860,MR049142,glioma,0,1,0.7304841,0.017327318,0.25218862
2861,MR048994B,glioma,0,1,0.99996877,9.7969605e-06,2.151652e-05
2862,MR048994B,glioma,0,1,0.9998766,2.581267e-05,9.747138e-05
2863,MR048994B,glioma,0,1,0.9999485,3.4794528e-05,1.6716154e-05
2864,MR048994B,glioma,0,1,0.9998362,0.000116095456,4.769908e-05
2865,MR048994B,glioma,0,1,0.9998877,7.006224e-05,4.2180127e-05
2906,MR050791B,glioma,0,1,0.50278753,0.49719262,1.9834786e-05
2907,MR050791B,glioma,0,1,0.7956979,0.20423855,6.3591935e-05
2908,MR050791B,glioma,0,1,0.5213997,0.4782586,0.00034166762
2909,MR050791B,glioma,0,1,0.26589194,0.732795,0.0013130386
2910,MR050791B,glioma,0,1,0.08806201,0.90883297,0.0031050944
2911,MR050791B,glioma,0,1,0.74058384,0.25419456,0.0052215545
2912,MR050791B,glioma,0,1,0.3209869,0.6703735,0.008639568
2913,MR050791B,glioma,0,1,0.8569402,0.12592919,0.017130649
2975,MR052550,glioma,0,1,0.9999993,1.2883119e-07,6.527704e-07
2976,MR052550,glioma,0,1,0.99998784,4.7859176e-06,7.3669203e-06
2977,MR052550,glioma,0,1,0.9999969,4.602611e-07,2.5974502e-06
2978,MR052550,glioma,0,1,0.9999684,4.82187e-06,2.6808217e-05
2979,MR052550,glioma,0,1,0.999877,1.28252905e-05,0.00011009864
2980,MR052550,glioma,0,1,0.99998736,1.825803e-06,1.085436e-05
2981,MR052550,glioma,0,1,0.9999387,5.5356386e-06,5.583881e-05
2982,MR052550,glioma,0,1,0.9999814,2.9173013e-06,1.571781e-05
3014,MR050687C,glioma,0,1,0.9776919,0.022253754,5.4387896e-05
3015,MR050687C,glioma,0,1,0.98285735,0.016608685,0.0005338968
3016,MR050687C,glioma,0,1,0.99890995,0.0009070824,0.00018299633
3017,MR050687C,glioma,0,1,0.996784,0.002981827,0.00023425193
3018,MR050687C,glioma,0,1,0.9998547,9.843091e-05,4.683758e-05
3019,MR050687C,glioma,0,1,0.99983394,9.810846e-05,6.797732e-05
3031,MR033389B,glioma,0,1,0.99985385,0.00012922187,1.6925846e-05
3032,MR033389B,glioma,0,1,0.99999726,1.1069391e-06,1.6694928e-06
3033,MR033389B,glioma,0,1,0.9996093,5.7103102e-06,0.00038497063
3034,MR033389B,glioma,0,1,0.9999958,7.741149e-08,4.0171203e-06
3035,MR033389B,glioma,0,1,0.99975675,1.02562105e-07,0.00024309487
3036,MR033389B,glioma,0,1,0.9999635,5.590128e-08,3.64919e-05
3037,MR033389B,glioma,0,1,0.9996649,2.0174619e-07,0.00033480633
3038,MR033389B,glioma,0,1,0.99988663,9.750369e-07,0.00011239228
3064,88510,meningioma,1,1,0.0518187,0.919483,0.028698372
16,101127,meningioma,1,2,0.12506954,0.52609694,0.3488335
17,101127,meningioma,1,2,0.006842605,0.9850796,0.008077806
18,101127,meningioma,1,2,0.0031018185,0.99266714,0.0042310273
19,101127,meningioma,1,2,0.38140175,0.52071553,0.09788273
27,102675,meningioma,1,2,0.017432407,0.98161066,0.0009569308
28,102714,meningioma,1,2,0.03701384,0.82662165,0.1363645
29,102714,meningioma,1,2,0.0014433927,0.9943831,0.0041734995
30,102714,meningioma,1,2,0.0063916943,0.9925742,0.0010340778
31,102714,meningioma,1,2,0.0034779198,0.99646544,5.6714653e-05
49,104281,meningioma,1,2,0.012241151,0.978437,0.009321942
50,104281,meningioma,1,2,0.011513678,0.986623,0.0018634255
51,104281,meningioma,1,2,0.0022624908,0.9972631,0.00047447757
52,104281,meningioma,1,2,0.002782385,0.9961753,0.001042304
53,104281,meningioma,1,2,0.32486358,0.6706004,0.004535945
54,104281,meningioma,1,2,0.02525223,0.974116,0.0006317658
55,104281,meningioma,1,2,0.04608722,0.953085,0.00082783855
58,105555,meningioma,1,2,0.038204495,0.9595127,0.0022826835
62,106284,meningioma,1,2,0.015871834,0.87835056,0.10577757
63,106284,meningioma,1,2,0.034013093,0.9281708,0.037816104
64,106284,meningioma,1,2,0.0062562227,0.99081004,0.0029337513
65,106284,meningioma,1,2,0.01046605,0.9849194,0.004614492
66,106284,meningioma,1,2,0.020114772,0.97919035,0.000694856
73,106665,meningioma,1,2,0.849815,0.14973737,0.00044766578
74,106665,meningioma,1,2,0.13560086,0.8634314,0.0009677112
75,106665,meningioma,1,2,0.04339733,0.95573604,0.00086663343
76,106665,meningioma,1,2,0.4808288,0.51516896,0.0040022167
77,106665,meningioma,1,2,0.31205842,0.6867862,0.0011554543
78,106665,meningioma,1,2,0.103060715,0.8966294,0.00030989782
79,106665,meningioma,1,2,0.02218984,0.9777591,5.1025894e-05
87,106914,meningioma,1,2,0.023671027,0.9746337,0.001695285
88,106914,meningioma,1,2,0.0058697867,0.9878535,0.006276646
89,106914,meningioma,1,2,0.013613961,0.9771639,0.00922217
90,106914,meningioma,1,2,0.25196978,0.7264333,0.021596879
111,108550,meningioma,1,2,0.007169261,0.3156392,0.67719156
112,108550,meningioma,1,2,0.0010209801,0.9522706,0.04670844
128,111366,meningioma,1,2,0.20861077,0.78129214,0.010097104
129,111366,meningioma,1,2,0.71315897,0.28427997,0.0025610432
130,111366,meningioma,1,2,0.5849635,0.41221032,0.0028262257
131,111366,meningioma,1,2,0.5780816,0.3916959,0.030222496
139,112062,meningioma,1,2,0.0007398974,0.99925846,1.6695357e-06
140,112062,meningioma,1,2,0.0015700406,0.998428,2.0753214e-06
141,112062,meningioma,1,2,0.0005799235,0.99941933,6.696403e-07
142,112252,meningioma,1,2,0.02847956,0.9715161,4.4087146e-06
143,112252,meningioma,1,2,0.04709371,0.95290494,1.3463394e-06
227,101127,meningioma,1,2,0.0002060258,0.02860975,0.97118425
228,101127,meningioma,1,2,8.3233805e-05,0.070182,0.92973477
229,101127,meningioma,1,2,0.000351552,0.09295875,0.9066897
230,101127,meningioma,1,2,0.000115664385,0.039147433,0.96073693
240,102675,meningioma,1,2,0.064646974,0.8944292,0.040923882
241,102675,meningioma,1,2,0.01921843,0.17133753,0.80944407
242,102714,meningioma,1,2,0.0017072227,0.9974438,0.0008489533
243,102714,meningioma,1,2,0.008412989,0.9881909,0.0033961157
244,102714,meningioma,1,2,0.0038489925,0.9947238,0.0014272172
245,102714,meningioma,1,2,0.005444159,0.98866254,0.005893223
275,104281,meningioma,1,2,0.011323314,0.98716426,0.0015124021
276,104281,meningioma,1,2,0.01934213,0.97433484,0.0063230083
277,104281,meningioma,1,2,0.18822975,0.8093857,0.002384567
278,104281,meningioma,1,2,0.050248012,0.94814485,0.001607107
279,104281,meningioma,1,2,0.024278147,0.96795815,0.0077636144
280,104281,meningioma,1,2,0.038972396,0.9588278,0.0021998538
283,105555,meningioma,1,2,0.009348919,0.92464453,0.066006534
284,105555,meningioma,1,2,0.012326821,0.94245243,0.045220744
285,105555,meningioma,1,2,0.4869976,0.486572,0.026430428
290,106284,meningioma,1,2,0.051461868,0.34425804,0.6042801
291,106284,meningioma,1,2,0.00630733,0.18127622,0.8124165
292,106284,meningioma,1,2,0.0001249071,0.015743306,0.98413175
293,106284,meningioma,1,2,0.00015332799,0.02191258,0.97793406
299,106665,meningioma,1,2,0.008677914,0.987982,0.0033402015
300,106665,meningioma,1,2,0.003952211,0.99579465,0.00025309686
301,106665,meningioma,1,2,0.10851624,0.88971984,0.0017639727
302,106665,meningioma,1,2,0.03164595,0.9677548,0.000599229
303,106665,meningioma,1,2,0.038576003,0.96058804,0.0008358936
311,106914,meningioma,1,2,0.0030755948,0.99683774,8.665434e-05
312,106914,meningioma,1,2,0.0014183625,0.9985672,1.4344529e-05
313,106914,meningioma,1,2,0.0066444627,0.9931845,0.00017102768
314,106914,meningioma,1,2,0.0030012296,0.99699354,5.2256205e-06
332,108550,meningioma,1,2,0.0060938005,0.18208022,0.81182593
333,108550,meningioma,1,2,0.0062992615,0.57747585,0.41622487
353,111366,meningioma,1,2,0.0031885598,0.9870472,0.009764161
354,111366,meningioma,1,2,0.010280093,0.9142363,0.075483665
355,111366,meningioma,1,2,0.0016512156,0.9926796,0.005669116
356,111366,meningioma,1,2,0.012550366,0.9613797,0.026069993
366,112062,meningioma,1,2,0.17998625,0.8195773,0.0004364125
367,112062,meningioma,1,2,0.005876904,0.99411255,1.0538537e-05
368,112062,meningioma,1,2,0.011811092,0.9881656,2.3309043e-05
369,112062,meningioma,1,2,0.08766282,0.9122623,7.484888e-05
370,112252,meningioma,1,2,0.0009231973,0.95212364,0.046953183
371,112252,meningioma,1,2,0.0002013796,0.99946123,0.00033745472
452,100920,meningioma,1,2,0.0015466395,0.9927539,0.005699362
453,100920,meningioma,1,2,0.00022862898,0.99136996,0.008401352
454,100920,meningioma,1,2,0.0030480016,0.7879138,0.20903812
461,101127,meningioma,1,2,0.00820656,0.8803989,0.1113945
462,101127,meningioma,1,2,0.009149462,0.2893029,0.7015477
463,101127,meningioma,1,2,0.0005095114,0.73079383,0.26869658
464,101127,meningioma,1,2,0.004267388,0.7150825,0.28065005
478,102675,meningioma,1,2,0.00146466,0.99621105,0.0023242712
479,102675,meningioma,1,2,0.024707893,0.96972144,0.0055707293
480,102714,meningioma,1,2,0.07763747,0.922287,7.552835e-05
481,102714,meningioma,1,2,0.0015008098,0.99787843,0.0006208001
482,102714,meningioma,1,2,0.0011222009,0.99794775,0.0009300773
483,102714,meningioma,1,2,0.02836531,0.9304664,0.04116829
484,102714,meningioma,1,2,0.5534942,0.4166727,0.029833045
510,104281,meningioma,1,2,0.002605079,0.9973707,2.4124725e-05
511,104281,meningioma,1,2,0.00015734076,0.9998023,4.0402516e-05
512,104281,meningioma,1,2,0.0007542841,0.99840635,0.00083942246
513,104281,meningioma,1,2,0.0068203723,0.9868765,0.0063031255
514,104695,meningioma,1,2,0.9894678,0.010446976,8.52885e-05
515,104695,meningioma,1,2,0.993254,0.0066799754,6.610504e-05
516,104695,meningioma,1,2,0.7695169,0.22993407,0.0005491347
518,105555,meningioma,1,2,0.11645073,0.58006245,0.3034868
519,105555,meningioma,1,2,0.026142748,0.05162853,0.9222287
523,106284,meningioma,1,2,0.0019534682,0.26860124,0.72944534
524,106284,meningioma,1,2,0.00031069084,0.054848284,0.9448411
525,106284,meningioma,1,2,0.00067806116,0.05080832,0.9485136
526,106284,meningioma,1,2,0.011184624,0.337916,0.6508994
533,106665,meningioma,1,2,0.01710591,0.98285574,3.8259353e-05
534,106665,meningioma,1,2,0.0018315765,0.9981541,1.4270711e-05
535,106665,meningioma,1,2,0.0057719885,0.9942116,1.6298272e-05
536,106665,meningioma,1,2,0.007519667,0.9924281,5.2131563e-05
537,106665,meningioma,1,2,0.019509433,0.9800653,0.00042531246
538,106665,meningioma,1,2,0.005994044,0.99235535,0.0016506565
539,106665,meningioma,1,2,0.015613275,0.9840518,0.0003348746
543,106914,meningioma,1,2,0.0009988619,0.9915326,0.007468459
544,106914,meningioma,1,2,0.0005621068,0.9966001,0.002837926
545,106914,meningioma,1,2,0.006178599,0.9934,0.00042147381
546,106914,meningioma,1,2,0.005673652,0.9887889,0.0055374643
547,106914,meningioma,1,2,0.008826607,0.8563677,0.13480566
548,106914,meningioma,1,2,0.00068039953,0.98264205,0.0166776
549,106914,meningioma,1,2,0.011534766,0.8432491,0.14521621
569,108550,meningioma,1,2,0.0050242636,0.63002646,0.36494926
570,108550,meningioma,1,2,0.010964943,0.6668233,0.32221174
577,109350,meningioma,1,2,0.0044146855,0.97092754,0.024657821
578,109350,meningioma,1,2,0.032041468,0.95373094,0.014227601
584,110808,meningioma,1,2,0.1300386,0.8678193,0.0021421139
585,110808,meningioma,1,2,0.06820919,0.93175656,3.419826e-05
589,111366,meningioma,1,2,0.42123893,0.5728249,0.0059361965
590,111366,meningioma,1,2,0.52465135,0.47477546,0.0005731817
591,111366,meningioma,1,2,0.0031205143,0.9968591,2.0445606e-05
592,111366,meningioma,1,2,0.0014917456,0.9985051,3.2354492e-06
597,111710,meningioma,1,2,0.04492131,0.9525814,0.0024973429
598,111710,meningioma,1,2,0.23498735,0.74975866,0.015253959
603,112062,meningioma,1,2,0.03304915,0.96667564,0.00027519278
604,112062,meningioma,1,2,0.008514903,0.9911959,0.00028918753
605,112062,meningioma,1,2,0.020461626,0.9784685,0.0010698342
606,112252,meningioma,1,2,0.037531864,0.95482737,0.007640782
607,112252,meningioma,1,2,0.01800672,0.4309587,0.5510346
655,114417,meningioma,1,2,0.24807608,0.74678445,0.0051393798
656,114417,meningioma,1,2,0.048067912,0.9507341,0.00119804
657,114417,meningioma,1,2,0.9489887,0.041167047,0.009844294
658,114417,meningioma,1,2,0.3091828,0.6436809,0.04713639
693,99162,meningioma,1,2,0.004246673,0.99523157,0.0005218137
694,99162,meningioma,1,2,0.0026769005,0.9951946,0.0021284975
695,99162,meningioma,1,2,0.0034626974,0.95439523,0.042142108
799,90284,glioma,0,2,0.93054384,0.06069415,0.008761986
800,90284,glioma,0,2,0.9407164,0.030129202,0.029154321
801,90284,glioma,0,2,0.917279,0.0777652,0.004955924
802,90284,glioma,0,2,0.94953597,0.046126988,0.0043370184
803,90284,glioma,0,2,0.9967751,0.0022882205,0.0009366787
804,90284,glioma,0,2,0.9709622,0.013173992,0.015863761
805,90284,glioma,0,2,0.9996425,0.00010892509,0.000248536
806,90284,glioma,0,2,0.99587363,0.0022951032,0.0018312831
809,93825,glioma,0,2,0.9609533,0.023992626,0.01505411
810,93825,glioma,0,2,0.93843126,0.05128244,0.010286285
811,93825,glioma,0,2,0.70005524,0.29531455,0.0046302252
870,90284,glioma,0,2,0.15002084,0.29656386,0.5534153
871,90284,glioma,0,2,0.084235795,0.09870934,0.8170549
872,90284,glioma,0,2,0.7668526,0.22986001,0.0032873
873,90284,glioma,0,2,0.25064138,0.11465892,0.6346997
874,90284,glioma,0,2,0.015275033,0.018763794,0.9659612
875,90284,glioma,0,2,0.06556825,0.0605093,0.87392247
876,90284,glioma,0,2,0.958735,0.020934965,0.020330071
877,90284,glioma,0,2,0.9974739,0.0014183406,0.0011078066
878,90284,glioma,0,2,0.99953985,0.00035697327,0.00010315105
879,90284,glioma,0,2,0.8399125,0.01548005,0.1446075
880,90284,glioma,0,2,0.8803031,0.05250709,0.06718983
888,93825,glioma,0,2,0.8968178,0.09588495,0.007297171
889,93825,glioma,0,2,0.98746246,0.0026571234,0.0098803565
890,93825,glioma,0,2,0.9748343,0.021754382,0.003411327
891,93825,glioma,0,2,0.8922595,0.10407697,0.0036635823
946,107743,pituitary,2,2,2.839907e-07,0.0016812126,0.99831855
947,107743,pituitary,2,2,9.27609e-07,0.0016837897,0.99831533
948,107743,pituitary,2,2,7.849298e-06,0.0054272558,0.9945649
949,107743,pituitary,2,2,1.1518103e-05,0.001112185,0.9988763
1003,112746,pituitary,2,2,0.0014980052,0.0424096,0.95609236
1004,112746,pituitary,2,2,0.0027894024,0.026359357,0.97085124
1005,112746,pituitary,2,2,0.011374092,0.005837745,0.98278815
1015,114040,pituitary,2,2,1.7346018e-05,0.00036777928,0.99961483
1016,114040,pituitary,2,2,0.0022629087,0.0027453336,0.9949917
1017,114040,pituitary,2,2,0.005931137,0.013183902,0.980885
1018,114361,pituitary,2,2,0.00022683394,0.0040952186,0.995678
1019,114361,pituitary,2,2,0.00063009205,0.0076112445,0.99175864
1020,114361,pituitary,2,2,0.408486,0.28318202,0.308332
1030,101029,pituitary,2,2,0.0006826254,0.07866893,0.92064846
1031,101029,pituitary,2,2,0.0067676483,0.029542036,0.9636903
1032,101029,pituitary,2,2,0.00092874037,0.016708052,0.9823632
1033,101029,pituitary,2,2,0.00024906316,0.03732837,0.96242255
1059,107743,pituitary,2,2,9.996048e-05,0.00019027614,0.9997098
1060,107743,pituitary,2,2,1.644462e-06,0.000113864255,0.9998845
1061,107743,pituitary,2,2,2.6907533e-06,0.0011715883,0.9988257
1062,107743,pituitary,2,2,3.3696308e-06,0.0053708027,0.99462587
1063,107743,pituitary,2,2,1.23680875e-05,0.027408786,0.9725788
1064,107743,pituitary,2,2,7.3469455e-05,0.03784264,0.96208394
1140,112746,pituitary,2,2,0.00011207584,0.033448823,0.96643907
1141,112746,pituitary,2,2,0.00012264225,0.007269543,0.99260783
1142,112746,pituitary,2,2,9.428302e-06,0.0015114849,0.99847907
1143,112746,pituitary,2,2,2.4137153e-06,0.00045543662,0.99954224
1154,114040,pituitary,2,2,2.0122968e-06,4.075003e-05,0.9999572
1155,114040,pituitary,2,2,8.984361e-06,9.537903e-05,0.9998956
1156,114040,pituitary,2,2,3.0074407e-05,0.000978736,0.9989912
1157,114361,pituitary,2,2,3.4480813e-06,0.010525295,0.9894713
1158,114361,pituitary,2,2,7.317716e-05,0.013221961,0.9867049
1159,114361,pituitary,2,2,0.00029802398,0.063283496,0.9364185
1160,114361,pituitary,2,2,0.00046349491,0.3087911,0.6907454
1194,107743,pituitary,2,2,6.6927794e-05,0.0020990463,0.997834
1195,107743,pituitary,2,2,5.8218393e-06,0.0015439638,0.99845016
1196,107743,pituitary,2,2,7.750329e-07,0.0009335559,0.9990657
1197,107743,pituitary,2,2,1.8092678e-05,0.003593022,0.9963889
1256,112746,pituitary,2,2,8.651568e-05,0.01050036,0.9894132
1257,112746,pituitary,2,2,1.1040648e-05,0.0034426763,0.9965463
1258,112746,pituitary,2,2,0.0012060661,0.0031424,0.99565154
1259,112746,pituitary,2,2,0.00016969473,0.0057582697,0.994072
1260,112746,pituitary,2,2,0.00028785478,0.0034514286,0.9962607
1273,114040,pituitary,2,2,0.026050078,0.01747508,0.9564749
1274,114040,pituitary,2,2,0.017730037,0.065972835,0.91629714
1275,114040,pituitary,2,2,0.0007323444,0.024584508,0.9746832
1276,114361,pituitary,2,2,0.00010510007,0.0832874,0.91660744
1277,114361,pituitary,2,2,0.0003332605,0.043526515,0.9561402
1278,114361,pituitary,2,2,7.6407385e-05,0.0130837485,0.9868398
1283,101029,pituitary,2,2,0.00028775277,0.0040656305,0.99564654
1284,101029,pituitary,2,2,0.00021444137,0.005242493,0.9945431
1317,103582,pituitary,2,2,7.1195745e-06,0.00064553705,0.9993474
1318,103582,pituitary,2,2,1.3962016e-05,0.0013501996,0.9986358
1319,103582,pituitary,2,2,0.00013542575,0.0005431022,0.99932146
1320,103582,pituitary,2,2,8.591969e-05,0.0037829713,0.99613106
1321,103582,pituitary,2,2,0.00025009442,0.005212282,0.99453765
1322,103582,pituitary,2,2,0.0005574886,0.0036985667,0.99574393
1348,104019,pituitary,2,2,1.664078e-05,0.00071619655,0.99926716
1349,104019,pituitary,2,2,4.0303444e-06,0.00011820816,0.9998777
1350,104019,pituitary,2,2,1.9068868e-05,0.00026029188,0.99972063
1351,104019,pituitary,2,2,9.837208e-05,0.0017370189,0.9981646
1352,104558,pituitary,2,2,0.00081615767,0.038958862,0.960225
1353,104558,pituitary,2,2,8.151549e-05,0.03861728,0.96130115
1354,104558,pituitary,2,2,6.9779135e-06,0.004968128,0.99502486
1355,104558,pituitary,2,2,6.438676e-05,0.0012919225,0.9986437
1356,104558,pituitary,2,2,0.0008968247,0.036313213,0.96278995
1357,104558,pituitary,2,2,0.009632935,0.1687731,0.82159394
1358,104558,pituitary,2,2,0.00030115503,0.008211993,0.9914868
1359,104558,pituitary,2,2,0.0045433594,0.3541735,0.64128315
1395,97461,pituitary,2,2,4.878086e-07,0.0020062947,0.99799323
1396,97461,pituitary,2,2,9.754912e-07,0.0038275768,0.9961714
1397,97461,pituitary,2,2,4.284188e-07,0.0006625913,0.9993369
1398,97461,pituitary,2,2,1.4840572e-05,0.0020741983,0.9979109
1399,97461,pituitary,2,2,9.299074e-07,0.00013553319,0.9998635
1400,97461,pituitary,2,2,1.04479595e-05,0.0013066896,0.9986828
1401,97461,pituitary,2,2,2.7732262e-06,0.0007497502,0.99924755
1402,97461,pituitary,2,2,1.6657817e-06,0.00021408388,0.9997843
1403,97461,pituitary,2,2,4.6184618e-05,0.00053472264,0.9994191
1410,97890,pituitary,2,2,0.0006904746,0.015493881,0.9838156
1411,97890,pituitary,2,2,0.0035063939,0.010775253,0.98571837
1412,97890,pituitary,2,2,0.0017466453,0.013650568,0.9846028
1413,97890,pituitary,2,2,0.0041407556,0.008500243,0.987359
1424,98871,pituitary,2,2,1.7574033e-06,0.0005260079,0.9994722
1425,98871,pituitary,2,2,1.7857154e-07,2.7222113e-05,0.9999726
1426,98871,pituitary,2,2,4.2566438e-07,0.000232071,0.9997675
1427,98871,pituitary,2,2,8.403366e-05,0.011949493,0.9879665
1428,98871,pituitary,2,2,9.5794014e-05,0.0062195705,0.9936846
1429,98871,pituitary,2,2,0.00014171869,0.004580024,0.99527824
1462,101029,pituitary,2,2,1.4982551e-14,4.1512584e-09,1.0
1463,101029,pituitary,2,2,7.935322e-14,5.7122014e-09,1.0
1464,101029,pituitary,2,2,9.754164e-16,3.80215e-09,1.0
1465,101029,pituitary,2,2,4.1994847e-14,1.0205168e-08,1.0
1466,101029,pituitary,2,2,2.6020393e-14,6.0887886e-09,1.0
1467,101029,pituitary,2,2,8.4969125e-13,1.619792e-08,1.0
1506,103582,pituitary,2,2,8.224402e-07,0.0024774286,0.9975217
1507,103582,pituitary,2,2,9.88217e-07,0.010351099,0.9896479
1508,103582,pituitary,2,2,1.885164e-06,0.0060850014,0.9939131
1509,103582,pituitary,2,2,8.50639e-07,0.018504614,0.98149455
1510,103582,pituitary,2,2,3.666352e-07,0.009069074,0.9909306
1533,104019,pituitary,2,2,5.5853658e-08,1.1126371e-05,0.9999888
1534,104019,pituitary,2,2,2.8900331e-08,7.2479156e-06,0.9999927
1535,104019,pituitary,2,2,1.7436007e-07,1.6023741e-05,0.9999838
1536,104019,pituitary,2,2,9.535869e-08,1.6541071e-05,0.9999833
1537,104019,pituitary,2,2,7.56377e-07,4.435403e-05,0.99995494
1538,104558,pituitary,2,2,7.25109e-05,0.0006379711,0.9992895
1539,104558,pituitary,2,2,8.861906e-05,0.0048887297,0.99502265
1540,104558,pituitary,2,2,1.0924751e-05,0.00024191262,0.9997472
1541,104558,pituitary,2,2,1.629207e-05,0.00057506806,0.9994086
1542,104558,pituitary,2,2,2.5452586e-05,0.007624901,0.9923496
1543,104558,pituitary,2,2,3.0872383e-05,0.13678803,0.8631811
1544,104558,pituitary,2,2,0.024643384,0.19243944,0.7829172
1581,97461,pituitary,2,2,3.301223e-08,2.6244877e-06,0.9999974
1582,97461,pituitary,2,2,1.3662644e-08,1.6077433e-06,0.99999833
1583,97461,pituitary,2,2,1.933635e-08,6.612896e-06,0.9999933
1584,97461,pituitary,2,2,4.506853e-09,3.8488756e-06,0.9999962
1585,97461,pituitary,2,2,3.2446323e-08,3.4380207e-06,0.99999654
1586,97461,pituitary,2,2,8.347146e-08,7.2109483e-06,0.9999927
1587,97461,pituitary,2,2,3.2469895e-08,3.4465793e-05,0.99996555
1588,97461,pituitary,2,2,2.1895286e-07,0.0011679708,0.9988318
1596,97890,pituitary,2,2,2.8865136e-07,0.00019034975,0.99980944
1597,97890,pituitary,2,2,3.5263733e-07,0.0004968549,0.9995028
1598,97890,pituitary,2,2,5.701156e-07,6.661528e-05,0.99993277
1599,97890,pituitary,2,2,2.9754722e-06,0.00014268197,0.9998543
1609,98871,pituitary,2,2,1.5851145e-06,0.00022749828,0.99977094
1610,98871,pituitary,2,2,5.180933e-08,3.9881063e-05,0.99996006
1611,98871,pituitary,2,2,1.7340653e-07,6.481914e-05,0.99993503
1612,98871,pituitary,2,2,3.254335e-07,1.0361808e-05,0.9999893
1613,98871,pituitary,2,2,1.7985542e-08,0.00011190718,0.99988806
1614,98871,pituitary,2,2,1.215224e-08,1.7531125e-05,0.9999825
1615,98871,pituitary,2,2,2.6799307e-07,0.00020135111,0.99979836
1644,101029,pituitary,2,2,2.8563225e-06,8.256216e-05,0.9999145
1645,101029,pituitary,2,2,2.2020392e-07,4.8835022e-06,0.9999949
1646,101029,pituitary,2,2,4.5286097e-07,1.3147938e-05,0.9999864
1647,101029,pituitary,2,2,1.1141004e-06,2.6550226e-05,0.99997234
1648,101029,pituitary,2,2,2.3632301e-05,6.716856e-05,0.99990916
1649,101029,pituitary,2,2,5.2854924e-05,4.080543e-05,0.9999063
1650,101029,pituitary,2,2,2.3472703e-06,6.44988e-05,0.9999331
1692,103582,pituitary,2,2,3.3034386e-05,0.01703616,0.98293084
1693,103582,pituitary,2,2,5.911445e-05,0.023875756,0.9760651
1694,103582,pituitary,2,2,0.00012641955,0.020403381,0.9794702
1695,103582,pituitary,2,2,0.00076839066,0.01279464,0.986437
1696,103582,pituitary,2,2,2.5167903e-06,0.0074392855,0.99255824
1697,103582,pituitary,2,2,8.413549e-06,0.0094435,0.9905481
1698,103582,pituitary,2,2,3.3188502e-05,0.008125604,0.9918412
1699,103582,pituitary,2,2,0.00025631508,0.0060125403,0.9937311
1721,104019,pituitary,2,2,5.558694e-05,0.007045586,0.9928988
1722,104019,pituitary,2,2,0.00010937927,0.015478495,0.98441213
1723,104019,pituitary,2,2,0.00021940896,0.010492868,0.98928773
1724,104019,pituitary,2,2,6.709644e-05,0.0068220366,0.9931109
1725,104558,pituitary,2,2,0.064870246,0.012562856,0.92256683
1726,104558,pituitary,2,2,0.01416051,0.011208121,0.9746313
1727,104558,pituitary,2,2,0.009328912,0.08975958,0.9009115
1728,104558,pituitary,2,2,0.004795317,0.044250276,0.95095444
1729,104558,pituitary,2,2,0.00021189576,0.014175239,0.9856128
1730,104558,pituitary,2,2,0.018460082,0.075408936,0.90613097
1731,104558,pituitary,2,2,0.0002699832,0.007295486,0.9924345
1732,104558,pituitary,2,2,0.0023199497,0.013214077,0.98446596
1733,104558,pituitary,2,2,0.0014525345,0.019468969,0.9790785
1773,97461,pituitary,2,2,1.0536295e-06,0.00031392902,0.99968505
1774,97461,pituitary,2,2,3.4472654e-07,0.00024775995,0.99975187
1775,97461,pituitary,2,2,2.021351e-05,0.00070900307,0.99927074
1776,97461,pituitary,2,2,5.4481166e-05,0.0056843706,0.99426115
1777,97461,pituitary,2,2,3.8737226e-06,0.0028630907,0.997133
1778,97461,pituitary,2,2,1.4857172e-06,0.0003666528,0.9996319
1779,97461,pituitary,2,2,1.6379601e-05,0.0013947281,0.99858886
1780,97461,pituitary,2,2,3.5474775e-05,0.0015539627,0.9984106
1789,97890,pituitary,2,2,1.0370859e-05,0.0018796009,0.99811006
1790,97890,pituitary,2,2,8.287898e-05,0.015355565,0.9845615
1791,97890,pituitary,2,2,9.049608e-05,0.021771658,0.97813785
1792,97890,pituitary,2,2,0.0033284435,0.011117114,0.98555446
1793,97890,pituitary,2,2,2.8877294e-06,0.0004012863,0.9995958
1794,97890,pituitary,2,2,7.021577e-06,0.0028260162,0.99716693
1806,98871,pituitary,2,2,0.012347202,0.023874953,0.9637779
1807,98871,pituitary,2,2,0.00091350713,0.009078295,0.99000823
1808,98871,pituitary,2,2,0.0010476344,0.057700317,0.9412521
1809,98871,pituitary,2,2,0.014230573,0.018281935,0.9674875
1810,98871,pituitary,2,2,0.37195954,0.01345453,0.614586
1811,98871,pituitary,2,2,0.00023239138,0.002205297,0.9975623
1812,98871,pituitary,2,2,0.00020484805,0.0030531152,0.99674207
1853,MR048294B,glioma,0,2,0.99999964,3.3547913e-08,3.2879888e-07
1854,MR048621B,glioma,0,2,0.33289343,0.048025187,0.6190814
1855,MR048621B,glioma,0,2,0.6000613,0.012363954,0.38757473
1856,MR048621B,glioma,0,2,0.9924785,0.0010803608,0.006441137
1857,MR048621B,glioma,0,2,0.98959434,0.0014787714,0.00892691
1858,MR048621B,glioma,0,2,0.9953549,0.00039077885,0.0042543584
1859,MR048621B,glioma,0,2,0.9886671,0.0029430962,0.0083898995
1860,MR048621B,glioma,0,2,0.9882188,0.004356624,0.0074244845
1861,MR048621B,glioma,0,2,0.9898974,0.0076333666,0.0024692034
1879,MR049104,glioma,0,2,0.99999976,2.0451074e-07,5.720522e-08
1880,MR049104,glioma,0,2,1.0,5.7209566e-09,1.3953122e-08
1945,MR048294B,glioma,0,2,0.9999937,8.4530944e-07,5.432282e-06
1946,MR048294B,glioma,0,2,1.0,7.858671e-10,4.3026684e-09
1947,MR048294B,glioma,0,2,1.0,5.2561344e-10,5.009444e-10
1948,MR048621B,glioma,0,2,0.18038604,0.135927,0.683687
1949,MR048621B,glioma,0,2,0.13308984,0.048255865,0.8186543
1998,MR051461,glioma,0,2,0.9999999,1.5817601e-07,1.9054129e-08
1999,MR051461,glioma,0,2,0.9999982,1.7902554e-06,5.1270526e-08
2000,MR051461,glioma,0,2,0.9999924,7.3749534e-06,2.9466915e-07
2001,MR051461,glioma,0,2,0.9997373,0.0002601027,2.6275666e-06
2002,MR051461,glioma,0,2,0.9999523,4.5435143e-05,2.2578647e-06
2003,MR051461,glioma,0,2,0.999982,1.664516e-05,1.2549748e-06
2004,MR051461,glioma,0,2,0.9999714,2.7937802e-05,6.950055e-07
2012,MR051461B,glioma,0,2,0.98060256,0.019268967,0.00012841777
2013,MR051461B,glioma,0,2,0.9978987,0.002075369,2.5874526e-05
2014,MR051461B,glioma,0,2,0.99542904,0.004544336,2.6567704e-05
2015,MR051461B,glioma,0,2,0.9970433,0.0029544064,2.2767067e-06
2016,MR051461B,glioma,0,2,0.9873569,0.012639861,3.2357698e-06
2017,MR051644,glioma,0,2,0.49109662,0.03265901,0.47624433
2018,MR051644,glioma,0,2,0.85500395,0.112569645,0.032426395
2019,MR051644,glioma,0,2,0.9784702,0.02059271,0.0009371377
2020,MR051644,glioma,0,2,0.97921526,0.018826148,0.0019586282
2021,MR051644,glioma,0,2,0.50867,0.46042603,0.030904012
2022,MR051644,glioma,0,2,0.54779,0.4018072,0.050402805
2023,MR051644,glioma,0,2,0.4896407,0.49562448,0.014734837
2024,MR051644,glioma,0,2,0.9084762,0.0760945,0.015429319
2025,MR051644,glioma,0,2,0.7707787,0.19849253,0.030728796
2026,MR051644,glioma,0,2,0.9873333,0.0070669646,0.0055997083
2027,MR051644,glioma,0,2,0.9934409,0.0046812394,0.0018778902
2028,MR051644,glioma,0,2,0.7966614,0.030802827,0.1725357
2029,MR051644,glioma,0,2,0.9797379,0.0064875707,0.01377455
2030,MR051644,glioma,0,2,0.9905468,0.007144404,0.0023087077
2031,MR051644,glioma,0,2,0.98837286,0.011259913,0.0003672877
2038,MR051796,glioma,0,2,1.0,2.2510125e-08,2.6330007e-08
2039,MR051796,glioma,0,2,0.9999988,6.692252e-07,4.1728347e-07
2040,MR051796,glioma,0,2,0.99996865,2.993204e-05,1.4703323e-06
2041,MR051796,glioma,0,2,0.9996662,0.00032509965,8.670266e-06
2042,MR051796,glioma,0,2,0.99987054,0.00012819785,1.2093368e-06
2043,MR051796,glioma,0,2,0.9995426,0.000456137,1.2731549e-06
2044,MR051796,glioma,0,2,0.994138,0.0058605494,1.438372e-06
2058,MR051796B,glioma,0,2,0.996384,0.00085505896,0.0027608343
2059,MR051796B,glioma,0,2,0.9829259,0.00060096715,0.016473167
2060,MR051796B,glioma,0,2,0.9973219,0.0002212752,0.0024568967
2087,MR053110B,glioma,0,2,0.99887866,0.0005221092,0.0005992271
2088,MR053110B,glioma,0,2,0.9993381,2.759554e-05,0.0006342536
2089,MR053110B,glioma,0,2,0.99995446,1.904598e-06,4.3595872e-05
2090,MR053110B,glioma,0,2,0.9999902,2.8173244e-07,9.516531e-06
2091,MR053110B,glioma,0,2,1.0,2.8682186e-09,4.6476487e-08
2092,MR053110B,glioma,0,2,1.0,4.624126e-09,2.867159e-08
2100,MR054875,glioma,0,2,0.9978284,0.00081528106,0.00135628
2101,MR054875,glioma,0,2,0.99973744,1.8680197e-05,0.00024384362
2102,MR054875,glioma,0,2,0.99969137,3.7488794e-06,0.00030493297
2103,MR054875,glioma,0,2,0.99998367,9.0796725e-08,1.6200676e-05
2128,MR053110E,glioma,0,2,0.99275714,0.0065490766,0.00069389836
2129,MR053110E,glioma,0,2,0.9993309,0.00018505949,0.00048408704
2130,MR053110E,glioma,0,2,0.99995124,1.2163358e-05,3.664364e-05
2131,MR053110E,glioma,0,2,0.9990959,6.080999e-05,0.00084325095
2132,MR053110E,glioma,0,2,0.99998546,5.1761384e-07,1.4043316e-05
2133,MR053110E,glioma,0,2,0.99999833,5.1920745e-07,1.1819818e-06
2186,MR037458C,glioma,0,2,0.060905673,0.013011623,0.9260827
2187,MR037458C,glioma,0,2,0.999326,1.8937712e-05,0.0006550309
2188,MR037458C,glioma,0,2,0.9299046,0.00072186795,0.069373555
2189,MR037458C,glioma,0,2,0.9999949,5.5479654e-07,4.556937e-06
2190,MR037458C,glioma,0,2,0.92922145,0.0014875731,0.06929094
2191,MR037458C,glioma,0,2,0.9999958,2.8073748e-06,1.2940103e-06
2192,MR037458C,glioma,0,2,0.8045865,0.18361984,0.011793654
2193,MR037458C,glioma,0,2,0.99979836,0.00019781342,3.805829e-06
2194,MR037458C,glioma,0,2,0.930131,0.066827334,0.0030416707
2195,MR037458C,glioma,0,2,0.99965274,0.0003372882,1.0012245e-05
2244,MR049104,glioma,0,2,1.0,1.0925538e-08,2.3112288e-09
2245,MR049104,glioma,0,2,1.0,1.9805379e-08,1.3543499e-08
2246,MR049104,glioma,0,2,0.9999999,2.6463173e-08,7.356625e-08
2333,MR051461,glioma,0,2,0.9961683,0.003810516,2.1188982e-05
2334,MR051461,glioma,0,2,0.9944061,0.0055421214,5.176835e-05
2335,MR051461,glioma,0,2,0.99718493,0.0026880223,0.00012703349
2336,MR051461,glioma,0,2,0.99934703,0.00047334895,0.0001796284
2337,MR051461,glioma,0,2,0.9997017,0.0002126413,8.567904e-05
2338,MR051461,glioma,0,2,0.9999521,2.2798511e-05,2.516437e-05
2339,MR051461,glioma,0,2,0.99999964,7.8364636e-08,2.1549567e-07
2340,MR051461,glioma,0,2,0.9999999,5.2031538e-08,1.224971e-07
2341,MR051461,glioma,0,2,0.9999999,2.5979508e-08,6.3754506e-08
2362,MR040240C,glioma,0,2,0.986667,0.0034471033,0.009885903
2363,MR040240C,glioma,0,2,0.99992204,6.205182e-05,1.5852478e-05
2364,MR040240C,glioma,0,2,0.9997706,0.00019742102,3.208424e-05
2365,MR040240C,glioma,0,2,0.9963319,0.00074089726,0.0029272526
2366,MR040240C,glioma,0,2,0.99970335,0.00011009748,0.00018648885
2367,MR040240C,glioma,0,2,0.99986815,8.936114e-05,4.244004e-05
2368,MR040240C,glioma,0,2,0.99999917,5.2140604e-07,3.1607027e-07
2369,MR040240C,glioma,0,2,0.99999905,6.863695e-07,1.934145e-07
2370,MR040240C,glioma,0,2,0.99999964,2.70533e-07,1.2229654e-07
2371,MR040240C,glioma,0,2,0.9999937,5.245866e-06,1.0308407e-06
2372,MR040240C,glioma,0,2,0.99999726,2.1310373e-06,6.0614144e-07
2415,MR048294B,glioma,0,2,0.9998704,1.770552e-05,0.00011176114
2416,MR048294B,glioma,0,2,0.99921477,3.856631e-05,0.00074659265
2417,MR048294B,glioma,0,2,0.99999344,6.253878e-07,5.9808103e-06
2418,MR048294B,glioma,0,2,0.99999917,6.2429706e-08,7.5368433e-07
2419,MR048294B,glioma,0,2,0.99998164,1.3410403e-05,4.9954506e-06
2420,MR048621B,glioma,0,2,0.9969529,0.0014783002,0.0015687896
2421,MR048621B,glioma,0,2,0.9992366,8.966807e-05,0.0006737649
2422,MR048621B,glioma,0,2,0.99818486,0.00036443584,0.0014506676
2423,MR048621B,glioma,0,2,0.9988036,9.475764e-05,0.001101555
2424,MR048621B,glioma,0,2,0.9998851,2.0163885e-05,9.47494e-05
2425,MR048621B,glioma,0,2,0.9999596,1.2954828e-05,2.7381153e-05
2442,MR037458C,glioma,0,2,0.9996512,0.0003408077,8.015904e-06
2509,MR040240C,glioma,0,2,0.9959105,0.00037704562,0.0037124048
2510,MR040240C,glioma,0,2,0.9997359,9.447235e-05,0.00016964269
2511,MR040240C,glioma,0,2,0.99947363,0.0005071313,1.9265623e-05
2512,MR040240C,glioma,0,2,0.99616015,0.0038158705,2.3937226e-05
2513,MR040240C,glioma,0,2,0.975339,0.024072513,0.00058846496
2514,MR040240C,glioma,0,2,0.8240311,0.17569695,0.00027189485
2515,MR040240C,glioma,0,2,0.82815886,0.17173588,0.0001052581
2516,MR040240C,glioma,0,2,0.99991035,2.9782692e-05,5.9805956e-05
2517,MR040240C,glioma,0,2,0.99988854,9.757178e-05,1.3811394e-05
2518,MR040240C,glioma,0,2,0.99926776,0.0007117049,2.0505371e-05
2519,MR040240C,glioma,0,2,0.9981198,0.001875415,4.719991e-06
2520,MR040240C,glioma,0,2,0.99991286,8.57848e-05,1.2738526e-06
2521,MR040240C,glioma,0,2,0.9998704,0.00012908704,4.777774e-07
2522,MR040240C,glioma,0,2,0.9997992,0.00020017246,5.490492e-07
2523,MR040240C,glioma,0,2,0.9999871,1.2132144e-05,7.07378e-07
2550,MR051461B,glioma,0,2,0.9983583,0.0006067294,0.0010349078
2551,MR051461B,glioma,0,2,0.9984034,0.0007600557,0.000836535
2552,MR051461B,glioma,0,2,0.9924856,0.0036300875,0.003884402
2553,MR051461B,glioma,0,2,0.9804528,0.009061291,0.01048596
2554,MR051644,glioma,0,2,0.99717015,0.0028202431,9.638555e-06
2555,MR051644,glioma,0,2,0.99986756,0.0001257817,6.6717066e-06
2556,MR051644,glioma,0,2,0.9999999,1.5567917e-07,1.4470617e-08
2557,MR051644,glioma,0,2,0.99999964,3.426511e-07,3.724836e-08
2558,MR051644,glioma,0,2,0.99998534,1.3592569e-05,1.1051728e-06
2559,MR051644,glioma,0,2,0.99998343,6.2000167e-06,1.0388175e-05
2560,MR051644,glioma,0,2,0.99999845,5.006349e-07,1.0756762e-06
2561,MR051644,glioma,0,2,0.99999464,2.1938522e-06,3.245917e-06
2562,MR051644,glioma,0,2,0.9999957,1.0265223e-06,3.256416e-06
2563,MR051644,glioma,0,2,0.9999988,4.0266156e-07,8.354592e-07
2564,MR051644,glioma,0,2,0.9999969,2.8042607e-06,2.725667e-07
2565,MR051644,glioma,0,2,0.99999964,3.469958e-07,7.1981794e-09
2573,MR051796,glioma,0,2,0.99997306,9.852658e-06,1.7071256e-05
2574,MR051796,glioma,0,2,0.99978215,3.756885e-05,0.00018028644
2575,MR051796,glioma,0,2,0.9999287,9.615059e-06,6.161891e-05
2576,MR051796,glioma,0,2,0.9999565,1.820969e-05,2.524934e-05
2577,MR051796,glioma,0,2,0.9998254,2.6692676e-05,0.00014789289
2578,MR051796,glioma,0,2,0.97523594,0.001739959,0.023024112
2586,MR051796B,glioma,0,2,0.999464,0.00035823986,0.00017775687
2587,MR051796B,glioma,0,2,0.998941,0.0003768594,0.0006820727
2588,MR051796B,glioma,0,2,0.99990296,3.7837253e-05,5.9292473e-05
2617,MR053110B,glioma,0,2,0.9999176,6.2422882e-06,7.6116296e-05
2618,MR053110B,glioma,0,2,0.99998856,2.8259346e-06,8.6405835e-06
2619,MR053110B,glioma,0,2,0.9999949,7.293755e-07,4.4492153e-06
2620,MR053110B,glioma,0,2,0.9999976,1.6340186e-06,7.187142e-07
2621,MR053110B,glioma,0,2,0.9999995,2.3731981e-07,1.9170017e-07
2622,MR053110B,glioma,0,2,0.99999976,8.939049e-08,7.190061e-08
2623,MR053110B,glioma,0,2,1.0,8.326658e-09,3.5661871e-09
2664,MR053110E,glioma,0,2,0.98051757,0.0027477194,0.016734626
2665,MR053110E,glioma,0,2,0.97914493,0.008100901,0.012754161
2666,MR053110E,glioma,0,2,0.99954873,0.00034440437,0.000106860636
2667,MR053110E,glioma,0,2,0.9913573,0.0020110663,0.006631673
2668,MR053110E,glioma,0,2,0.99739873,0.0021926821,0.00040856833
2669,MR053110E,glioma,0,2,0.9978029,0.0010377651,0.0011592357
2670,MR053110E,glioma,0,2,0.99925536,0.0007035472,4.1079657e-05
2671,MR053110E,glioma,0,2,0.99959224,0.00036745946,4.0285926e-05
2672,MR053110E,glioma,0,2,0.9999052,9.157375e-05,3.193395e-06
2673,MR053110E,glioma,0,2,0.99959165,0.0003880087,2.0422287e-05
2674,MR053110E,glioma,0,2,0.9999571,4.189236e-05,1.1275147e-06
2723,MR037458C,glioma,0,2,0.999997,2.9381408e-07,2.7381068e-06
2724,MR037458C,glioma,0,2,0.9999769,1.8595078e-05,4.5108236e-06
2725,MR037458C,glioma,0,2,0.9999696,2.7979051e-05,2.4033702e-06
2726,MR037458C,glioma,0,2,0.99997866,2.0656063e-05,7.408438e-07
2727,MR037458C,glioma,0,2,0.99999154,7.4075906e-06,1.0136981e-06
2728,MR037458C,glioma,0,2,0.99999833,1.1111097e-06,5.435439e-07
2729,MR037458C,glioma,0,2,0.99993384,5.2837426e-05,1.3344088e-05
2730,MR037458C,glioma,0,2,0.99982506,0.00015139699,2.363642e-05
2738,MR053110E,glioma,0,2,0.9999399,1.6778955e-05,4.3307078e-05
2739,MR053110E,glioma,0,2,0.9569741,0.010419629,0.032606248
2740,MR053110E,glioma,0,2,0.8707708,0.0036951187,0.12553406
2741,MR053110E,glioma,0,2,0.9434573,0.013036757,0.043505944
2742,MR053110E,glioma,0,2,0.9793241,0.020313092,0.00036281135
2831,MR048294B,glioma,0,2,0.9963174,0.0036257145,5.6861856e-05
2832,MR048294B,glioma,0,2,0.99969125,0.00024010702,6.863553e-05
2833,MR048294B,glioma,0,2,0.9999436,1.3330063e-05,4.3055297e-05
2834,MR048294B,glioma,0,2,0.99999833,6.3452006e-07,1.105046e-06
2835,MR048294B,glioma,0,2,0.99980515,3.223004e-05,0.00016266384
2836,MR048294B,glioma,0,2,0.99995863,1.9883126e-05,2.149202e-05
2837,MR048621B,glioma,0,2,0.99999225,5.3988424e-06,2.4017336e-06
2838,MR048621B,glioma,0,2,0.9999968,1.4491551e-06,1.7820527e-06
2839,MR048621B,glioma,0,2,0.9999958,1.6927755e-06,2.4966284e-06
2854,MR049104,glioma,0,2,0.9999808,5.37035e-07,1.8617207e-05
2855,MR049104,glioma,0,2,0.99999917,5.6387847e-08,8.742557e-07
2856,MR049104,glioma,0,2,0.9999993,1.4313217e-07,5.390985e-07
2857,MR049104,glioma,0,2,0.9999988,1.1455122e-07,1.0935669e-06
2918,MR051461,glioma,0,2,0.9999902,7.094593e-06,2.6001717e-06
2919,MR051461,glioma,0,2,0.9999436,5.0378232e-05,6.0068114e-06
2920,MR051461,glioma,0,2,0.999998,1.8157822e-06,2.8746894e-07
2921,MR051461,glioma,0,2,0.99958163,0.00037088076,4.7604004e-05
2922,MR051461,glioma,0,2,0.9972013,0.0027768023,2.1888856e-05
2923,MR051461,glioma,0,2,0.99976045,0.00023332765,6.243278e-06
2924,MR051461,glioma,0,2,0.9999702,2.9164912e-05,6.2436266e-07
2934,MR051644,glioma,0,2,0.99999845,1.3731238e-06,7.5531105e-08
2935,MR051644,glioma,0,2,0.99999976,2.8575238e-07,4.9139906e-08
2936,MR051644,glioma,0,2,0.9999982,3.6920903e-07,1.4242459e-06
2937,MR051644,glioma,0,2,0.99999976,2.388352e-07,3.6391132e-08
2938,MR051644,glioma,0,2,0.9999995,3.722458e-07,1.1780765e-07
2939,MR051644,glioma,0,2,0.9999689,3.0459625e-05,6.0213443e-07
2940,MR051644,glioma,0,2,0.999992,7.2628563e-06,6.9083814e-07
2941,MR051644,glioma,0,2,0.99758804,0.002328726,8.3217594e-05
2942,MR051644,glioma,0,2,0.99788034,0.0021088258,1.0784404e-05
2943,MR051644,glioma,0,2,0.9999895,8.240147e-06,2.304372e-06
2948,MR051796,glioma,0,2,0.99969184,0.00020913221,9.9016266e-05
2949,MR051796,glioma,0,2,0.99968576,0.00013255473,0.00018167791
2950,MR051796,glioma,0,2,0.99933964,0.00022182186,0.00043855378
2951,MR051796,glioma,0,2,0.99861324,0.00056335377,0.00082340743
2952,MR051796,glioma,0,2,0.9984048,0.00080380915,0.0007913967
2953,MR051796,glioma,0,2,0.99376833,0.0042438074,0.0019879253
2954,MR051796,glioma,0,2,0.92301726,0.055223264,0.021759443
2970,MR051796B,glioma,0,2,0.9628448,0.006902199,0.030253053
2971,MR051796B,glioma,0,2,0.81338036,0.11512139,0.07149823
2972,MR051796B,glioma,0,2,0.9768569,0.0061439285,0.016999146
2973,MR051796B,glioma,0,2,0.8968086,0.030743811,0.07244754
2974,MR051796B,glioma,0,2,0.19023608,0.5280961,0.28166786
2999,MR053110B,glioma,0,2,0.99999285,2.9966952e-07,6.82758e-06
3000,MR053110B,glioma,0,2,0.99998045,1.5223563e-07,1.9457664e-05
3001,MR053110B,glioma,0,2,0.9999728,8.73416e-07,2.6399584e-05
3002,MR053110B,glioma,0,2,0.9916579,0.00017681753,0.008165191
3003,MR053110B,glioma,0,2,0.96993846,0.013876664,0.016184876
3004,MR053110B,glioma,0,2,0.99007964,0.009784338,0.00013610219
3009,MR054875,glioma,0,2,0.99854314,8.139248e-06,0.0014488404
3010,MR054875,glioma,0,2,0.99907386,7.4207296e-06,0.0009186755
3011,MR054875,glioma,0,2,0.9745316,3.6408288e-05,0.025432033
3012,MR054875,glioma,0,2,0.99451435,4.318982e-05,0.0054425183
3013,MR054875,glioma,0,2,0.9939177,0.00037120568,0.0057111117
3030,53669,meningioma,1,2,0.00036643734,0.9990477,0.00058585306
3042,MR040240C,glioma,0,2,0.9999248,6.800113e-05,7.2421312e-06
3043,MR040240C,glioma,0,2,0.9999069,9.0201655e-05,2.8053003e-06
3044,MR040240C,glioma,0,2,0.9995915,0.00040279326,5.7198063e-06
3045,MR040240C,glioma,0,2,0.9997131,0.00028112507,5.664613e-06
3046,MR040240C,glioma,0,2,0.9987324,0.0012362902,3.129497e-05
1,100360,meningioma,1,3,0.09846043,0.8792118,0.022327824
2,100360,meningioma,1,3,0.82367384,0.1367663,0.039559916
3,100360,meningioma,1,3,0.4730368,0.5080836,0.018879628
4,100360,meningioma,1,3,0.35807604,0.6369106,0.0050133765
5,100360,meningioma,1,3,0.41148785,0.5807583,0.007753918
24,102420,meningioma,1,3,0.018488279,0.913311,0.06820073
25,102420,meningioma,1,3,0.07627485,0.90633285,0.017392289
42,103925,meningioma,1,3,0.09510455,0.42826754,0.47662795
43,103925,meningioma,1,3,0.0076717185,0.7959437,0.19638462
44,103925,meningioma,1,3,0.009425854,0.7618497,0.2287244
132,111532,meningioma,1,3,0.3446319,0.6547272,0.00064084533
133,111532,meningioma,1,3,0.14463596,0.8552271,0.00013690216
134,111532,meningioma,1,3,0.17576432,0.8242201,1.5583675e-05
135,112002,meningioma,1,3,0.83424884,0.16215822,0.0035929317
136,112002,meningioma,1,3,0.41624418,0.57474613,0.009009677
137,112002,meningioma,1,3,0.92970353,0.056248296,0.014048114
138,112002,meningioma,1,3,0.9588649,0.040138256,0.0009967836
144,112552,meningioma,1,3,0.30667067,0.47231436,0.22101504
145,112552,meningioma,1,3,0.32200208,0.32652292,0.35147497
146,112552,meningioma,1,3,0.43864286,0.23637345,0.32498363
147,112552,meningioma,1,3,0.26516894,0.6058627,0.12896843
148,112552,meningioma,1,3,0.71514314,0.19907707,0.08577986
149,112552,meningioma,1,3,0.80191886,0.18865496,0.009426191
150,112552,meningioma,1,3,0.89447516,0.10543077,9.402337e-05
164,114018,meningioma,1,3,0.028354404,0.18932405,0.7823216
165,114018,meningioma,1,3,0.022110935,0.6772589,0.30063015
166,114018,meningioma,1,3,0.010979222,0.48903635,0.49998438
167,114018,meningioma,1,3,0.0029445947,0.73457676,0.26247865
168,114018,meningioma,1,3,0.004025665,0.73055345,0.26542088
175,97607,meningioma,1,3,0.037037797,0.96160185,0.0013603684
176,97607,meningioma,1,3,0.014619236,0.98306525,0.0023155014
177,97607,meningioma,1,3,0.026786784,0.9724812,0.0007320856
178,97607,meningioma,1,3,0.068437725,0.9314461,0.00011626787
179,97607,meningioma,1,3,0.17352007,0.82646555,1.4381936e-05
187,97943,meningioma,1,3,0.04396309,0.9368708,0.019166175
188,97943,meningioma,1,3,0.038329877,0.9545154,0.0071547395
189,97943,meningioma,1,3,0.23273708,0.76314497,0.0041179713
190,97943,meningioma,1,3,0.08305479,0.9111864,0.005758784
191,97943,meningioma,1,3,0.11186903,0.8846616,0.0034694413
211,100360,meningioma,1,3,0.3012252,0.63923484,0.05954001
212,100360,meningioma,1,3,0.70992494,0.27100608,0.019068997
213,100360,meningioma,1,3,0.54818904,0.44393986,0.0078710355
214,100360,meningioma,1,3,0.6279662,0.3660516,0.005982172
215,100360,meningioma,1,3,0.87655044,0.122534215,0.00091534934
216,100360,meningioma,1,3,0.46091336,0.53729963,0.0017870481
217,100360,meningioma,1,3,0.24667479,0.7503349,0.002990316
236,102420,meningioma,1,3,0.016943702,0.97525066,0.0078056697
237,102420,meningioma,1,3,0.011194828,0.982011,0.0067942096
238,102420,meningioma,1,3,0.009914763,0.98578924,0.004296035
261,103925,meningioma,1,3,0.18008389,0.8183686,0.0015475308
262,103925,meningioma,1,3,0.38563251,0.6121348,0.0022326608
263,103925,meningioma,1,3,0.015601473,0.97757065,0.006827931
264,103925,meningioma,1,3,0.1105331,0.88545954,0.004007376
265,103925,meningioma,1,3,0.06421131,0.9341348,0.0016539366
266,103925,meningioma,1,3,0.07149316,0.92572206,0.0027847523
267,103925,meningioma,1,3,0.11246872,0.88669384,0.00083740463
268,103925,meningioma,1,3,0.1376841,0.86186004,0.00045586695
357,111532,meningioma,1,3,0.31372055,0.68249595,0.0037835615
358,111532,meningioma,1,3,0.2562806,0.74045646,0.0032629848
359,111532,meningioma,1,3,0.1145334,0.884149,0.0013175546
360,111532,meningioma,1,3,0.060876854,0.93325394,0.0058692265
361,111532,meningioma,1,3,0.07353408,0.92524713,0.001218782
362,112002,meningioma,1,3,0.59261405,0.40566754,0.001718441
363,112002,meningioma,1,3,0.7514727,0.24073565,0.0077916244
364,112002,meningioma,1,3,0.9957033,0.004069763,0.00022691241
365,112002,meningioma,1,3,0.98709655,0.01233333,0.00057017367
372,112552,meningioma,1,3,0.49983603,0.46631855,0.03384544
373,112552,meningioma,1,3,0.89814675,0.08801542,0.013837849
374,112552,meningioma,1,3,0.5498567,0.41069722,0.039446052
375,112552,meningioma,1,3,0.27564865,0.6634047,0.060946614
376,112552,meningioma,1,3,0.4751661,0.50853056,0.016303344
377,112552,meningioma,1,3,0.05431464,0.90766054,0.03802481
378,112552,meningioma,1,3,0.049434002,0.93625504,0.014311012
395,114018,meningioma,1,3,0.00075857644,0.053231433,0.94600993
396,114018,meningioma,1,3,0.0059297546,0.3694692,0.624601
397,114018,meningioma,1,3,0.0037629784,0.690197,0.30604002
398,114018,meningioma,1,3,0.006711658,0.94606555,0.04722282
405,97607,meningioma,1,3,0.004307201,0.9941947,0.0014981205
406,97607,meningioma,1,3,0.006943413,0.99112165,0.0019349364
407,97607,meningioma,1,3,0.008032861,0.9916299,0.00033728275
418,97943,meningioma,1,3,0.006512741,0.9932147,0.00027251206
419,97943,meningioma,1,3,0.018139137,0.9818094,5.155361e-05
420,97943,meningioma,1,3,0.03292513,0.96704334,3.1491014e-05
421,97943,meningioma,1,3,0.017426735,0.9825708,2.4089393e-06
422,97943,meningioma,1,3,0.27832165,0.7216757,2.6870764e-06
442,100360,meningioma,1,3,0.050629567,0.94855404,0.00081641815
443,100360,meningioma,1,3,0.059179172,0.9361224,0.004698391
444,100360,meningioma,1,3,0.10728786,0.88312095,0.009591153
445,100360,meningioma,1,3,0.06166004,0.9266319,0.011707995
446,100360,meningioma,1,3,0.82252675,0.17041992,0.0070533473
447,100360,meningioma,1,3,0.6223074,0.33440638,0.043286283
474,102420,meningioma,1,3,0.032174215,0.9034421,0.0643837
475,102420,meningioma,1,3,0.01791218,0.9183188,0.06376907
485,102818,meningioma,1,3,0.1608746,0.62255055,0.21657485
486,102818,meningioma,1,3,0.07293983,0.78254336,0.14451684
487,102818,meningioma,1,3,0.030491803,0.66050637,0.3090018
488,102818,meningioma,1,3,0.0075646145,0.059724934,0.9327104
501,103925,meningioma,1,3,0.020107392,0.49382854,0.48606408
502,103925,meningioma,1,3,0.0745751,0.27751523,0.64790964
503,103925,meningioma,1,3,0.1313474,0.20720258,0.66145
504,103925,meningioma,1,3,0.6718244,0.16984719,0.15832834
593,111532,meningioma,1,3,0.022588218,0.97515,0.002261874
594,111532,meningioma,1,3,0.06353833,0.93455505,0.0019066767
595,111532,meningioma,1,3,0.06612399,0.9181053,0.015770772
599,112002,meningioma,1,3,0.99024874,0.0008420875,0.008909158
600,112002,meningioma,1,3,0.8148455,0.008697762,0.17645675
601,112002,meningioma,1,3,0.83962435,0.07550255,0.08487308
602,112002,meningioma,1,3,0.81786174,0.10774648,0.074391805
608,112552,meningioma,1,3,0.45560697,0.5260471,0.01834596
609,112552,meningioma,1,3,0.8507634,0.12908712,0.020149507
610,112552,meningioma,1,3,0.4780792,0.45298064,0.06894024
611,112552,meningioma,1,3,0.41201916,0.5530091,0.034971748
612,112552,meningioma,1,3,0.05728819,0.9359039,0.0068078847
613,112552,meningioma,1,3,0.024074195,0.97346354,0.0024622849
614,112552,meningioma,1,3,0.1632521,0.83670276,4.510544e-05
619,112650,meningioma,1,3,0.5826242,0.41645285,0.0009228886
620,112650,meningioma,1,3,0.24652997,0.7518717,0.0015982934
642,114018,meningioma,1,3,0.06168435,0.124869585,0.81344604
643,114018,meningioma,1,3,0.013480339,0.5484022,0.4381175
644,114018,meningioma,1,3,0.015168102,0.05651088,0.92832106
645,114018,meningioma,1,3,0.01785253,0.42152148,0.560626
646,114018,meningioma,1,3,0.00184744,0.06372663,0.93442595
647,114018,meningioma,1,3,0.00060496037,0.033995476,0.96539956
664,97607,meningioma,1,3,0.056850895,0.9324551,0.010694031
665,97607,meningioma,1,3,0.07197076,0.91099256,0.017036617
666,97607,meningioma,1,3,0.015404538,0.98143643,0.0031590175
667,97607,meningioma,1,3,0.050277103,0.9425991,0.0071238284
675,97943,meningioma,1,3,0.0145219555,0.9760376,0.0094403885
676,97943,meningioma,1,3,0.0568437,0.9301076,0.013048685
677,97943,meningioma,1,3,0.012882749,0.9832397,0.0038776116
678,97943,meningioma,1,3,0.019325882,0.9554458,0.025228327
679,97943,meningioma,1,3,0.0122201145,0.9500531,0.03772682
712,106062,pituitary,2,3,5.431694e-06,0.00027977943,0.9997148
713,106062,pituitary,2,3,0.00011056096,0.0008616967,0.9990277
714,106062,pituitary,2,3,1.9349507e-05,0.0010362623,0.99894446
722,102075,glioma,0,3,0.08752177,0.86988544,0.04259275
723,102075,glioma,0,3,0.16350675,0.8101026,0.026390655
724,102075,glioma,0,3,0.12987295,0.85884076,0.011286261
761,102075,glioma,0,3,0.06386178,0.9343351,0.0018031562
762,102075,glioma,0,3,0.3300059,0.66301817,0.0069758585
763,102075,glioma,0,3,0.62874657,0.3649069,0.006346531
812,97609,glioma,0,3,0.7569373,0.24234274,0.00071984855
813,97609,glioma,0,3,0.4849912,0.5119976,0.0030111903
814,97609,glioma,0,3,0.50571394,0.4905772,0.0037089153
815,97609,glioma,0,3,0.5710726,0.42291877,0.006008677
816,97609,glioma,0,3,0.6284097,0.36132672,0.01026358
817,97609,glioma,0,3,0.2602645,0.73563105,0.004104523
818,100416,glioma,0,3,0.8209776,0.17592053,0.0031018388
819,100416,glioma,0,3,0.94112664,0.042884726,0.015988719
820,100416,glioma,0,3,0.7989223,0.021077609,0.18000008
821,100416,glioma,0,3,0.9530902,0.01907326,0.027836526
837,102075,glioma,0,3,0.40917304,0.5907443,8.266842e-05
838,102075,glioma,0,3,0.2781045,0.7182518,0.0036436303
839,102075,glioma,0,3,0.109020665,0.8727669,0.018212486
844,105653,glioma,0,3,0.03398051,0.29560724,0.6704123
845,105653,glioma,0,3,0.02666415,0.3911302,0.58220565
857,108479,glioma,0,3,0.10995137,0.7283757,0.16167293
858,108479,glioma,0,3,0.054585177,0.76089585,0.18451901
904,96587,glioma,0,3,0.97954786,0.020405514,4.6536883e-05
905,96587,glioma,0,3,0.8778524,0.12183086,0.00031675972
906,96587,glioma,0,3,0.6389563,0.35612217,0.0049215765
907,96587,glioma,0,3,0.4542505,0.5325593,0.013190191
908,97609,glioma,0,3,0.908762,0.090915024,0.00032303057
909,97609,glioma,0,3,0.48054364,0.518663,0.0007933829
910,97609,glioma,0,3,0.6508068,0.3480081,0.0011851822
911,97609,glioma,0,3,0.35973805,0.6389845,0.001277431
922,106062,pituitary,2,3,0.00060148473,0.005709834,0.99368876
923,106062,pituitary,2,3,0.001547191,0.010931196,0.9875216
924,106062,pituitary,2,3,0.0074187126,0.0040117973,0.98856944
925,106062,pituitary,2,3,0.0006410022,0.0024465523,0.99691236
939,107505,pituitary,2,3,0.0076542455,0.045833953,0.94651186
940,107505,pituitary,2,3,0.0015824306,0.0060334587,0.99238414
941,107505,pituitary,2,3,0.0006451635,0.002672725,0.9966821
942,107505,pituitary,2,3,0.00043457167,0.0019922333,0.9975732
943,107505,pituitary,2,3,0.004697573,0.002026236,0.99327624
944,107505,pituitary,2,3,0.0027976464,0.019044448,0.97815794
945,107505,pituitary,2,3,0.010586742,0.023871139,0.96554214
955,108931,pituitary,2,3,3.1824522e-05,0.015838053,0.98413014
956,108931,pituitary,2,3,0.0003578907,0.07577903,0.92386305
957,108931,pituitary,2,3,0.00049386127,0.03330403,0.9662021
958,109471,pituitary,2,3,0.000100219164,0.0057176836,0.99418205
959,109471,pituitary,2,3,0.006438419,0.08161483,0.9119468
960,109471,pituitary,2,3,0.0022935772,0.061455164,0.9362512
961,109471,pituitary,2,3,0.0033089612,0.015182788,0.9815083
962,109769,pituitary,2,3,5.4960815e-06,0.00075158547,0.9992429
963,109769,pituitary,2,3,2.7176593e-06,0.00024993313,0.99974734
964,109769,pituitary,2,3,1.7333603e-05,0.00034466546,0.99963796
965,109769,pituitary,2,3,8.2259176e-05,0.0021819253,0.99773586
980,111075,pituitary,2,3,5.5202104e-06,0.003573658,0.99642086
981,111075,pituitary,2,3,4.436182e-06,0.0022403242,0.9977552
982,111075,pituitary,2,3,4.2821257e-06,0.002773635,0.99722207
983,111075,pituitary,2,3,1.799836e-06,0.0008373952,0.99916077
984,111075,pituitary,2,3,4.111091e-06,0.00037833615,0.9996176
985,111075,pituitary,2,3,3.0541853e-06,0.00047200054,0.99952495
994,112074,pituitary,2,3,0.12856081,0.7946023,0.07683697
995,112074,pituitary,2,3,0.049086586,0.8244781,0.12643534
996,112074,pituitary,2,3,0.21429214,0.75165427,0.034053613
997,112074,pituitary,2,3,0.5311401,0.44450775,0.024352228
1025,101017,pituitary,2,3,7.7780754e-07,0.00014878203,0.9998504
1026,101017,pituitary,2,3,1.7839902e-06,0.00034427742,0.99965394
1027,101017,pituitary,2,3,7.386573e-06,0.000710639,0.99928194
1028,101017,pituitary,2,3,2.404083e-05,0.003314393,0.99666154
1029,101017,pituitary,2,3,2.0258389e-05,0.0038113664,0.9961683
1035,106062,pituitary,2,3,0.012998413,0.0011795982,0.985822
1036,106062,pituitary,2,3,0.016749604,0.004799645,0.9784508
1037,106062,pituitary,2,3,0.06447982,0.0072899945,0.92823017
1038,106062,pituitary,2,3,0.016467752,0.003303122,0.98022914
1039,106062,pituitary,2,3,0.030315207,0.0024995538,0.9671852
1040,106062,pituitary,2,3,0.036002856,0.011850681,0.9521464
1041,106062,pituitary,2,3,0.07565181,0.02095147,0.9033967
1054,107505,pituitary,2,3,0.00086002774,0.004711878,0.99442816
1055,107505,pituitary,2,3,0.0016087396,0.005083386,0.9933078
1056,107505,pituitary,2,3,0.00012428584,0.0055841254,0.99429154
1057,107505,pituitary,2,3,0.001859003,0.011058223,0.9870827
1058,107505,pituitary,2,3,0.054451793,0.21947134,0.7260769
1070,108931,pituitary,2,3,0.00019254812,0.00025287413,0.9995546
1071,108931,pituitary,2,3,0.00016903557,0.00018507492,0.9996458
1072,108931,pituitary,2,3,8.263541e-05,0.00017929828,0.99973804
1073,108931,pituitary,2,3,7.155273e-05,0.0003895142,0.999539
1074,108931,pituitary,2,3,0.0005090042,0.0031718174,0.9963192
1075,108931,pituitary,2,3,0.0002366668,0.004309037,0.9954543
1076,108931,pituitary,2,3,3.987669e-05,0.0019187481,0.9980414
1077,109471,pituitary,2,3,0.05516425,0.01068848,0.9341473
1078,109471,pituitary,2,3,0.055357262,0.009051668,0.9355911
1079,109471,pituitary,2,3,0.0043829656,0.002251373,0.9933656
1080,109471,pituitary,2,3,0.007914442,0.004423829,0.9876617
1081,109471,pituitary,2,3,0.006122415,0.01511004,0.9787675
1082,109471,pituitary,2,3,0.0016570278,0.018378701,0.9799643
1083,109769,pituitary,2,3,0.008061519,0.005162974,0.98677546
1084,109769,pituitary,2,3,0.0007478541,0.0029650023,0.9962871
1085,109769,pituitary,2,3,0.0026672347,0.008306158,0.9890266
1086,109769,pituitary,2,3,0.00013882786,0.0024462873,0.9974148
1087,109769,pituitary,2,3,0.0006894922,0.0035128891,0.99579763
1112,111075,pituitary,2,3,0.00040665083,0.0009747723,0.9986186
1113,111075,pituitary,2,3,0.0011099385,0.008852886,0.9900372
1114,111075,pituitary,2,3,0.0052232333,0.018241711,0.9765351
1115,111075,pituitary,2,3,0.0084264325,0.03258494,0.9589886
1116,111075,pituitary,2,3,0.08379896,0.05891485,0.8572862
1117,111075,pituitary,2,3,0.2291214,0.23752299,0.53335565
1129,112074,pituitary,2,3,0.13051543,0.7370897,0.13239487
1130,112074,pituitary,2,3,0.17876865,0.7713573,0.049873997
1131,112074,pituitary,2,3,0.03148649,0.9008269,0.06768658
1132,112074,pituitary,2,3,0.19275635,0.7658846,0.041359037
1133,112074,pituitary,2,3,0.5649524,0.39062673,0.044420894
1169,106062,pituitary,2,3,0.00016995709,0.0007970566,0.999033
1170,106062,pituitary,2,3,8.334089e-05,0.0005047364,0.99941194
1171,106062,pituitary,2,3,6.714492e-05,0.00052522204,0.99940765
1172,106062,pituitary,2,3,0.00040060788,0.000652684,0.9989467
1173,106062,pituitary,2,3,0.00013314135,0.00094329054,0.9989236
1174,106062,pituitary,2,3,0.0014330526,0.0012161725,0.9973508
1175,106062,pituitary,2,3,0.000910495,0.00060486863,0.9984847
1189,107505,pituitary,2,3,0.0012510911,0.020756274,0.97799265
1190,107505,pituitary,2,3,0.0013038722,0.020208834,0.9784873
1191,107505,pituitary,2,3,0.00033942465,0.013722185,0.9859384
1192,107505,pituitary,2,3,0.00017325532,0.012366022,0.9874607
1193,107505,pituitary,2,3,0.00030018008,0.014976306,0.98472357
1203,108931,pituitary,2,3,5.686319e-06,7.168342e-06,0.9999871
1204,108931,pituitary,2,3,4.1578633e-06,2.1785715e-06,0.9999937
1205,108931,pituitary,2,3,1.398287e-06,4.2168635e-06,0.9999944
1206,108931,pituitary,2,3,3.8247026e-06,1.4596611e-05,0.9999815
1207,108931,pituitary,2,3,1.7350889e-06,3.914456e-06,0.9999944
1208,109471,pituitary,2,3,0.0005791196,0.0015054614,0.99791545
1209,109471,pituitary,2,3,0.00033460805,0.000970641,0.9986947
1210,109471,pituitary,2,3,0.0057250364,0.0020932665,0.9921818
1211,109471,pituitary,2,3,0.00020345523,0.0013913949,0.99840516
1212,109471,pituitary,2,3,0.00022762104,0.0008318564,0.9989405
1213,109471,pituitary,2,3,0.0003442149,0.0015824316,0.99807334
1214,109769,pituitary,2,3,0.0001258053,0.0025554267,0.9973188
1215,109769,pituitary,2,3,7.3367504e-05,0.0019267197,0.99799985
1216,109769,pituitary,2,3,0.000100424004,0.0004908844,0.9994087
1217,109769,pituitary,2,3,3.9032373e-05,0.0004091238,0.99955183
1218,109769,pituitary,2,3,0.00011472336,0.001404569,0.99848074
1233,111075,pituitary,2,3,4.2437936e-05,0.0014766768,0.99848086
1234,111075,pituitary,2,3,7.7478755e-05,0.0013046628,0.9986179
1235,111075,pituitary,2,3,7.921166e-05,0.0031476088,0.9967732
1236,111075,pituitary,2,3,6.8190035e-05,0.0045114253,0.9954204
1237,111075,pituitary,2,3,6.0187493e-05,0.0043587536,0.9955811
1246,112074,pituitary,2,3,0.031413615,0.7974472,0.17113918
1247,112074,pituitary,2,3,0.012015011,0.3594603,0.62852466
1248,112074,pituitary,2,3,0.0019152784,0.04869771,0.949387
1249,112074,pituitary,2,3,0.01977054,0.3054094,0.67482007
1250,112074,pituitary,2,3,0.06472641,0.7067231,0.22855051
1293,101724,pituitary,2,3,0.0033523766,0.013745878,0.9829017
1294,101724,pituitary,2,3,0.008408889,0.03859095,0.9530002
1310,103478,pituitary,2,3,0.0020265651,0.013026935,0.9849465
1311,103478,pituitary,2,3,0.0038854398,0.015329596,0.980785
1312,103478,pituitary,2,3,0.0019589067,0.05412407,0.9439171
1313,103478,pituitary,2,3,0.0032191377,0.119856335,0.8769245
1314,103478,pituitary,2,3,0.006466379,0.047403272,0.94613034
1315,103478,pituitary,2,3,0.005181459,0.047646582,0.947172
1316,103478,pituitary,2,3,0.007223543,0.022896726,0.96987975
1340,103837,pituitary,2,3,0.0003161228,0.04883669,0.9508472
1341,103837,pituitary,2,3,9.367757e-05,0.010955052,0.98895127
1342,103837,pituitary,2,3,0.0002917213,0.035977885,0.9637304
1343,103837,pituitary,2,3,0.00040817694,0.060018905,0.9395729
1344,103837,pituitary,2,3,0.0004287401,0.045357402,0.9542139
1345,103837,pituitary,2,3,0.0005686556,0.07777942,0.92165184
1346,103837,pituitary,2,3,0.0008962261,0.04831723,0.95078653
1347,103837,pituitary,2,3,0.0028047918,0.044366438,0.95282876
1380,105538,pituitary,2,3,0.0044156117,0.80746865,0.1881157
1381,105538,pituitary,2,3,0.0029887725,0.8664233,0.13058794
1382,105538,pituitary,2,3,0.003747047,0.8944766,0.10177633
1435,98992,pituitary,2,3,0.004095821,0.11826594,0.87763816
1436,98992,pituitary,2,3,0.0032144613,0.013902114,0.9828834
1437,98992,pituitary,2,3,0.0011765056,0.0030300894,0.99579334
1438,98992,pituitary,2,3,0.000887896,0.022978231,0.97613394
1439,98992,pituitary,2,3,0.023165256,0.034137007,0.9426977
1440,98992,pituitary,2,3,0.047093432,0.06504233,0.88786423
1441,98992,pituitary,2,3,0.047206417,0.15197687,0.8008167
1456,101017,pituitary,2,3,0.0012299801,0.0005034816,0.9982665
1457,101017,pituitary,2,3,0.002681534,0.0021251985,0.99519324
1458,101017,pituitary,2,3,0.0027180223,0.0028255992,0.9944564
1459,101017,pituitary,2,3,0.008147201,0.0016671976,0.9901856
1460,101017,pituitary,2,3,0.00044445557,0.0010166076,0.998539
1461,101017,pituitary,2,3,0.0029648792,0.0021531885,0.994882
1480,101724,pituitary,2,3,0.0033294086,0.064850524,0.9318201
1481,101724,pituitary,2,3,0.021057457,0.060066067,0.91887647
1482,101724,pituitary,2,3,0.049233053,0.03937977,0.91138715
1498,103478,pituitary,2,3,0.013977061,0.13989471,0.84612817
1499,103478,pituitary,2,3,0.018923458,0.11845818,0.8626183
1500,103478,pituitary,2,3,0.006115784,0.04269572,0.95118845
1501,103478,pituitary,2,3,0.01274431,0.059290405,0.92796534
1502,103478,pituitary,2,3,0.0027109827,0.015223981,0.982065
1503,103478,pituitary,2,3,0.0032487966,0.019020984,0.9777303
1504,103478,pituitary,2,3,0.0009050439,0.007883148,0.99121183
1505,103478,pituitary,2,3,0.0005793244,0.013009292,0.9864114
1528,103837,pituitary,2,3,0.005827193,0.055009656,0.93916315
1529,103837,pituitary,2,3,0.0017113499,0.01912172,0.9791669
1530,103837,pituitary,2,3,0.0031745683,0.052406304,0.9444191
1531,103837,pituitary,2,3,0.035666335,0.17052405,0.7938096
1532,103837,pituitary,2,3,0.007200525,0.2616803,0.73111916
1566,105538,pituitary,2,3,0.021268895,0.15338548,0.8253456
1567,105538,pituitary,2,3,0.025766855,0.70443845,0.26979476
1621,98992,pituitary,2,3,0.00042858534,0.007095147,0.9924763
1622,98992,pituitary,2,3,7.411135e-05,0.0009494515,0.99897647
1623,98992,pituitary,2,3,0.00041134225,0.0022246104,0.9973641
1624,98992,pituitary,2,3,0.00065036135,0.0033012251,0.9960484
1625,98992,pituitary,2,3,0.0011714676,0.014987757,0.98384076
1626,98992,pituitary,2,3,0.008728062,0.040644072,0.9506278
1627,98992,pituitary,2,3,0.0057944176,0.01364033,0.98056525
1640,101017,pituitary,2,3,1.50481665e-05,0.0002353328,0.9997496
1641,101017,pituitary,2,3,1.0153814e-05,0.00010191033,0.99988794
1642,101017,pituitary,2,3,1.19092965e-05,0.00014644364,0.9998416
1643,101017,pituitary,2,3,1.9242896e-05,0.00015308241,0.9998276
1659,101724,pituitary,2,3,0.010225675,0.2052228,0.7845515
1660,101724,pituitary,2,3,0.0020705543,0.21984594,0.7780835
1661,101724,pituitary,2,3,0.0072943103,0.20785788,0.7848478
1662,101724,pituitary,2,3,0.006114515,0.101720214,0.89216524
1663,101724,pituitary,2,3,0.006152168,0.1413708,0.852477
1664,101724,pituitary,2,3,0.04340877,0.12114278,0.8354484
1684,103478,pituitary,2,3,0.001385227,0.007423632,0.9911911
1685,103478,pituitary,2,3,0.00031344447,0.001209366,0.99847716
1686,103478,pituitary,2,3,0.00017974377,0.0017853781,0.9980349
1687,103478,pituitary,2,3,0.00806102,0.00065441814,0.9912846
1688,103478,pituitary,2,3,0.0001331555,0.0027739569,0.99709284
1689,103478,pituitary,2,3,0.0012375414,0.004108605,0.9946538
1690,103478,pituitary,2,3,0.00055970193,0.0033602044,0.9960801
1691,103478,pituitary,2,3,0.0017806195,0.002830899,0.9953885
1714,103837,pituitary,2,3,0.00038778287,0.011105828,0.98850644
1715,103837,pituitary,2,3,0.0015202578,0.081351295,0.91712844
1716,103837,pituitary,2,3,0.00015544957,0.022957671,0.9768869
1717,103837,pituitary,2,3,0.00030372624,0.1273381,0.87235814
1718,103837,pituitary,2,3,0.0014876879,0.12035474,0.87815756
1719,103837,pituitary,2,3,0.00061521184,0.06954775,0.929837
1720,103837,pituitary,2,3,0.00023867392,0.023542127,0.97621924
1759,105538,pituitary,2,3,0.010384971,0.75357884,0.23603623
1760,105538,pituitary,2,3,0.008024962,0.54959065,0.44238433
1819,98992,pituitary,2,3,0.36468646,0.48161256,0.15370096
1820,98992,pituitary,2,3,0.051165998,0.26741573,0.6814183
1821,98992,pituitary,2,3,0.027601795,0.4514496,0.52094865
1822,98992,pituitary,2,3,0.07833229,0.2435811,0.6780866
1823,98992,pituitary,2,3,0.025384605,0.1611618,0.81345356
1824,98992,pituitary,2,3,0.001287677,0.06533216,0.9333802
1825,98992,pituitary,2,3,0.0022656368,0.059245635,0.9384887
1826,98992,pituitary,2,3,0.0066580046,0.061334804,0.9320072
1827,98992,pituitary,2,3,0.0039144363,0.036186203,0.9598994
1828,98992,pituitary,2,3,0.0029801282,0.031847306,0.9651725
1829,98992,pituitary,2,3,0.0047976365,0.04843027,0.9467721
1893,MR048944B,glioma,0,3,0.9999268,2.778932e-05,4.5454224e-05
1894,MR048944B,glioma,0,3,0.99937207,0.00027805244,0.0003498565
1895,MR048944B,glioma,0,3,0.9995203,0.0001983636,0.00028135537
1896,MR048944B,glioma,0,3,0.99902594,0.0006586196,0.0003154309
1897,MR048944B,glioma,0,3,0.9997191,0.00021407279,6.689615e-05
1898,MR048944B,glioma,0,3,0.9992212,0.0007062483,7.2575254e-05
1899,MR049358,glioma,0,3,0.8803783,0.050670423,0.06895129
1900,MR049358,glioma,0,3,0.9746581,0.023483474,0.0018584296
1901,MR049358,glioma,0,3,0.9929362,0.002308706,0.0047551044
1902,MR049358,glioma,0,3,0.9999167,1.9688923e-05,6.361926e-05
1903,MR049358,glioma,0,3,0.99971193,0.00012236116,0.00016570723
1904,MR049358,glioma,0,3,0.9999727,8.912215e-06,1.8393317e-05
1905,MR049358,glioma,0,3,0.99996996,2.1723741e-05,8.379674e-06
1906,MR049358,glioma,0,3,0.9999925,5.342708e-06,2.1011685e-06
1907,MR049358,glioma,0,3,0.99984443,0.0001324518,2.3064087e-05
1908,MR049358,glioma,0,3,0.9987789,0.0011706656,5.052368e-05
1909,MR049104B,glioma,0,3,0.9999584,2.6208629e-05,1.5358743e-05
1910,MR049104B,glioma,0,3,0.9999256,3.6406294e-05,3.800229e-05
1911,MR049104B,glioma,0,3,0.99998033,5.595241e-06,1.40560005e-05
1912,MR049104B,glioma,0,3,0.99999475,2.4305174e-07,4.9950686e-06
1913,MR049104B,glioma,0,3,0.99999905,4.6544663e-08,9.612796e-07
1921,MR024780G,glioma,0,3,0.8793451,0.008298049,0.112356834
1922,MR024780G,glioma,0,3,0.9718574,0.00041760175,0.02772487
1923,MR024780G,glioma,0,3,0.9999913,1.1441863e-06,7.4641566e-06
1924,MR024780G,glioma,0,3,0.99996686,4.868945e-06,2.8219725e-05
1925,MR024780G,glioma,0,3,0.99969745,9.9326935e-05,0.00020326408
1926,MR024780G,glioma,0,3,0.9999857,7.699627e-06,6.5962613e-06
1927,MR024780G,glioma,0,3,0.9999882,3.7053885e-06,8.058409e-06
1928,MR024780G,glioma,0,3,0.9999896,8.554338e-06,1.8384501e-06
1929,MR024780G,glioma,0,3,0.9901446,0.00026379086,0.009591605
1930,MR024780G,glioma,0,3,0.9991073,6.9282534e-05,0.000823417
1931,MR024780G,glioma,0,3,0.99967206,2.5635702e-05,0.00030233836
1932,MR024780G,glioma,0,3,0.99976784,1.5127207e-05,0.00021707536
1933,MR024780G,glioma,0,3,0.9999951,4.783367e-07,4.3522596e-06
1934,MR024780G,glioma,0,3,0.9999988,1.4373465e-07,1.0375844e-06
1935,MR024780G,glioma,0,3,0.9999999,1.9535921e-08,1.2764266e-07
1936,MR024780G,glioma,0,3,0.9999993,6.833493e-08,6.277488e-07
1987,MR026175C,glioma,0,3,0.996503,0.0033060831,0.00019093527
1988,MR026175C,glioma,0,3,0.9986545,0.00076129194,0.00058420264
1989,MR026175C,glioma,0,3,0.99924004,0.00066751486,9.242419e-05
1990,MR026175C,glioma,0,3,0.9999728,8.436816e-06,1.8685469e-05
1991,MR026175C,glioma,0,3,0.99998415,5.3885933e-06,1.0485725e-05
1992,MR026175C,glioma,0,3,0.9999914,4.070382e-06,4.5840056e-06
1993,MR026175C,glioma,0,3,0.99998975,4.1751914e-06,6.125895e-06
1994,MR026175C,glioma,0,3,0.99999905,3.7170784e-07,5.6164123e-07
1995,MR026175C,glioma,0,3,0.99999833,5.542622e-07,1.1185306e-06
1996,MR026175C,glioma,0,3,0.99997544,2.2309807e-05,2.2664385e-06
1997,MR026175C,glioma,0,3,0.9998085,0.00014950002,4.2067557e-05
2005,MR051586,glioma,0,3,0.99995196,4.324932e-05,4.786754e-06
2006,MR051586,glioma,0,3,0.99998844,1.1233166e-05,3.8731088e-07
2007,MR051586,glioma,0,3,0.99998605,1.3681156e-05,2.3889527e-07
2008,MR051586,glioma,0,3,0.9996716,0.00032328902,5.1211127e-06
2009,MR051586,glioma,0,3,0.9996828,0.00031093863,6.344133e-06
2010,MR051586,glioma,0,3,0.9962218,0.0036842125,9.388888e-05
2011,MR051586,glioma,0,3,0.99905854,0.00087603746,6.533965e-05
2065,MR051644C,glioma,0,3,0.9946602,0.0047540343,0.0005857125
2066,MR051644C,glioma,0,3,0.9994165,0.00034530275,0.00023829275
2067,MR051644C,glioma,0,3,0.99906534,0.0008577984,7.699414e-05
2068,MR051644C,glioma,0,3,0.99910516,0.00079865195,9.6070165e-05
2069,MR051644C,glioma,0,3,0.99994886,1.7138002e-05,3.4014825e-05
2070,MR051644C,glioma,0,3,0.99973303,9.079324e-05,0.0001761821
2071,MR051644C,glioma,0,3,0.9999069,1.3162561e-05,7.993161e-05
2072,MR051644C,glioma,0,3,0.9999938,2.363215e-06,3.8220837e-06
2073,MR051644C,glioma,0,3,0.9999924,3.2198145e-06,4.439299e-06
2074,MR051644C,glioma,0,3,0.99996734,1.9309857e-05,1.3409546e-05
2075,MR051644C,glioma,0,3,0.999959,2.8889122e-05,1.2138666e-05
2076,MR051644C,glioma,0,3,0.9965011,0.0033471396,0.00015185366
2097,MR054683,glioma,0,3,0.99492407,0.003738509,0.0013373586
2098,MR054683,glioma,0,3,0.99455875,0.0012374927,0.0042036814
2099,MR054683,glioma,0,3,0.99768,0.0013986585,0.00092143106
2153,MR032322C,glioma,0,3,0.9999249,6.5387576e-05,9.658732e-06
2154,MR032322C,glioma,0,3,0.99985874,8.35484e-05,5.773073e-05
2155,MR032322C,glioma,0,3,0.99989843,8.647723e-05,1.51892955e-05
2156,MR032322C,glioma,0,3,0.9997392,0.00015662842,0.00010411318
2157,MR032322C,glioma,0,3,0.99986446,9.473841e-05,4.0783845e-05
2158,MR032322C,glioma,0,3,0.99999404,3.53038e-06,2.3786426e-06
2159,MR032322C,glioma,0,3,0.9999995,8.5812474e-08,3.581458e-07
2160,MR032322C,glioma,0,3,1.0,4.7075734e-09,2.8131781e-08
2161,MR032322C,glioma,0,3,0.9999993,2.474534e-07,4.807264e-07
2162,MR032322C,glioma,0,3,0.99999976,1.4329586e-07,6.0835085e-08
2163,MR032322C,glioma,0,3,0.9999993,4.4807683e-07,2.7556052e-07
2164,MR032322C,glioma,0,3,0.99999774,1.3938501e-06,7.926097e-07
2165,MR032322C,glioma,0,3,0.99999213,2.9788976e-06,4.8931292e-06
2166,MR037458B,glioma,0,3,0.6713852,0.3206059,0.008008801
2167,MR037458B,glioma,0,3,0.6985103,0.29198638,0.009503354
2168,MR037458B,glioma,0,3,0.27970806,0.69005764,0.030234246
2169,MR037458B,glioma,0,3,0.25270206,0.7319126,0.015385246
2170,MR037458B,glioma,0,3,0.24577744,0.74237716,0.01184537
2171,MR037458B,glioma,0,3,0.25697076,0.72538656,0.0176427
2172,MR037458B,glioma,0,3,0.35649326,0.6369911,0.006515725
2173,MR037458B,glioma,0,3,0.09967433,0.8953639,0.004961816
2174,MR039473,glioma,0,3,0.9933876,0.0065529607,5.9486865e-05
2175,MR039473,glioma,0,3,0.99588877,0.004091844,1.930664e-05
2176,MR039473,glioma,0,3,0.9961902,0.0037713663,3.837975e-05
2177,MR039473,glioma,0,3,0.99945945,0.00053182425,8.71494e-06
2178,MR039473,glioma,0,3,0.9992125,0.00077245163,1.4957178e-05
2206,MR040240B,glioma,0,3,0.9677088,0.022047846,0.010243368
2207,MR040240B,glioma,0,3,0.99177706,0.0053695445,0.0028534427
2208,MR040240B,glioma,0,3,0.9978071,0.0021471828,4.5790577e-05
2209,MR040240B,glioma,0,3,0.9974806,0.0024986872,2.0858277e-05
2210,MR040240B,glioma,0,3,0.99915385,0.0008144674,3.173471e-05
2211,MR040240B,glioma,0,3,0.9998092,0.00018130483,9.541022e-06
2212,MR040240B,glioma,0,3,0.99893314,0.0010371378,2.981983e-05
2213,MR040240B,glioma,0,3,0.9982254,0.0017377477,3.6948357e-05
2214,MR040240B,glioma,0,3,0.997733,0.002219543,4.7488516e-05
2215,MR040240B,glioma,0,3,0.9978229,0.0021647008,1.2467819e-05
2237,MR024780B,glioma,0,3,0.9999819,1.1602043e-05,6.5394943e-06
2238,MR024780B,glioma,0,3,0.9998648,0.00010421269,3.1007083e-05
2239,MR024780B,glioma,0,3,0.99515027,0.0033076145,0.0015421046
2240,MR024780B,glioma,0,3,0.99513334,0.0017607192,0.0031058912
2254,MR048944B,glioma,0,3,0.9990853,0.00011041393,0.0008042316
2255,MR048944B,glioma,0,3,0.9994424,0.00010255632,0.00045502343
2256,MR048944B,glioma,0,3,0.99905676,7.60251e-05,0.0008672562
2257,MR048944B,glioma,0,3,0.99977666,7.328919e-05,0.00014999323
2258,MR048944B,glioma,0,3,0.9991702,0.0002804969,0.00054932083
2259,MR048944B,glioma,0,3,0.99966776,0.0002486748,8.348363e-05
2260,MR048944B,glioma,0,3,0.999913,6.854732e-05,1.8469806e-05
2261,MR049358,glioma,0,3,0.9996388,0.00032810293,3.3078682e-05
2262,MR049358,glioma,0,3,0.99977976,0.0001736776,4.661074e-05
2263,MR049358,glioma,0,3,0.9999716,1.7764636e-05,1.05984245e-05
2264,MR049358,glioma,0,3,0.99998033,1.5207933e-05,4.3918635e-06
2265,MR049358,glioma,0,3,0.9990752,0.0009103195,1.4510423e-05
2266,MR049358,glioma,0,3,0.99784005,0.0020884632,7.1491144e-05
2267,MR049358,glioma,0,3,0.99674845,0.0029456746,0.0003059054
2268,MR049358,glioma,0,3,0.99852693,0.0012851704,0.00018780623
2269,MR049358,glioma,0,3,0.99458355,0.0050997613,0.00031671158
2279,MR024780G,glioma,0,3,0.9958152,0.0032456848,0.00093915436
2280,MR024780G,glioma,0,3,0.99977046,0.00016793134,6.1636376e-05
2281,MR024780G,glioma,0,3,0.99955124,0.00035437878,9.431189e-05
2282,MR024780G,glioma,0,3,0.9999031,8.0932296e-05,1.5947766e-05
2283,MR024780G,glioma,0,3,0.9999802,1.5664638e-05,4.2291877e-06
2284,MR024780G,glioma,0,3,0.9999734,1.8332652e-05,8.253904e-06
2285,MR024780G,glioma,0,3,0.99997663,1.5108881e-05,8.211047e-06
2326,MR026175C,glioma,0,3,0.9958448,0.004149058,6.193547e-06
2327,MR026175C,glioma,0,3,0.9824796,0.01746228,5.8185895e-05
2328,MR026175C,glioma,0,3,0.9867132,0.012972598,0.000314286
2329,MR026175C,glioma,0,3,0.99819285,0.0017684145,3.8773127e-05
2330,MR026175C,glioma,0,3,0.9979976,0.00196825,3.4115434e-05
2331,MR026175C,glioma,0,3,0.99772745,0.0021900584,8.2552244e-05
2332,MR026175C,glioma,0,3,0.9994394,0.00038678624,0.00017387248
2342,MR051586,glioma,0,3,0.99510163,0.003475759,0.0014226813
2343,MR051586,glioma,0,3,0.997036,0.002507276,0.00045673124
2349,MR024780E,glioma,0,3,0.99988043,9.4937815e-05,2.4664987e-05
2373,MR040240D,glioma,0,3,0.99580705,0.0032769686,0.00091593753
2374,MR040240D,glioma,0,3,0.99652964,0.0034066522,6.368854e-05
2375,MR040240D,glioma,0,3,0.99947304,0.00051684433,1.0176196e-05
2376,MR040240D,glioma,0,3,0.9995259,0.00046556644,8.632394e-06
2377,MR040240D,glioma,0,3,0.99993014,6.831551e-05,1.5399307e-06
2378,MR040240D,glioma,0,3,0.9999788,1.9725143e-05,1.5653153e-06
2379,MR040240D,glioma,0,3,0.9999833,1.4624003e-05,2.070814e-06
2380,MR040240D,glioma,0,3,0.9999511,4.3766024e-05,5.11451e-06
2381,MR040240D,glioma,0,3,0.99961346,0.0003342748,5.2320152e-05
2382,MR040240D,glioma,0,3,0.9982198,0.001756478,2.366561e-05
2383,MR040240D,glioma,0,3,0.9992887,0.0007046108,6.614554e-06
2384,MR017260F,glioma,0,3,0.9986319,0.0013261113,4.203569e-05
2385,MR017260F,glioma,0,3,0.99993074,5.686137e-05,1.24127555e-05
2386,MR017260F,glioma,0,3,0.99991846,4.757094e-05,3.402005e-05
2387,MR017260F,glioma,0,3,0.99995613,3.9071667e-05,4.7628087e-06
2388,MR017260F,glioma,0,3,0.99939156,0.0005894276,1.9029932e-05
2389,MR017260F,glioma,0,3,0.9999703,2.7815506e-05,1.8730211e-06
2390,MR017260F,glioma,0,3,0.99996805,3.081812e-05,1.0942592e-06
2391,MR017260F,glioma,0,3,0.9943718,0.005566391,6.179861e-05
2392,MR017260F,glioma,0,3,0.99422354,0.0057025105,7.3951094e-05
2393,MR017260F,glioma,0,3,0.9935041,0.006452015,4.3942746e-05
2453,MR040240B,glioma,0,3,0.98355216,0.013608805,0.002839095
2454,MR040240B,glioma,0,3,0.99786997,0.0015368396,0.0005932049
2455,MR040240B,glioma,0,3,0.9979399,0.0011092821,0.00095071504
2456,MR040240B,glioma,0,3,0.99920017,0.00047361574,0.00032621305
2457,MR040240B,glioma,0,3,0.9979253,0.0013792496,0.00069547654
2458,MR040240B,glioma,0,3,0.99377924,0.0049873213,0.0012333206
2459,MR040240B,glioma,0,3,0.9979171,0.0014553412,0.0006275171
2460,MR040240B,glioma,0,3,0.99916184,0.0004969512,0.00034120705
2461,MR040240B,glioma,0,3,0.9991084,0.00049773284,0.00039393213
2462,MR040240B,glioma,0,3,0.997445,0.0013449233,0.0012101164
2496,MR024780E,glioma,0,3,0.9985629,0.0012512791,0.00018580607
2497,MR024780E,glioma,0,3,0.9998319,0.00014586614,2.2112548e-05
2498,MR024780E,glioma,0,3,0.9998022,0.00017160155,2.6199563e-05
2524,MR017260F,glioma,0,3,0.95317996,0.046769716,5.0307142e-05
2525,MR017260F,glioma,0,3,0.91286993,0.086925834,0.00020422475
2526,MR017260F,glioma,0,3,0.7915687,0.20824824,0.00018303559
2527,MR017260F,glioma,0,3,0.98919183,0.010686904,0.00012126456
2528,MR017260F,glioma,0,3,0.98783886,0.011664677,0.00049646856
2529,MR017260F,glioma,0,3,0.86312336,0.12190978,0.014966807
2546,MR051586,glioma,0,3,0.9257925,0.06125754,0.012949917
2547,MR051586,glioma,0,3,0.99631554,0.0034895702,0.00019489559
2548,MR051586,glioma,0,3,0.84146625,0.157891,0.00064276304
2549,MR051586,glioma,0,3,0.9325917,0.06711196,0.00029634475
2595,MR051644C,glioma,0,3,0.9999914,6.5504237e-06,2.0512248e-06
2596,MR051644C,glioma,0,3,0.999974,2.2138966e-05,3.85918e-06
2597,MR051644C,glioma,0,3,0.9994869,0.0004900084,2.293822e-05
2598,MR051644C,glioma,0,3,0.9987709,0.0012000845,2.8996727e-05
2599,MR051644C,glioma,0,3,0.9990114,0.0009818526,6.69437e-06
2600,MR051644C,glioma,0,3,0.99996424,3.305939e-05,2.7797212e-06
2601,MR051644C,glioma,0,3,0.9999584,3.6922745e-05,4.649074e-06
2602,MR051644C,glioma,0,3,0.99995375,2.004077e-05,2.6221282e-05
2603,MR051644C,glioma,0,3,0.9999573,2.0526586e-05,2.2222024e-05
2604,MR051644C,glioma,0,3,0.99998915,4.4382346e-06,6.4851556e-06
2605,MR051644C,glioma,0,3,0.9999833,9.6009235e-06,7.030713e-06
2606,MR051644C,glioma,0,3,0.9999603,2.639973e-05,1.3326103e-05
2607,MR051644C,glioma,0,3,0.9998111,0.00013971711,4.927406e-05
2631,MR054683,glioma,0,3,0.9985323,0.00072217226,0.0007454952
2632,MR054683,glioma,0,3,0.9982679,0.0012556522,0.0004764343
2633,MR054683,glioma,0,3,0.9884908,0.006980075,0.004529077
2688,MR032322C,glioma,0,3,0.9999585,1.2224476e-05,2.921883e-05
2689,MR032322C,glioma,0,3,0.9999665,3.2864376e-05,6.0523496e-07
2690,MR032322C,glioma,0,3,0.97857136,0.02142393,4.77929e-06
2691,MR032322C,glioma,0,3,0.9843481,0.015647784,4.148008e-06
2692,MR032322C,glioma,0,3,0.92872846,0.07126734,4.214449e-06
2693,MR032322C,glioma,0,3,0.44638342,0.5536109,5.702805e-06
2694,MR032322C,glioma,0,3,0.99997556,1.02596105e-05,1.4161745e-05
2695,MR032322C,glioma,0,3,0.9999912,5.91717e-06,2.8650538e-06
2696,MR032322C,glioma,0,3,0.9999707,2.1755517e-05,7.546442e-06
2697,MR032322C,glioma,0,3,0.99994636,4.7361453e-05,6.274017e-06
2698,MR032322C,glioma,0,3,0.9999473,4.032361e-05,1.2442139e-05
2699,MR032322C,glioma,0,3,0.9999069,8.6047214e-05,7.0449273e-06
2700,MR032322C,glioma,0,3,0.9999658,1.8812518e-05,1.5407652e-05
2701,MR032322C,glioma,0,3,0.9999958,3.772296e-06,3.537273e-07
2702,MR037458B,glioma,0,3,0.03127729,0.9683423,0.00038037327
2703,MR037458B,glioma,0,3,0.1497632,0.84949446,0.0007423436
2704,MR037458B,glioma,0,3,0.19106795,0.804759,0.004172933
2705,MR037458B,glioma,0,3,0.42224845,0.5757412,0.0020103804
2706,MR037458B,glioma,0,3,0.06038249,0.93868434,0.00093309477
2707,MR037458B,glioma,0,3,0.056828298,0.9425337,0.0006381331
2708,MR037458B,glioma,0,3,0.090722255,0.90902054,0.00025718773
2709,MR037458B,glioma,0,3,0.5939669,0.40588158,0.00015149578
2710,MR039473,glioma,0,3,0.96278864,0.008479067,0.028732238
2711,MR039473,glioma,0,3,0.93629366,0.046788625,0.016917732
2712,MR039473,glioma,0,3,0.9989299,0.00049347506,0.00057655846
2713,MR039473,glioma,0,3,0.9751609,0.02433968,0.0004994173
2758,MR032322C,glioma,0,3,0.99854773,0.0013009992,0.00015128103
2759,MR032322C,glioma,0,3,0.9984238,0.0012670083,0.0003092567
2760,MR032322C,glioma,0,3,0.9995136,0.00039751758,8.8848734e-05
2761,MR032322C,glioma,0,3,0.98894453,0.004399133,0.0066563324
2762,MR032322C,glioma,0,3,0.9986551,0.00041459117,0.00093029765
2763,MR032322C,glioma,0,3,0.9996057,0.00022882836,0.0001654911
2764,MR032322C,glioma,0,3,0.99187684,0.0052768686,0.0028462473
2765,MR032322C,glioma,0,3,0.9991872,0.0002469719,0.0005658551
2766,MR032322C,glioma,0,3,0.998792,0.00020482446,0.0010032429
2767,MR032322C,glioma,0,3,0.999453,0.00020482639,0.00034223785
2768,MR032322C,glioma,0,3,0.99901223,0.0005094916,0.00047825414
2769,MR037458B,glioma,0,3,0.9013619,0.0985772,6.0954993e-05
2770,MR037458B,glioma,0,3,0.8719651,0.12678725,0.0012476316
2771,MR037458B,glioma,0,3,0.5212323,0.47809246,0.00067523646
2772,MR037458B,glioma,0,3,0.63502336,0.36257797,0.0023986795
2773,MR037458B,glioma,0,3,0.04385911,0.9351012,0.021039758
2774,MR039473,glioma,0,3,0.8963386,0.014917906,0.08874345
2775,MR039473,glioma,0,3,0.82682186,0.03589716,0.137281
2776,MR039473,glioma,0,3,0.7703187,0.017962292,0.21171898
2777,MR039473,glioma,0,3,0.9982242,0.00011646362,0.0016592457
2778,MR039473,glioma,0,3,0.97424567,0.00042848496,0.025325853
2779,MR039473,glioma,0,3,0.5372921,0.01267862,0.45002928
2795,MR040240B,glioma,0,3,0.99971193,2.0522333e-05,0.00026759238
2796,MR040240B,glioma,0,3,0.9935725,0.00066004245,0.0057674665
2797,MR040240B,glioma,0,3,0.9894121,0.006509514,0.0040783174
2798,MR040240B,glioma,0,3,0.9942872,0.0033120357,0.0024007712
2799,MR040240B,glioma,0,3,0.98817515,0.0045372224,0.007287705
2817,MR024780B,glioma,0,3,0.99918944,0.0006196728,0.00019088885
2818,MR024780B,glioma,0,3,0.99800473,0.0017896113,0.00020567676
2819,MR024780B,glioma,0,3,0.9992824,0.0006525685,6.507975e-05
2820,MR024780B,glioma,0,3,0.9997807,0.00021268874,6.543999e-06
2866,MR049358,glioma,0,3,0.9963218,0.0036721204,6.006669e-06
2867,MR049358,glioma,0,3,0.9998983,9.7842494e-05,3.7660263e-06
2868,MR049358,glioma,0,3,0.9996916,0.000103499304,0.00020500545
2869,MR049358,glioma,0,3,0.99248815,0.00052629446,0.0069855503
2870,MR049358,glioma,0,3,0.97904575,0.0006255974,0.020328613
2871,MR049358,glioma,0,3,0.98627174,0.00036937304,0.013358899
2872,MR049358,glioma,0,3,0.9900372,0.00022783941,0.009735027
2873,MR049104B,glioma,0,3,0.97307986,0.0005408494,0.026379343
2874,MR049104B,glioma,0,3,0.9999317,7.938948e-07,6.7410656e-05
2875,MR049104B,glioma,0,3,0.99991965,7.4406234e-06,7.296748e-05
2885,MR024780G,glioma,0,3,0.9999981,6.4350917e-07,1.2963031e-06
2886,MR024780G,glioma,0,3,0.99999774,1.3311428e-06,9.334381e-07
2887,MR024780G,glioma,0,3,0.9999864,9.067428e-06,4.5509396e-06
2888,MR024780G,glioma,0,3,0.99904746,0.000745323,0.00020726047
2889,MR024780G,glioma,0,3,0.9984523,0.0014149239,0.00013277162
2890,MR024780G,glioma,0,3,0.99066645,0.009330822,2.6575826e-06
2925,MR051586,glioma,0,3,0.98935705,0.010620726,2.2123168e-05
2926,MR051586,glioma,0,3,0.99949753,0.0004892683,1.320115e-05
2927,MR051586,glioma,0,3,0.99866414,0.0011035133,0.0002323802
2928,MR051586,glioma,0,3,0.98411775,0.007185821,0.008696437
2929,MR051586,glioma,0,3,0.96271205,0.03313181,0.004156053
2930,MR051586,glioma,0,3,0.9003267,0.08225852,0.017414715
2931,MR051586,glioma,0,3,0.9975193,0.0012633376,0.0012173151
2932,MR051586,glioma,0,3,0.99540126,0.0023288091,0.0022698329
2933,MR051586,glioma,0,3,0.9915945,0.0028880322,0.005517452
2983,MR051644C,glioma,0,3,0.99984074,4.4573266e-05,0.00011463579
2984,MR051644C,glioma,0,3,0.9998826,5.4893826e-06,0.00011192088
2985,MR051644C,glioma,0,3,0.9974559,7.131527e-05,0.0024727585
2986,MR051644C,glioma,0,3,0.99965215,5.062838e-06,0.00034288815
2987,MR051644C,glioma,0,3,0.9991872,2.6845246e-05,0.0007859972
2988,MR051644C,glioma,0,3,0.99977463,3.603983e-05,0.00018943152
2989,MR051644C,glioma,0,3,0.99961036,3.070857e-05,0.0003589594
2990,MR051644C,glioma,0,3,0.9999716,7.3296674e-06,2.1119458e-05
2991,MR051644C,glioma,0,3,0.999495,0.00012271239,0.00038224919
2992,MR051644C,glioma,0,3,0.9999528,1.3047308e-05,3.4155128e-05
3039,MR024780E,glioma,0,3,0.9997229,0.00020574321,7.138744e-05
3040,MR024780E,glioma,0,3,0.9978168,0.0019088322,0.00027436548
3041,MR024780E,glioma,0,3,0.9995758,0.00041285914,1.1378649e-05
3047,MR040240D,glioma,0,3,0.9924716,0.0022157326,0.005312707
3048,MR040240D,glioma,0,3,0.99856925,0.0001600583,0.0012706369
3049,MR017260F,glioma,0,3,0.99665266,0.0031749338,0.00017244244
3050,MR017260F,glioma,0,3,0.96889573,0.030408327,0.00069601863
3051,MR017260F,glioma,0,3,0.9878171,0.011382788,0.00080014364
3052,MR017260F,glioma,0,3,0.9964359,0.0033825806,0.00018152318
3053,MR017260F,glioma,0,3,0.9989278,0.0008623614,0.00020987012
3054,MR017260F,glioma,0,3,0.9935868,0.0050086766,0.0014045488
3055,MR017260F,glioma,0,3,0.93465155,0.043694623,0.02165388
20,101797,meningioma,1,4,0.97716683,0.021074234,0.0017589397
21,101797,meningioma,1,4,0.85104555,0.14300796,0.0059464164
22,101797,meningioma,1,4,0.8793562,0.11769726,0.0029464548
23,101797,meningioma,1,4,0.12582655,0.8712996,0.0028738303
56,105374,meningioma,1,4,0.3891021,0.560449,0.05044894
57,105374,meningioma,1,4,0.40705127,0.5785347,0.014414056
67,106442,meningioma,1,4,0.032340046,0.9614888,0.006171164
68,106442,meningioma,1,4,0.0049129715,0.99317235,0.0019146847
69,106442,meningioma,1,4,0.00655315,0.9912435,0.0022033819
70,106442,meningioma,1,4,0.004076378,0.9952667,0.00065694173
104,108514,meningioma,1,4,0.8566225,0.1421451,0.0012323658
105,108514,meningioma,1,4,0.47309208,0.5249538,0.001954101
106,108514,meningioma,1,4,0.32782,0.67077935,0.0014006717
107,108514,meningioma,1,4,0.08151386,0.9173015,0.0011847357
108,108514,meningioma,1,4,0.02012918,0.97920084,0.0006699723
109,108514,meningioma,1,4,0.024144465,0.9757312,0.00012437777
110,108514,meningioma,1,4,0.08688732,0.9130873,2.5385423e-05
115,108945,meningioma,1,4,0.013375205,0.9845366,0.0020881584
116,108945,meningioma,1,4,0.07665913,0.9220102,0.0013307552
117,108945,meningioma,1,4,0.05978792,0.9392497,0.0009623338
118,108945,meningioma,1,4,0.05750261,0.9421842,0.000313122
119,109411,meningioma,1,4,0.0019486264,0.9971769,0.00087442173
120,109968,meningioma,1,4,0.26784337,0.6701301,0.062026538
121,109968,meningioma,1,4,0.24636927,0.73355776,0.02007301
122,109968,meningioma,1,4,0.23823804,0.7541275,0.007634474
123,109968,meningioma,1,4,0.11557857,0.87044984,0.0139715355
169,114359,meningioma,1,4,0.96584666,0.033768937,0.00038443352
170,114359,meningioma,1,4,0.92048216,0.07862398,0.0008938357
171,114359,meningioma,1,4,0.30184793,0.69654477,0.0016073281
172,114359,meningioma,1,4,0.403776,0.595153,0.0010710587
173,114359,meningioma,1,4,0.097479984,0.90199137,0.00052869634
174,114359,meningioma,1,4,0.052450016,0.9473427,0.00020718265
184,97875,meningioma,1,4,0.12646931,0.79015887,0.08337181
185,97875,meningioma,1,4,0.35533494,0.6213065,0.023358596
186,97875,meningioma,1,4,0.14438526,0.8361109,0.019503865
198,99017,meningioma,1,4,0.0080013005,0.22409284,0.76790583
199,99017,meningioma,1,4,0.009270192,0.11794776,0.8727821
209,100820,glioma,0,4,0.11321754,0.78115785,0.105624594
210,100820,glioma,0,4,0.3183685,0.62720996,0.054421544
231,101797,meningioma,1,4,0.72927946,0.2654512,0.00526936
232,101797,meningioma,1,4,0.6641107,0.32992566,0.0059636245
233,101797,meningioma,1,4,0.7998389,0.19630729,0.003853828
234,101797,meningioma,1,4,0.66412854,0.33360368,0.0022678066
235,101797,meningioma,1,4,0.16426246,0.8286298,0.007107736
281,105374,meningioma,1,4,0.008802521,0.9640146,0.027182931
282,105374,meningioma,1,4,0.001636559,0.95656085,0.041802596
294,106442,meningioma,1,4,0.11135915,0.88844,0.00020077382
295,106442,meningioma,1,4,0.038387854,0.9615171,9.5064315e-05
296,106442,meningioma,1,4,0.2752065,0.7247506,4.2913474e-05
326,108514,meningioma,1,4,0.6767527,0.31503916,0.008208169
327,108514,meningioma,1,4,0.6693598,0.32808822,0.0025519724
328,108514,meningioma,1,4,0.723883,0.27517617,0.00094090117
329,108514,meningioma,1,4,0.6124535,0.38536903,0.0021774585
330,108514,meningioma,1,4,0.16777602,0.8301028,0.0021212308
331,108514,meningioma,1,4,0.16025163,0.83908397,0.0006644043
336,108945,meningioma,1,4,0.4464027,0.5485012,0.005096079
337,108945,meningioma,1,4,0.22680882,0.75545484,0.017736418
338,108945,meningioma,1,4,0.15323126,0.83607686,0.010691851
339,108945,meningioma,1,4,0.3440803,0.64938784,0.0065318686
340,109411,meningioma,1,4,0.029404491,0.96594787,0.0046476563
341,109968,meningioma,1,4,0.19642869,0.7959403,0.0076310383
342,109968,meningioma,1,4,0.0662075,0.92007154,0.01372102
343,109968,meningioma,1,4,0.06312577,0.93252337,0.0043508904
344,109968,meningioma,1,4,0.035978872,0.96203166,0.0019895725
399,114359,meningioma,1,4,0.65601635,0.34062174,0.0033618573
400,114359,meningioma,1,4,0.46840942,0.52369916,0.007891376
401,114359,meningioma,1,4,0.85632104,0.13728632,0.006392682
402,114359,meningioma,1,4,0.7818597,0.21140382,0.006736498
403,114359,meningioma,1,4,0.8617354,0.13404313,0.0042214347
404,114359,meningioma,1,4,0.89366424,0.10550542,0.00083027774
414,97875,meningioma,1,4,0.03818557,0.9326158,0.029198641
415,97875,meningioma,1,4,0.011194853,0.96979237,0.01901285
416,97875,meningioma,1,4,0.010786839,0.9747732,0.014439934
417,97875,meningioma,1,4,0.014102724,0.971906,0.013991308
430,99017,meningioma,1,4,0.04500815,0.92752033,0.027471593
431,99017,meningioma,1,4,0.008552736,0.9776823,0.013765025
465,101797,meningioma,1,4,0.28719643,0.68718123,0.02562236
466,101797,meningioma,1,4,0.06964704,0.83622855,0.09412444
467,101797,meningioma,1,4,0.33173877,0.55229115,0.115970105
468,101797,meningioma,1,4,0.17051993,0.6754556,0.15402453
469,101797,meningioma,1,4,0.44081306,0.5426678,0.016519103
470,101797,meningioma,1,4,0.70858777,0.2846674,0.0067448206
471,101801,meningioma,1,4,0.02403175,0.8545083,0.12145991
472,101801,meningioma,1,4,0.041275106,0.36039075,0.5983342
473,101801,meningioma,1,4,0.02095767,0.89956605,0.07947625
490,102960,meningioma,1,4,0.3870468,0.5950408,0.017912377
491,102960,meningioma,1,4,0.3942032,0.56440103,0.04139581
492,102960,meningioma,1,4,0.3610487,0.5977993,0.04115198
493,102960,meningioma,1,4,0.5928714,0.14952394,0.2576046
494,102960,meningioma,1,4,0.03402603,0.15033263,0.81564134
517,105374,meningioma,1,4,0.019082604,0.97874856,0.0021688861
527,106442,meningioma,1,4,0.0036864816,0.98957753,0.006736041
528,106442,meningioma,1,4,0.00774557,0.9765362,0.015718212
529,106442,meningioma,1,4,0.011332396,0.9775213,0.011146293
532,106592,meningioma,1,4,0.027788805,0.97170436,0.0005068741
564,108514,meningioma,1,4,0.33874267,0.66121924,3.8135087e-05
565,108514,meningioma,1,4,0.72510904,0.27471042,0.00018060005
566,108514,meningioma,1,4,0.1721448,0.82584554,0.0020096255
567,108514,meningioma,1,4,0.059883557,0.9355355,0.0045809792
568,108514,meningioma,1,4,0.4114029,0.5785402,0.0100568775
573,108945,meningioma,1,4,0.30140427,0.6955948,0.0030009528
574,108945,meningioma,1,4,0.47603822,0.5168178,0.007143984
575,108945,meningioma,1,4,0.911285,0.082007244,0.0067078434
576,108945,meningioma,1,4,0.60279214,0.262079,0.13512883
579,109411,meningioma,1,4,0.081302665,0.9175344,0.0011628842
580,109968,meningioma,1,4,0.0075592436,0.97934365,0.013097132
581,109968,meningioma,1,4,0.02996237,0.94881153,0.021225989
582,109968,meningioma,1,4,0.03362659,0.9485264,0.017847013
583,109968,meningioma,1,4,0.018086486,0.9598143,0.022099204
596,111696,meningioma,1,4,0.020261085,0.8963949,0.08334403
621,113098,meningioma,1,4,0.055131003,0.91414714,0.030721823
622,113098,meningioma,1,4,0.07024691,0.90650475,0.023248402
623,113098,meningioma,1,4,0.1238036,0.83733016,0.038866278
624,113098,meningioma,1,4,0.33218178,0.65387475,0.013943474
640,113971,meningioma,1,4,0.11452361,0.8617435,0.023732834
641,113971,meningioma,1,4,0.06361992,0.9015472,0.03483285
648,114359,meningioma,1,4,0.31934467,0.6806057,4.9641396e-05
649,114359,meningioma,1,4,0.4610553,0.5387248,0.00021996249
650,114359,meningioma,1,4,0.14443009,0.85494715,0.0006227514
651,114359,meningioma,1,4,0.21675067,0.7820793,0.0011700781
652,114359,meningioma,1,4,0.47014546,0.5288584,0.0009961368
653,114359,meningioma,1,4,0.15849084,0.8406272,0.00088192633
654,114359,meningioma,1,4,0.45257816,0.5450542,0.0023676006
659,97374,meningioma,1,4,0.9196595,0.04064922,0.039691266
660,97374,meningioma,1,4,0.927666,0.049396235,0.022937728
661,97374,meningioma,1,4,0.80855006,0.18058275,0.010867174
662,97374,meningioma,1,4,0.33147612,0.6530356,0.01548829
663,97374,meningioma,1,4,0.39756432,0.5942499,0.008185818
673,97793,meningioma,1,4,0.041735455,0.93295103,0.025313543
674,97875,meningioma,1,4,0.001768597,0.7480582,0.2501732
686,99017,meningioma,1,4,0.035210587,0.9464377,0.018351601
687,99017,meningioma,1,4,0.023064634,0.93183947,0.045095827
715,100820,glioma,0,4,0.24630864,0.7353463,0.018345091
716,100820,glioma,0,4,0.05628103,0.9334286,0.010290314
717,100820,glioma,0,4,0.010575575,0.9860341,0.003390352
718,101020,glioma,0,4,0.89707416,0.097578876,0.005346962
719,101020,glioma,0,4,0.9676913,0.030248594,0.0020601861
720,101020,glioma,0,4,0.6919637,0.25509587,0.052940417
721,101020,glioma,0,4,0.48177415,0.38033044,0.13789542
747,100820,glioma,0,4,0.5801758,0.41883743,0.0009867466
748,100820,glioma,0,4,0.55877244,0.43937844,0.0018490179
749,100820,glioma,0,4,0.70690066,0.28910807,0.0039912737
750,100820,glioma,0,4,0.33914334,0.6340421,0.026814621
751,100820,glioma,0,4,0.19552349,0.77636224,0.028114283
752,100820,glioma,0,4,0.25980082,0.7337192,0.006479923
753,101020,glioma,0,4,0.6684427,0.31947047,0.01208677
754,101020,glioma,0,4,0.99310523,0.0066356063,0.00025913378
755,101020,glioma,0,4,0.98258704,0.017126108,0.00028690748
756,101020,glioma,0,4,0.8609362,0.13853276,0.0005310251
757,101020,glioma,0,4,0.7095497,0.2896872,0.0007631335
758,101020,glioma,0,4,0.18712263,0.81224895,0.0006284287
759,101020,glioma,0,4,0.22521587,0.7745849,0.00019929795
760,101020,glioma,0,4,0.090765975,0.9091499,8.412881e-05
822,100820,glioma,0,4,0.61762756,0.38073152,0.0016408493
823,100820,glioma,0,4,0.8763855,0.12326446,0.0003499339
824,100820,glioma,0,4,0.38109487,0.60810304,0.010802094
825,100820,glioma,0,4,0.8973362,0.09996016,0.0027037251
826,100820,glioma,0,4,0.32007006,0.5950067,0.08492328
827,100820,glioma,0,4,0.020395193,0.6815381,0.29806668
828,101020,glioma,0,4,0.38269168,0.5708189,0.04648944
829,101020,glioma,0,4,0.9229667,0.069425315,0.007607967
830,101020,glioma,0,4,0.85359216,0.14246382,0.003943924
831,101020,glioma,0,4,0.16351509,0.8291871,0.007297848
832,101020,glioma,0,4,0.3306872,0.6667767,0.002536089
833,101020,glioma,0,4,0.6527801,0.34664962,0.0005702534
892,94731,glioma,0,4,0.5136092,0.37337252,0.11301831
893,94731,glioma,0,4,0.47654927,0.4920066,0.031444162
894,94731,glioma,0,4,0.39723027,0.5541912,0.048578624
912,98889,glioma,0,4,0.9398336,0.0600717,9.470737e-05
913,98889,glioma,0,4,0.52960855,0.46796808,0.0024233803
914,98889,glioma,0,4,0.33855388,0.655559,0.0058870954
915,98889,glioma,0,4,0.104441315,0.86956865,0.025989976
916,98889,glioma,0,4,0.64907104,0.32781687,0.023112064
917,98889,glioma,0,4,0.66409445,0.30475962,0.031145973
933,107429,pituitary,2,4,0.0010714877,0.025678823,0.9732496
934,107429,pituitary,2,4,7.722186e-05,0.0036823615,0.9962404
935,107429,pituitary,2,4,0.00015853376,0.0058523,0.9939892
936,107429,pituitary,2,4,5.9062546e-05,0.002774912,0.997166
937,107429,pituitary,2,4,0.0005214328,0.0047312607,0.99474734
938,107429,pituitary,2,4,0.0006302961,0.0019174464,0.9974522
966,109898,pituitary,2,4,1.5958808e-06,0.0003848924,0.9996136
967,109898,pituitary,2,4,4.966001e-07,0.0004445967,0.99955493
968,109898,pituitary,2,4,6.818613e-07,0.000437027,0.9995623
969,109898,pituitary,2,4,4.2478787e-06,0.0008496589,0.9991461
970,109898,pituitary,2,4,3.24989e-06,0.00031998684,0.9996768
971,109898,pituitary,2,4,5.080681e-06,0.0002389147,0.99975604
972,110518,pituitary,2,4,0.067113765,0.88560355,0.047282618
973,110518,pituitary,2,4,0.02536447,0.25670183,0.7179337
986,111125,pituitary,2,4,7.959008e-06,0.00012649239,0.99986553
987,111125,pituitary,2,4,1.2255195e-05,0.000113456495,0.99987423
988,111125,pituitary,2,4,4.6047626e-05,0.00041378377,0.9995402
989,111125,pituitary,2,4,8.9092995e-05,0.0005452533,0.9993656
998,112649,pituitary,2,4,0.008537694,0.0014273812,0.9900349
999,112649,pituitary,2,4,0.011519648,0.0031554382,0.9853249
1000,112649,pituitary,2,4,0.000628594,0.00013021081,0.99924123
1001,112649,pituitary,2,4,3.2868196e-05,0.00014752295,0.9998196
1002,112649,pituitary,2,4,1.892758e-05,0.00016150839,0.9998196
1010,113274,pituitary,2,4,6.440805e-05,0.02474574,0.9751898
1011,113274,pituitary,2,4,1.1828484e-05,0.000905806,0.9990823
1012,113274,pituitary,2,4,7.840931e-06,0.0008881069,0.9991041
1013,113741,pituitary,2,4,8.4258374e-07,0.000109112094,0.9998901
1014,113741,pituitary,2,4,1.783037e-07,2.835877e-05,0.9999715
1047,107429,pituitary,2,4,3.783948e-05,0.0030073472,0.9969548
1048,107429,pituitary,2,4,2.1234915e-05,0.0033470595,0.9966317
1049,107429,pituitary,2,4,7.2657253e-06,0.002294465,0.99769825
1050,107429,pituitary,2,4,1.4516447e-05,0.0027473313,0.99723816
1051,107429,pituitary,2,4,1.1001172e-05,0.005922817,0.9940661
1052,107429,pituitary,2,4,6.95427e-06,0.0013147844,0.99867827
1053,107429,pituitary,2,4,9.568846e-06,0.001125275,0.9988651
1088,109898,pituitary,2,4,4.475231e-05,0.0012490073,0.9987062
1089,109898,pituitary,2,4,1.9849533e-05,0.0017833007,0.9981969
1090,109898,pituitary,2,4,2.0097892e-05,0.0010722469,0.9989077
1091,109898,pituitary,2,4,3.1826e-05,0.0022567003,0.9977114
1092,109898,pituitary,2,4,8.988487e-05,0.0029055024,0.99700457
1093,109898,pituitary,2,4,4.995889e-05,0.0008135892,0.9991365
1094,110518,pituitary,2,4,5.4132383e-05,0.0087667825,0.99117905
1095,110518,pituitary,2,4,2.3422182e-05,0.009998628,0.98997796
1096,110518,pituitary,2,4,5.877056e-06,0.0049751946,0.99501896
1097,110518,pituitary,2,4,3.6589636e-06,0.0031186792,0.9968777
1098,110518,pituitary,2,4,9.846647e-07,0.0026301937,0.9973688
1099,110518,pituitary,2,4,7.33817e-06,0.0063362624,0.99365634
1118,111125,pituitary,2,4,5.4827393e-07,2.0688436e-05,0.9999788
1119,111125,pituitary,2,4,5.2849873e-07,4.1793897e-05,0.9999577
1120,111125,pituitary,2,4,9.533272e-07,0.00016469395,0.9998343
1121,111125,pituitary,2,4,4.969058e-06,0.00019146998,0.9998036
1122,111125,pituitary,2,4,2.4816413e-06,3.7590333e-05,0.99995995
1123,111125,pituitary,2,4,1.5376679e-06,4.3525273e-05,0.99995494
1134,112649,pituitary,2,4,0.009555714,0.000285445,0.99015886
1135,112649,pituitary,2,4,0.0003252806,8.822311e-05,0.9995865
1136,112649,pituitary,2,4,6.915617e-05,5.0597577e-05,0.9998802
1137,112649,pituitary,2,4,0.00019384615,8.943438e-05,0.9997167
1138,112649,pituitary,2,4,0.00019069154,9.8925506e-05,0.9997104
1139,112649,pituitary,2,4,0.0070284926,0.00023127905,0.9927402
1148,113274,pituitary,2,4,7.297169e-07,0.00016304554,0.9998362
1149,113274,pituitary,2,4,5.298491e-07,0.0005242841,0.9994752
1150,113274,pituitary,2,4,5.6196444e-07,5.72733e-05,0.9999422
1151,113741,pituitary,2,4,5.538635e-06,0.00028135037,0.9997131
1152,113741,pituitary,2,4,1.0989704e-06,0.0004934442,0.9995054
1153,113741,pituitary,2,4,2.2307966e-05,0.0013017092,0.998676
1182,107429,pituitary,2,4,0.02597539,0.4504987,0.52352595
1183,107429,pituitary,2,4,0.004831098,0.12485064,0.8703183
1184,107429,pituitary,2,4,0.00029156805,0.021044172,0.9786643
1185,107429,pituitary,2,4,0.000340337,0.047992248,0.9516675
1186,107429,pituitary,2,4,0.0028987979,0.07870463,0.9183966
1187,107429,pituitary,2,4,0.001593396,0.18379875,0.81460786
1188,107429,pituitary,2,4,0.009226893,0.20589653,0.7848766
1219,109898,pituitary,2,4,1.3003222e-05,0.00076063897,0.99922633
1220,109898,pituitary,2,4,7.474065e-05,0.0009867356,0.9989385
1221,109898,pituitary,2,4,0.000832333,6.0663424e-05,0.99910694
1222,110518,pituitary,2,4,2.0555637e-05,0.001385865,0.9985935
1223,110518,pituitary,2,4,5.2452756e-06,0.0004149624,0.99957985
1224,110518,pituitary,2,4,3.7018435e-06,0.00032432083,0.99967194
1225,110518,pituitary,2,4,1.5033899e-05,0.0010594474,0.9989255
1238,111125,pituitary,2,4,1.9713154e-06,0.00015361747,0.99984443
1239,111125,pituitary,2,4,3.5083474e-05,0.0001007121,0.9998642
1240,111125,pituitary,2,4,4.238626e-06,0.00012953798,0.99986625
1241,111125,pituitary,2,4,7.3108645e-06,0.0002960255,0.99969673
1251,112649,pituitary,2,4,0.0016924259,6.61458e-05,0.9982414
1252,112649,pituitary,2,4,6.839057e-05,0.00011938053,0.9998123
1253,112649,pituitary,2,4,4.659814e-05,4.447567e-05,0.9999089
1254,112649,pituitary,2,4,5.2493706e-05,6.0912003e-05,0.99988663
1255,112649,pituitary,2,4,0.00025971516,0.00012730104,0.999613
1266,113274,pituitary,2,4,0.76136357,0.06423068,0.17440568
1267,113274,pituitary,2,4,0.15463111,0.18835782,0.65701103
1268,113274,pituitary,2,4,0.11625489,0.09729856,0.7864466
1269,113274,pituitary,2,4,0.12831017,0.42913345,0.44255635
1270,113741,pituitary,2,4,2.2725598e-07,4.508713e-06,0.99999523
1271,113741,pituitary,2,4,1.9909671e-06,1.9875515e-05,0.9999782
1272,113741,pituitary,2,4,2.9327691e-06,3.369813e-06,0.9999937
1285,101145,pituitary,2,4,1.9204826e-05,0.024612203,0.9753686
1286,101145,pituitary,2,4,5.748905e-06,0.008014293,0.99197996
1287,101145,pituitary,2,4,5.1575194e-06,0.017462753,0.982532
1288,101145,pituitary,2,4,1.0140398e-05,0.033296987,0.96669286
1289,101305,pituitary,2,4,9.426693e-06,8.299998e-05,0.9999076
1290,101305,pituitary,2,4,1.1302415e-06,2.6769176e-05,0.9999721
1291,101305,pituitary,2,4,1.5225083e-06,7.357579e-06,0.9999912
1292,101305,pituitary,2,4,4.128526e-06,3.539689e-05,0.9999604
1374,105187,pituitary,2,4,0.00013399529,0.0012387736,0.9986273
1375,105187,pituitary,2,4,1.1888779e-05,0.0005155504,0.99947256
1376,105187,pituitary,2,4,5.1331504e-06,0.00021760802,0.99977726
1377,105187,pituitary,2,4,4.1705192e-05,0.0013890283,0.99856925
1468,101145,pituitary,2,4,1.8938967e-05,0.015839918,0.9841412
1469,101145,pituitary,2,4,1.2306277e-05,0.036978483,0.96300924
1470,101145,pituitary,2,4,1.3667616e-05,0.049018178,0.95096815
1471,101145,pituitary,2,4,1.8216468e-05,0.074255355,0.9257264
1472,101305,pituitary,2,4,0.0004600403,0.00020068196,0.9993393
1473,101305,pituitary,2,4,0.0005749824,0.00017431595,0.9992507
1474,101305,pituitary,2,4,6.7869725e-05,0.00011049014,0.9998217
1475,101305,pituitary,2,4,8.6961685e-05,0.000104341874,0.9998087
1476,101305,pituitary,2,4,1.0564033e-08,2.22884e-07,0.99999976
1477,101305,pituitary,2,4,4.6888903e-08,2.7726244e-07,0.99999964
1478,101305,pituitary,2,4,8.707009e-09,7.9900204e-08,0.9999999
1479,101305,pituitary,2,4,9.5314405e-09,1.637035e-07,0.9999999
1487,102669,pituitary,2,4,4.3489046e-05,0.0028423062,0.9971142
1488,102669,pituitary,2,4,8.643964e-05,0.003293665,0.9966198
1557,105187,pituitary,2,4,2.410109e-05,8.032133e-05,0.9998956
1558,105187,pituitary,2,4,2.9654671e-05,0.00024401842,0.99972636
1559,105187,pituitary,2,4,2.3125363e-05,7.697458e-05,0.99989986
1560,105187,pituitary,2,4,0.00017435603,0.00021645923,0.9996092
1561,105187,pituitary,2,4,6.211742e-05,0.00013117329,0.9998067
1562,105187,pituitary,2,4,4.1719748e-05,7.880694e-05,0.9998795
1651,101145,pituitary,2,4,6.421909e-05,0.01265273,0.987283
1652,101145,pituitary,2,4,5.906064e-05,0.012597152,0.9873438
1653,101145,pituitary,2,4,0.00022875179,0.017401397,0.9823698
1654,101145,pituitary,2,4,4.4660632e-05,0.008675266,0.99128
1655,101305,pituitary,2,4,1.03107395e-05,0.00037295834,0.99961674
1656,101305,pituitary,2,4,6.9536927e-06,0.00031517833,0.9996779
1657,101305,pituitary,2,4,0.0010061384,0.0006619512,0.99833196
1658,101305,pituitary,2,4,6.0061942e-05,0.00019200494,0.99974793
1672,102669,pituitary,2,4,0.0011338645,0.023207918,0.97565824
1748,105187,pituitary,2,4,0.0003668079,0.002291511,0.9973417
1749,105187,pituitary,2,4,0.00072494673,0.0011789753,0.99809605
1750,105187,pituitary,2,4,0.00018548087,0.0018694747,0.997945
1751,105187,pituitary,2,4,0.00039707936,0.0011235839,0.9984793
1752,105187,pituitary,2,4,6.0450377e-05,0.0016222139,0.99831736
1753,105187,pituitary,2,4,9.000188e-05,0.0008684501,0.9990415
1841,MR048294,glioma,0,4,0.9993667,0.0004040462,0.00022926857
1842,MR048294,glioma,0,4,0.999206,0.0003442275,0.00044983524
1843,MR048294,glioma,0,4,0.99998915,5.5686996e-06,5.218051e-06
1844,MR048294,glioma,0,4,0.9999839,9.749276e-06,6.3327316e-06
1845,MR048294,glioma,0,4,0.9999937,4.0738123e-06,2.2961638e-06
1846,MR048294,glioma,0,4,0.99999285,5.8284822e-06,1.2869497e-06
1847,MR048294,glioma,0,4,0.9999876,1.138691e-05,9.622152e-07
1848,MR048294,glioma,0,4,0.99997306,2.5716967e-05,1.1970608e-06
1950,MR050135B,glioma,0,4,0.9953923,0.00085679634,0.0037508847
1951,MR050135B,glioma,0,4,0.99987674,3.9288145e-05,8.393685e-05
1952,MR050135B,glioma,0,4,0.9999676,2.9544468e-05,2.8346205e-06
1953,MR050135B,glioma,0,4,0.9997838,0.00020730722,8.892884e-06
1954,MR050135B,glioma,0,4,0.9999131,8.571514e-05,1.1972974e-06
1955,MR050135B,glioma,0,4,0.9990784,0.0009183915,3.1588545e-06
1956,MR050135B,glioma,0,4,0.9999778,1.1931623e-05,1.0219761e-05
1957,MR050135B,glioma,0,4,0.9999974,1.3987193e-06,1.1468218e-06
1958,MR050135B,glioma,0,4,0.9999919,5.239227e-06,2.920355e-06
1959,MR050135B,glioma,0,4,0.99999,7.5451776e-06,2.5321283e-06
1960,MR050135B,glioma,0,4,0.999985,1.0218022e-05,4.78931e-06
1961,MR050135B,glioma,0,4,0.9999975,1.8884307e-06,5.562157e-07
1962,MR050135B,glioma,0,4,0.9999924,6.566905e-06,1.1184236e-06
1963,MR050135B,glioma,0,4,0.9999927,6.346512e-06,9.577534e-07
1964,MR050687,glioma,0,4,0.9020811,0.093669906,0.004248951
1965,MR050687,glioma,0,4,0.81476766,0.18339708,0.0018352816
1966,MR050687,glioma,0,4,0.9261888,0.07287357,0.00093759847
1967,MR050687,glioma,0,4,0.9869828,0.012527267,0.00048992236
1968,MR050687,glioma,0,4,0.98139405,0.018015316,0.0005905316
1969,MR050687,glioma,0,4,0.9735041,0.025457194,0.0010386558
1970,MR050687,glioma,0,4,0.70006126,0.2935759,0.0063628457
1971,MR050687,glioma,0,4,0.38932014,0.6069981,0.0036818243
1972,MR050687,glioma,0,4,0.16626458,0.83137274,0.0023627293
1973,MR050687,glioma,0,4,0.06658306,0.9321644,0.001252537
2080,MR052585B,glioma,0,4,0.999954,3.3434833e-05,1.259857e-05
2081,MR052585B,glioma,0,4,0.9999591,2.5406483e-05,1.5524807e-05
2082,MR052585B,glioma,0,4,0.9999708,1.982263e-05,9.365646e-06
2093,MR034694,glioma,0,4,0.9999945,6.26806e-07,4.8324137e-06
2094,MR034694,glioma,0,4,0.9999999,1.3703745e-08,6.939851e-08
2095,MR034694,glioma,0,4,0.99999845,6.5482556e-07,9.631033e-07
2096,MR034694,glioma,0,4,0.9999949,2.5545914e-06,2.6233051e-06
2134,MR049019G,glioma,0,4,0.99999833,1.4480714e-06,2.9456808e-07
2135,MR049019G,glioma,0,4,0.9999856,1.2283051e-05,2.200374e-06
2136,MR049019G,glioma,0,4,0.99999034,7.087824e-06,2.608644e-06
2137,MR049019G,glioma,0,4,0.9999931,5.9181802e-06,9.175427e-07
2138,MR049019G,glioma,0,4,0.9999809,1.734585e-05,1.674338e-06
2139,MR049019G,glioma,0,4,0.99998224,1.726209e-05,4.924124e-07
2140,MR049019G,glioma,0,4,0.9998721,0.00012654209,1.2606425e-06
2141,MR031409B,glioma,0,4,0.99986696,0.0001320081,9.648538e-07
2142,MR031409B,glioma,0,4,0.99889046,0.0011072255,2.4366955e-06
2143,MR031409B,glioma,0,4,0.9824907,0.01750447,4.8468337e-06
2146,MR038469,glioma,0,4,0.9930353,0.005027733,0.0019370718
2147,MR038469,glioma,0,4,0.99661475,0.0029913657,0.0003938266
2148,MR038469,glioma,0,4,0.998161,0.0013871486,0.00045176095
2149,MR038469,glioma,0,4,0.9944349,0.004533452,0.0010316855
2150,MR038469,glioma,0,4,0.99930215,0.0004219776,0.00027590457
2151,MR038469,glioma,0,4,0.9996014,0.00030205643,9.657196e-05
2152,MR038469,glioma,0,4,0.9998746,0.000104382896,2.0941325e-05
2179,MR039473B,glioma,0,4,0.9298543,0.0034502062,0.06669543
2180,MR039473B,glioma,0,4,0.98879135,0.0002551475,0.010953531
2181,MR039473B,glioma,0,4,0.9998536,1.02825425e-05,0.00013611019
2182,MR039473B,glioma,0,4,0.9999769,5.9289982e-06,1.7107699e-05
2183,MR039473B,glioma,0,4,0.9999913,4.6267305e-06,4.033017e-06
2184,MR039473B,glioma,0,4,0.9999684,2.3353681e-05,8.212155e-06
2185,MR039473B,glioma,0,4,0.99999225,5.984055e-06,1.8161683e-06
2196,MR040240,glioma,0,4,0.96889675,0.009918592,0.021184698
2197,MR040240,glioma,0,4,0.96956193,0.028531747,0.0019063986
2198,MR040240,glioma,0,4,0.9863008,0.013250433,0.00044866797
2199,MR040240,glioma,0,4,0.9981762,0.0016626221,0.00016113548
2200,MR040240,glioma,0,4,0.9970872,0.0026812227,0.0002316617
2201,MR040240,glioma,0,4,0.99984884,0.00014085237,1.02526665e-05
2202,MR040240,glioma,0,4,0.9988595,0.0010426862,9.7716984e-05
2203,MR040240,glioma,0,4,0.99859875,0.0012686425,0.0001326258
2204,MR040240,glioma,0,4,0.9972389,0.0025758697,0.00018520543
2205,MR040240,glioma,0,4,0.9779815,0.02160727,0.0004111391
2224,MR036496B,glioma,0,4,0.9999974,2.4744952e-06,1.6554243e-07
2225,MR036496B,glioma,0,4,0.99998045,1.8383149e-05,1.2203515e-06
2226,MR036496B,glioma,0,4,0.9999713,2.7994769e-05,7.550129e-07
2227,MR036496B,glioma,0,4,0.9999478,5.1571067e-05,5.474074e-07
2228,MR036496B,glioma,0,4,0.99979836,0.00020102513,6.291526e-07
2229,MR036496B,glioma,0,4,0.9998946,0.000105221654,1.04574845e-07
2230,MR033420,glioma,0,4,0.9999957,2.013221e-06,2.2371246e-06
2231,MR033420,glioma,0,4,0.99999917,5.041467e-07,3.5222143e-07
2232,MR033420,glioma,0,4,0.99999475,2.9866083e-06,2.2593952e-06
2233,MR033420,glioma,0,4,0.99999845,9.3983886e-07,5.7855755e-07
2234,MR033420,glioma,0,4,0.99999905,7.378601e-07,2.1019709e-07
2235,MR033420,glioma,0,4,0.9999645,3.0287401e-05,5.2652804e-06
2236,MR033420,glioma,0,4,0.9999951,4.398753e-06,4.6200088e-07
2300,MR050135B,glioma,0,4,0.9907128,0.009193335,9.391354e-05
2301,MR050135B,glioma,0,4,0.9988103,0.001174733,1.50498945e-05
2302,MR050135B,glioma,0,4,0.99997497,2.0035939e-05,5.0089657e-06
2303,MR050135B,glioma,0,4,0.9974727,0.0024274986,9.98074e-05
2304,MR050135B,glioma,0,4,0.9958111,0.0039143516,0.0002745526
2305,MR050135B,glioma,0,4,0.9996942,0.00015942162,0.00014629852
2306,MR050135B,glioma,0,4,0.99970883,0.00018520646,0.00010595535
2307,MR050135B,glioma,0,4,0.9998202,0.000104056686,7.577992e-05
2308,MR050135B,glioma,0,4,0.99991846,4.6018686e-05,3.5524554e-05
2309,MR050135B,glioma,0,4,0.9998996,9.194743e-05,8.454255e-06
2310,MR050135B,glioma,0,4,0.99995065,4.4117427e-05,5.259556e-06
2311,MR050687,glioma,0,4,0.9978491,0.0020059426,0.00014502315
2312,MR050687,glioma,0,4,0.99981123,0.00018129121,7.5658895e-06
2313,MR050687,glioma,0,4,0.9995253,0.00046040906,1.4330358e-05
2314,MR050687,glioma,0,4,0.9991652,0.0007984939,3.6333702e-05
2315,MR050687,glioma,0,4,0.9509932,0.047189806,0.0018170214
2316,MR050687,glioma,0,4,0.9973309,0.002546437,0.00012263986
2350,MR026175E,glioma,0,4,0.9999112,5.432328e-05,3.4472097e-05
2351,MR026175E,glioma,0,4,0.99999654,2.6621265e-06,8.521725e-07
2352,MR026175E,glioma,0,4,0.9999924,7.084501e-06,5.686905e-07
2353,MR026175E,glioma,0,4,0.9999831,1.6308448e-05,5.904549e-07
2354,MR026175E,glioma,0,4,0.99999905,7.220782e-07,2.4692199e-07
2355,MR026175E,glioma,0,4,0.9999993,4.5122653e-07,2.7116366e-07
2356,MR026175E,glioma,0,4,0.9999958,1.0177864e-06,3.1316324e-06
2357,MR026175E,glioma,0,4,0.9999982,7.855342e-07,9.24013e-07
2358,MR026175E,glioma,0,4,1.0,3.7730096e-08,4.4309704e-08
2359,MR026175E,glioma,0,4,1.0,1.5871873e-08,1.3040913e-08
2360,MR026175E,glioma,0,4,0.9999964,2.6950172e-06,8.350908e-07
2361,MR026175E,glioma,0,4,0.9999925,6.3472726e-06,1.1871477e-06
2394,MR029209I,glioma,0,4,0.99999976,1.3755393e-07,8.1397175e-08
2395,MR029209I,glioma,0,4,0.99999976,1.3647448e-07,8.384192e-08
2396,MR029209I,glioma,0,4,0.9999995,3.400072e-07,7.8437154e-08
2397,MR029209I,glioma,0,4,0.9999747,2.2928523e-05,2.333051e-06
2398,MR029209I,glioma,0,4,0.99998105,1.7294466e-05,1.6825384e-06
2399,MR029209I,glioma,0,4,0.99996126,3.7175265e-05,1.5185202e-06
2400,MR029209I,glioma,0,4,0.99991596,8.294813e-05,1.0370474e-06
2401,MR029209I,glioma,0,4,0.9998011,0.00019818841,7.2431936e-07
2402,MR029209I,glioma,0,4,0.9995043,0.00049521745,5.07388e-07
2403,MR048294,glioma,0,4,0.99958545,0.00024228764,0.00017230633
2404,MR048294,glioma,0,4,0.99834704,0.0009710834,0.00068184914
2405,MR048294,glioma,0,4,0.9998758,5.3930453e-05,7.029672e-05
2406,MR048294,glioma,0,4,0.9999629,1.5388869e-05,2.1722386e-05
2407,MR048294,glioma,0,4,0.9997497,0.00015816654,9.217945e-05
2408,MR048294,glioma,0,4,0.999619,0.00029320922,8.77564e-05
2409,MR048294,glioma,0,4,0.99991703,4.780805e-05,3.5139637e-05
2443,MR040240,glioma,0,4,0.99115807,0.0059207613,0.0029211987
2444,MR040240,glioma,0,4,0.99954575,0.0003710718,8.312969e-05
2445,MR040240,glioma,0,4,0.99908626,0.00084100326,7.271759e-05
2446,MR040240,glioma,0,4,0.999863,0.00012464257,1.22265155e-05
2447,MR040240,glioma,0,4,0.9994041,0.00053512095,6.0712144e-05
2448,MR040240,glioma,0,4,0.9997042,0.00023334745,6.239115e-05
2449,MR040240,glioma,0,4,0.99992454,6.175873e-05,1.3718398e-05
2450,MR040240,glioma,0,4,0.9997037,0.00020182882,9.443995e-05
2451,MR040240,glioma,0,4,0.9995214,0.00033662148,0.00014202403
2452,MR040240,glioma,0,4,0.9979601,0.0014458479,0.0005941588
2470,MR036496B,glioma,0,4,0.99999976,1.7177179e-07,1.2881712e-07
2471,MR036496B,glioma,0,4,0.9999988,8.9215604e-07,3.5708283e-07
2472,MR036496B,glioma,0,4,0.99999976,1.73977e-07,7.776757e-08
2473,MR036496B,glioma,0,4,0.9999995,3.9809746e-07,1.193219e-07
2474,MR036496B,glioma,0,4,0.9999974,2.219905e-06,2.9956e-07
2475,MR036496B,glioma,0,4,0.9999974,2.152911e-06,4.3243733e-07
2476,MR033420,glioma,0,4,0.97419083,0.025584405,0.0002248294
2477,MR033420,glioma,0,4,0.9711652,0.02861569,0.00021917855
2478,MR033420,glioma,0,4,0.9999963,2.7740027e-06,9.755288e-07
2479,MR033420,glioma,0,4,0.9831215,0.016675951,0.00020247063
2480,MR033420,glioma,0,4,0.9902384,0.009541829,0.00021963491
2481,MR033420,glioma,0,4,0.99225074,0.006947933,0.0008013226
2482,MR033420,glioma,0,4,0.96911377,0.022591988,0.008294297
2483,MR033420,glioma,0,4,0.9983851,0.0010661618,0.00054876966
2484,MR033420,glioma,0,4,0.999964,2.0551463e-05,1.5497722e-05
2485,MR033420,glioma,0,4,0.9998312,0.0001203733,4.844902e-05
2486,MR033420,glioma,0,4,0.9999666,1.5356525e-05,1.8039653e-05
2499,MR026175E,glioma,0,4,0.9724839,0.027497616,1.8596127e-05
2500,MR026175E,glioma,0,4,0.99470973,0.0052774,1.2873241e-05
2501,MR026175E,glioma,0,4,0.985276,0.014661575,6.250502e-05
2502,MR026175E,glioma,0,4,0.98760545,0.012355328,3.925831e-05
2503,MR026175E,glioma,0,4,0.99234337,0.007613862,4.2755357e-05
2504,MR026175E,glioma,0,4,0.9979444,0.0020336215,2.2061355e-05
2505,MR026175E,glioma,0,4,0.9993175,0.00063583,4.664788e-05
2506,MR026175E,glioma,0,4,0.9999597,3.8855243e-05,1.3776063e-06
2507,MR026175E,glioma,0,4,0.9997882,0.00020211632,9.649475e-06
2508,MR026175E,glioma,0,4,0.99993646,5.9234266e-05,4.3176838e-06
2530,MR029209I,glioma,0,4,0.9999516,2.3124996e-05,2.5300535e-05
2531,MR029209I,glioma,0,4,0.9999939,4.130917e-06,1.9625045e-06
2532,MR029209I,glioma,0,4,0.99999285,4.2360225e-06,2.8070053e-06
2533,MR029209I,glioma,0,4,0.99997306,2.0363594e-05,6.521457e-06
2534,MR029209I,glioma,0,4,0.999887,7.084015e-05,4.22172e-05
2535,MR029209I,glioma,0,4,0.99471337,0.0045449273,0.00074176415
2536,MR029209I,glioma,0,4,0.9934204,0.0045086513,0.0020709387
2537,MR029209I,glioma,0,4,0.99031013,0.006342531,0.0033472807
2538,MR029209I,glioma,0,4,0.98972064,0.009706911,0.00057240087
2539,MR029209I,glioma,0,4,0.9879497,0.011436898,0.0006133163
2540,MR048294,glioma,0,4,0.909844,0.08955259,0.00060342706
2541,MR048294,glioma,0,4,0.9689406,0.029271701,0.0017876738
2542,MR048294,glioma,0,4,0.98217946,0.016225731,0.0015947599
2543,MR048294,glioma,0,4,0.9994492,0.00048225134,6.847496e-05
2544,MR048294,glioma,0,4,0.9987198,0.0009767135,0.00030344893
2545,MR048294,glioma,0,4,0.9971727,0.0016641621,0.0011630123
2624,MR034694,glioma,0,4,0.99999905,4.3092064e-07,5.0548556e-07
2625,MR034694,glioma,0,4,0.9999901,3.4754773e-06,6.409907e-06
2626,MR034694,glioma,0,4,0.99999833,7.5832537e-07,1.0041964e-06
2627,MR034694,glioma,0,4,0.9999863,7.810179e-06,5.843744e-06
2628,MR034694,glioma,0,4,0.9999949,2.7318617e-06,2.3541677e-06
2629,MR034694,glioma,0,4,0.9999987,9.314116e-07,3.457343e-07
2630,MR034694,glioma,0,4,0.99999523,3.2828407e-06,1.4383679e-06
2675,MR049019G,glioma,0,4,0.99996245,1.5864038e-05,2.1699601e-05
2676,MR049019G,glioma,0,4,0.9999449,2.8843982e-05,2.6225152e-05
2677,MR049019G,glioma,0,4,0.9999393,1.84564e-05,4.2249216e-05
2678,MR031409B,glioma,0,4,0.9999938,3.4723294e-06,2.7171268e-06
2679,MR031409B,glioma,0,4,0.99999917,5.767533e-07,2.0752863e-07
2682,MR038469,glioma,0,4,0.9996395,0.00013187944,0.00022850245
2683,MR038469,glioma,0,4,0.99997604,1.2217767e-05,1.1815628e-05
2684,MR038469,glioma,0,4,0.9999832,7.1910185e-06,9.698571e-06
2685,MR038469,glioma,0,4,0.99997556,1.1229423e-05,1.3218338e-05
2686,MR038469,glioma,0,4,0.9980562,0.0015583575,0.00038551417
2687,MR038469,glioma,0,4,0.99103385,0.007776051,0.0011901533
2714,MR039473B,glioma,0,4,0.9996853,0.0003135823,1.2202705e-06
2715,MR039473B,glioma,0,4,0.9999057,9.277039e-05,1.5421182e-06
2716,MR039473B,glioma,0,4,0.99991,7.843863e-05,1.1508579e-05
2717,MR039473B,glioma,0,4,0.9999579,3.8174752e-05,3.8849043e-06
2718,MR039473B,glioma,0,4,0.9999037,7.581401e-05,2.0531594e-05
2719,MR039473B,glioma,0,4,0.99985325,0.00010539957,4.1410894e-05
2720,MR039473B,glioma,0,4,0.9999552,3.0325591e-05,1.45116155e-05
2721,MR039473B,glioma,0,4,0.99997187,1.5497002e-05,1.2625785e-05
2722,MR039473B,glioma,0,4,0.9998503,2.7739987e-05,0.00012199205
2743,MR049019G,glioma,0,4,0.99759835,0.00012146137,0.002280265
2744,MR049019G,glioma,0,4,0.9997073,5.8482154e-05,0.00023415785
2745,MR049019G,glioma,0,4,0.9999683,4.1749504e-06,2.7490498e-05
2746,MR049019G,glioma,0,4,0.99995625,2.0751527e-06,4.1737876e-05
2747,MR049019G,glioma,0,4,0.9995289,1.3141595e-05,0.0004579765
2748,MR031409B,glioma,0,4,0.99999714,1.0305622e-06,1.8176327e-06
2749,MR031409B,glioma,0,4,0.9999405,1.3771916e-05,4.5625657e-05
2753,MR038469,glioma,0,4,0.98986036,0.000456299,0.009683412
2754,MR038469,glioma,0,4,0.9981433,0.00036067516,0.0014960852
2755,MR038469,glioma,0,4,0.99952424,0.00023916771,0.00023658022
2756,MR038469,glioma,0,4,0.9952166,0.00231544,0.0024679154
2757,MR038469,glioma,0,4,0.9844226,0.007845539,0.0077317166
2780,MR039473B,glioma,0,4,0.99974304,2.6618873e-05,0.000230378
2781,MR039473B,glioma,0,4,0.9998572,2.2437123e-05,0.00012034612
2782,MR039473B,glioma,0,4,0.9991665,9.842669e-05,0.0007350874
2783,MR039473B,glioma,0,4,0.9990472,2.7284625e-05,0.0009255418
2784,MR039473B,glioma,0,4,0.99563247,5.2152955e-05,0.0043153665
2785,MR039473B,glioma,0,4,0.99547297,0.00046050773,0.004066436
2786,MR039473B,glioma,0,4,0.9962191,0.0001444977,0.003636361
2787,MR040240,glioma,0,4,0.98322785,0.0018733046,0.014898947
2788,MR040240,glioma,0,4,0.71067387,0.00517348,0.2841527
2789,MR040240,glioma,0,4,0.32518855,0.020450125,0.65436137
2790,MR040240,glioma,0,4,0.9709048,0.005080557,0.024014628
2791,MR040240,glioma,0,4,0.9464594,0.021376424,0.03216421
2792,MR040240,glioma,0,4,0.98596907,0.0032907673,0.010740188
2793,MR040240,glioma,0,4,0.89024836,0.029156236,0.08059537
2794,MR040240,glioma,0,4,0.97437483,0.014521686,0.01110354
2805,MR036496B,glioma,0,4,0.9998783,8.478325e-05,3.6912148e-05
2806,MR036496B,glioma,0,4,0.99991965,5.507806e-05,2.5324902e-05
2807,MR036496B,glioma,0,4,0.9998258,0.00016379658,1.0530108e-05
2808,MR036496B,glioma,0,4,0.9994431,0.0005467465,1.0160764e-05
2809,MR033420,glioma,0,4,0.9991381,0.00038673752,0.00047511878
2810,MR033420,glioma,0,4,0.99987876,7.0983064e-05,5.017647e-05
2811,MR033420,glioma,0,4,0.9999913,5.2462387e-06,3.50423e-06
2812,MR033420,glioma,0,4,0.99997485,1.3290023e-05,1.19780925e-05
2813,MR033420,glioma,0,4,0.99960774,0.0002384252,0.00015388163
2814,MR033420,glioma,0,4,0.99914026,0.00012506869,0.00073469273
2815,MR033420,glioma,0,4,0.9998971,5.334554e-05,4.9490234e-05
2816,MR033420,glioma,0,4,0.9997588,0.00017959686,6.1659404e-05
2822,MR048294,glioma,0,4,0.99974495,2.7174212e-05,0.00022787192
2891,MR050135B,glioma,0,4,0.9997774,0.00017746158,4.5115303e-05
2892,MR050135B,glioma,0,4,0.99588364,0.0034753373,0.00064097374
2893,MR050135B,glioma,0,4,0.9979017,0.0015688906,0.00052947056
2894,MR050135B,glioma,0,4,0.99740523,0.0012964457,0.0012983072
2895,MR050135B,glioma,0,4,0.997445,0.0015039066,0.0010511088
2896,MR050135B,glioma,0,4,0.9979596,0.00031959623,0.001720899
2897,MR050135B,glioma,0,4,0.99733067,0.00021813763,0.0024511798
2898,MR050135B,glioma,0,4,0.8362479,0.0055966666,0.15815535
2899,MR050135B,glioma,0,4,0.98508203,0.0028479728,0.012070023
2900,MR050687,glioma,0,4,0.9724471,0.027433956,0.00011894393
2901,MR050687,glioma,0,4,0.9927499,0.0071848202,6.524933e-05
2902,MR050687,glioma,0,4,0.9969639,0.0030225883,1.3417629e-05
2903,MR050687,glioma,0,4,0.9985713,0.0014116938,1.699867e-05
2904,MR050687,glioma,0,4,0.99963295,0.000358896,8.124691e-06
2905,MR050687,glioma,0,4,0.9999182,7.565766e-05,6.122385e-06
2996,MR052585B,glioma,0,4,0.9987406,0.00034619274,0.0009131674
2997,MR052585B,glioma,0,4,0.9990677,0.00026316254,0.0006690394
2998,MR052585B,glioma,0,4,0.99997246,9.331461e-06,1.818565e-05
3005,MR034694,glioma,0,4,0.99803275,2.9312946e-06,0.00196428
3006,MR034694,glioma,0,4,0.9980844,4.7444455e-06,0.0019108781
3007,MR034694,glioma,0,4,0.99947983,2.528388e-06,0.000517666
3008,MR034694,glioma,0,4,0.9176868,4.9150123e-05,0.08226411
3056,MR029209I,glioma,0,4,0.99957806,0.00042114034,7.9635475e-07
3057,MR029209I,glioma,0,4,0.9998305,0.00016749198,1.996487e-06
3058,MR029209I,glioma,0,4,0.9999579,3.9593684e-05,2.4904202e-06
3059,MR029209I,glioma,0,4,0.99994576,4.625631e-05,7.940434e-06
3060,MR029209I,glioma,0,4,0.9999299,3.7092646e-05,3.296931e-05
3061,MR029209I,glioma,0,4,0.9999789,1.064717e-05,1.050039e-05
3062,MR029209I,glioma,0,4,0.99997926,9.5526975e-06,1.1228489e-05
