idx,pid,label,y,fold,p_glioma,p_meningioma,p_pituitary
32,102929,meningioma,1,0,0.20505701,0.7801425,0.014800491
33,102929,meningioma,1,0,0.789359,0.14396341,0.06667758
45,104167,meningioma,1,0,0.009826736,0.9900428,0.00013043723
46,104167,meningioma,1,0,0.00015093648,0.99974936,9.9797355e-05
47,104167,meningioma,1,0,7.734928e-05,0.9999169,5.7529437e-06
48,104167,meningioma,1,0,2.5049558e-05,0.99960786,0.0003671816
60,105937,meningioma,1,0,4.859765e-06,0.999519,0.0004761753
61,105937,meningioma,1,0,2.1361957e-05,0.9998566,0.000122039484
71,106534,meningioma,1,0,0.07286302,0.92632514,0.00081181613
72,106534,meningioma,1,0,0.062008742,0.93661326,0.0013780516
80,106720,meningioma,1,0,0.1962894,0.8019815,0.0017291208
81,106720,meningioma,1,0,0.15602684,0.8417794,0.0021937431
82,106720,meningioma,1,0,0.011217775,0.9886735,0.00010861435
83,106720,meningioma,1,0,0.04649793,0.9532689,0.00023314619
84,106720,meningioma,1,0,0.0010629515,0.99818134,0.00075571705
85,106720,meningioma,1,0,0.023875637,0.9639319,0.01219243
86,106720,meningioma,1,0,0.08227066,0.9134907,0.0042385394
91,107190,meningioma,1,0,0.021673346,0.978316,1.0574461e-05
92,107190,meningioma,1,0,0.0049952706,0.99499077,1.3987387e-05
99,107494,meningioma,1,0,0.1892509,0.6724393,0.1383098
100,107494,meningioma,1,0,0.0004890548,0.7304001,0.26911083
101,107494,meningioma,1,0,8.722091e-05,0.4708084,0.52910435
102,107494,meningioma,1,0,0.0011877125,0.9346432,0.064169094
103,107494,meningioma,1,0,0.016943047,0.9657537,0.01730323
125,111077,meningioma,1,0,0.52896047,0.26109552,0.20994398
126,111077,meningioma,1,0,0.8110543,0.18754962,0.0013961615
127,111077,meningioma,1,0,0.31975886,0.6792248,0.0010163416
151,112648,meningioma,1,0,0.8506795,0.14145917,0.007861312
152,112648,meningioma,1,0,0.85348964,0.12912428,0.01738609
153,112648,meningioma,1,0,0.20067693,0.63690704,0.16241609
154,113435,meningioma,1,0,0.06114355,0.93884873,7.777552e-06
155,113435,meningioma,1,0,3.417102e-05,0.99996495,7.823308e-07
156,113435,meningioma,1,0,0.004826792,0.99517244,8.86778e-07
157,113435,meningioma,1,0,0.072568394,0.92741454,1.7113609e-05
158,113435,meningioma,1,0,4.8774058e-05,0.99995077,4.909251e-07
159,113435,meningioma,1,0,0.057728656,0.9422471,2.4268607e-05
163,113805,meningioma,1,0,0.5200432,0.47166643,0.008290386
200,99089,meningioma,1,0,0.009198467,0.99071056,9.096318e-05
201,99089,meningioma,1,0,1.7716367e-05,0.99996877,1.351845e-05
202,99089,meningioma,1,0,0.0005050453,0.9994778,1.7152715e-05
203,99288,meningioma,1,0,0.25870422,0.74052733,0.00076838885
204,99308,meningioma,1,0,0.0035184748,0.99645966,2.1801041e-05
205,99308,meningioma,1,0,0.0021989984,0.9976801,0.00012094722
206,99308,meningioma,1,0,0.00028623073,0.99931085,0.00040283054
207,99308,meningioma,1,0,0.013702743,0.98495793,0.0013393542
208,99308,meningioma,1,0,0.07651814,0.92339754,8.4289284e-05
246,102929,meningioma,1,0,0.0030927565,0.36223003,0.63467723
247,102929,meningioma,1,0,0.01410863,0.4015745,0.5843169
248,102929,meningioma,1,0,0.009901154,0.10015558,0.8899433
249,102929,meningioma,1,0,0.0011864402,0.09403557,0.90477794
250,102929,meningioma,1,0,0.043557182,0.5595694,0.39687338
251,102929,meningioma,1,0,0.037939884,0.037764657,0.9242955
269,104167,meningioma,1,0,0.014805565,0.96367335,0.021521088
270,104167,meningioma,1,0,0.0010932753,0.99412316,0.004783553
271,104167,meningioma,1,0,0.0033408494,0.9854167,0.011242425
272,104167,meningioma,1,0,6.1480634e-05,0.9977465,0.0021919277
273,104167,meningioma,1,0,9.988151e-05,0.99970907,0.00019107905
274,104167,meningioma,1,0,0.013159365,0.9804105,0.0064302036
286,105937,meningioma,1,0,0.009836431,0.9146816,0.075481914
287,105937,meningioma,1,0,5.520876e-05,0.9904056,0.00953915
288,105937,meningioma,1,0,3.7361864e-05,0.98167855,0.018284114
289,105937,meningioma,1,0,0.00023436442,0.99964786,0.00011776819
297,106534,meningioma,1,0,0.02179381,0.971179,0.0070272004
298,106534,meningioma,1,0,0.07774168,0.9210989,0.0011593775
304,106720,meningioma,1,0,0.00043684055,0.26265118,0.73691195
305,106720,meningioma,1,0,0.0019557297,0.95671237,0.041331902
306,106720,meningioma,1,0,0.013372059,0.32489365,0.6617343
307,106720,meningioma,1,0,0.0003115191,0.915483,0.0842056
308,106720,meningioma,1,0,0.034427058,0.9547594,0.010813601
309,106720,meningioma,1,0,0.04688038,0.9527439,0.000375723
310,106720,meningioma,1,0,0.8585566,0.1402119,0.0012314093
315,107190,meningioma,1,0,0.41484532,0.58239895,0.0027557514
320,107494,meningioma,1,0,0.0009436416,0.99600863,0.0030476712
321,107494,meningioma,1,0,0.00063369167,0.99924576,0.00012050548
322,107494,meningioma,1,0,0.059017375,0.91062635,0.030356253
323,107494,meningioma,1,0,0.0034489436,0.3592143,0.63733673
324,107494,meningioma,1,0,0.0026193068,0.8280324,0.1693483
325,107494,meningioma,1,0,0.010291586,0.9495953,0.040113024
349,111077,meningioma,1,0,0.015146812,0.9827367,0.0021164417
350,111077,meningioma,1,0,0.016728198,0.98155886,0.0017129475
351,111077,meningioma,1,0,0.0031312231,0.9940602,0.0028084412
352,111077,meningioma,1,0,0.0012095225,0.9593205,0.039470013
379,112648,meningioma,1,0,0.604322,0.36869907,0.026978938
380,112648,meningioma,1,0,0.014431799,0.9312682,0.054299936
381,112648,meningioma,1,0,0.0033471559,0.7513633,0.24528962
382,113435,meningioma,1,0,0.84507126,0.15476348,0.00016535468
383,113435,meningioma,1,0,3.6858888e-05,0.9997085,0.0002546304
384,113435,meningioma,1,0,0.0015087662,0.9974481,0.0010431863
385,113435,meningioma,1,0,0.0014477392,0.9985134,3.8822618e-05
386,113435,meningioma,1,0,0.0018384182,0.9980495,0.000112112735
387,113435,meningioma,1,0,0.0023175718,0.9938361,0.0038462197
388,113435,meningioma,1,0,0.028435161,0.96737695,0.004187941
389,113435,meningioma,1,0,0.020488404,0.97565085,0.003860844
393,113805,meningioma,1,0,0.028882619,0.9699906,0.0011267707
394,113805,meningioma,1,0,0.01850289,0.96561176,0.015885424
432,99089,meningioma,1,0,0.0015243449,0.7206878,0.2777878
433,99089,meningioma,1,0,0.0019446632,0.9920521,0.006003154
434,99089,meningioma,1,0,0.0003121432,0.81020725,0.18948062
435,99089,meningioma,1,0,0.0002751248,0.4045565,0.5951683
436,99089,meningioma,1,0,0.00011238271,0.21773313,0.7821545
437,99288,meningioma,1,0,0.02545591,0.88765633,0.086887754
438,99308,meningioma,1,0,0.0008417577,0.9991002,5.8029535e-05
439,99308,meningioma,1,0,7.373178e-05,0.9999018,2.4487434e-05
440,99308,meningioma,1,0,2.4285875e-06,0.9990096,0.0009880376
441,99308,meningioma,1,0,2.1626598e-05,0.9998627,0.00011573174
450,100639,meningioma,1,0,0.09929942,0.90017396,0.0005265433
451,100639,meningioma,1,0,0.010765461,0.8933456,0.09588898
505,104167,meningioma,1,0,0.052023888,0.9419319,0.0060441797
506,104167,meningioma,1,0,0.00016244683,0.99812955,0.0017080575
507,104167,meningioma,1,0,0.028916104,0.9709534,0.00013053995
508,104167,meningioma,1,0,0.00063544145,0.9993457,1.8799348e-05
509,104167,meningioma,1,0,0.0005329859,0.99582916,0.0036378042
520,105937,meningioma,1,0,0.001620609,0.96864384,0.029735459
521,105937,meningioma,1,0,3.9009174e-07,0.9921704,0.007829295
522,105937,meningioma,1,0,0.00028219496,0.9948466,0.004871311
530,106534,meningioma,1,0,0.019155078,0.8570907,0.123754166
531,106534,meningioma,1,0,0.075448155,0.8930213,0.031530544
540,106720,meningioma,1,0,0.07783168,0.9221293,3.9022398e-05
541,106720,meningioma,1,0,0.0013531231,0.99862444,2.2541753e-05
542,106720,meningioma,1,0,0.007114357,0.99276227,0.00012332441
550,107190,meningioma,1,0,0.0075377,0.5186832,0.47377914
556,107494,meningioma,1,0,0.15409566,0.8326501,0.013254253
557,107494,meningioma,1,0,0.005808067,0.9777089,0.016483149
558,107494,meningioma,1,0,0.0002918413,0.67857957,0.32112858
559,107494,meningioma,1,0,7.330448e-05,0.28086406,0.7190627
586,111077,meningioma,1,0,0.00075420924,0.996597,0.002648837
587,111077,meningioma,1,0,0.0024045361,0.9930426,0.0045528496
588,111077,meningioma,1,0,0.0005735513,0.9991849,0.00024160484
615,112648,meningioma,1,0,0.2642123,0.72905713,0.00673062
616,112648,meningioma,1,0,0.028006844,0.91856354,0.053429626
617,112648,meningioma,1,0,0.6337099,0.33511204,0.031178122
618,112648,meningioma,1,0,0.5737762,0.3255378,0.10068601
625,113435,meningioma,1,0,0.0039871335,0.99579203,0.00022079151
626,113435,meningioma,1,0,0.0007690392,0.998752,0.00047893022
627,113435,meningioma,1,0,2.5987236e-05,0.9844994,0.015474647
628,113435,meningioma,1,0,0.00024954966,0.661624,0.33812645
629,113435,meningioma,1,0,0.0025242832,0.97474414,0.02273153
630,113435,meningioma,1,0,0.0018284783,0.9684433,0.029728323
635,113614,meningioma,1,0,0.20279782,0.79440147,0.0028006393
636,113614,meningioma,1,0,0.101588726,0.89807606,0.00033517147
637,113614,meningioma,1,0,0.5745175,0.42545122,3.129519e-05
638,113614,meningioma,1,0,0.8446651,0.15463638,0.00069847045
639,113805,meningioma,1,0,0.03376794,0.96436477,0.0018673305
688,99089,meningioma,1,0,0.000914068,0.13609949,0.86298645
689,99089,meningioma,1,0,0.0007343641,0.45330244,0.54596317
690,99089,meningioma,1,0,0.00076301757,0.9238781,0.075358845
691,99089,meningioma,1,0,0.0049815727,0.98192626,0.013092055
692,99089,meningioma,1,0,0.014853387,0.98444635,0.0007002035
696,99288,meningioma,1,0,0.024011716,0.5185559,0.45743245
697,99308,meningioma,1,0,0.029575145,0.8660282,0.104396656
698,99308,meningioma,1,0,0.0002091964,0.99943227,0.00035844688
699,99308,meningioma,1,0,0.00037010852,0.9994504,0.00017954146
700,99308,meningioma,1,0,0.0002488219,0.9996039,0.00014722497
701,99308,meningioma,1,0,0.000410194,0.99954456,4.5125926e-05
702,99308,meningioma,1,0,0.001983096,0.9978179,0.00019902956
709,105936,pituitary,2,0,7.0533673e-07,0.00021633154,0.999783
710,105936,pituitary,2,0,4.8865845e-06,0.00029994154,0.9996952
711,105936,pituitary,2,0,9.230227e-07,6.41924e-05,0.9999349
729,106494,glioma,0,0,0.9878962,0.0064973836,0.0056064418
730,106494,glioma,0,0,0.98118514,0.016768394,0.0020463904
731,106494,glioma,0,0,0.9906418,0.008827956,0.00053019734
732,106494,glioma,0,0,0.9865856,0.013343118,7.131214e-05
733,106494,glioma,0,0,0.96022034,0.039600033,0.00017959834
734,106494,glioma,0,0,0.43705246,0.5628452,0.000102304395
735,107747,glioma,0,0,0.77304614,0.2258506,0.0011032469
736,107747,glioma,0,0,0.84934735,0.15025808,0.00039456
737,107747,glioma,0,0,0.84486544,0.15501957,0.000115048824
738,107747,glioma,0,0,0.63737243,0.36259636,3.123576e-05
739,107747,glioma,0,0,0.08100446,0.9189913,4.1513513e-06
740,112105,glioma,0,0,0.9495065,0.04530632,0.0051871683
741,112105,glioma,0,0,0.05269244,0.054079488,0.893228
742,112105,glioma,0,0,0.45536983,0.031365275,0.5132649
743,112105,glioma,0,0,0.9846257,0.006294627,0.009079711
744,112105,glioma,0,0,0.5334004,0.4344543,0.032145254
745,112105,glioma,0,0,0.97050416,0.029148754,0.00034703218
746,112105,glioma,0,0,0.964937,0.034860913,0.00020207521
768,106494,glioma,0,0,0.8052533,0.19203055,0.0027161038
769,106494,glioma,0,0,0.027542057,0.97197974,0.00047820364
770,106494,glioma,0,0,0.8480465,0.15191203,4.1449726e-05
771,106494,glioma,0,0,0.34670216,0.6529015,0.00039641792
772,106494,glioma,0,0,0.016501265,0.98331773,0.00018103667
773,107747,glioma,0,0,0.46545857,0.2904719,0.2440695
774,107747,glioma,0,0,0.7820111,0.21635897,0.0016298712
775,107747,glioma,0,0,0.38991022,0.59565824,0.014431491
776,107747,glioma,0,0,0.5456477,0.44868112,0.0056711705
777,107747,glioma,0,0,0.9852604,0.014622072,0.000117416814
778,107747,glioma,0,0,0.6120426,0.3871408,0.0008165176
781,112105,glioma,0,0,0.015618507,0.98364073,0.0007407348
782,112105,glioma,0,0,0.7645173,0.23137784,0.004104826
783,112105,glioma,0,0,0.33900613,0.6608261,0.00016773077
784,112105,glioma,0,0,0.34912565,0.64850086,0.0023735
785,112105,glioma,0,0,0.17119959,0.8283682,0.00043218298
786,112105,glioma,0,0,0.8125346,0.18451676,0.0029486709
787,112105,glioma,0,0,0.9163266,0.081794836,0.0018786528
788,112105,glioma,0,0,0.16834173,0.8189853,0.012673041
789,112105,glioma,0,0,0.5977648,0.3992366,0.0029986037
790,112105,glioma,0,0,0.8389393,0.16093093,0.00012973574
791,112105,glioma,0,0,0.4974228,0.5016256,0.0009515468
846,106494,glioma,0,0,0.031826984,0.93053555,0.03763747
847,106494,glioma,0,0,0.25767943,0.43035793,0.31196263
848,106494,glioma,0,0,0.7262282,0.26908025,0.0046915337
849,106494,glioma,0,0,0.985255,0.010733658,0.0040112883
850,106494,glioma,0,0,0.37430605,0.62228924,0.0034047165
851,106494,glioma,0,0,0.7130713,0.166766,0.12016268
852,106494,glioma,0,0,0.3646654,0.5809737,0.054360963
853,107747,glioma,0,0,0.0017179116,0.9981477,0.00013436463
854,107747,glioma,0,0,0.23681203,0.72067416,0.042513836
855,107747,glioma,0,0,0.010781873,0.98332745,0.005890792
856,107747,glioma,0,0,0.07419033,0.8574745,0.06833521
859,112105,glioma,0,0,0.9897453,0.009479688,0.0007750972
860,112105,glioma,0,0,0.9508072,0.046907097,0.0022857443
861,112105,glioma,0,0,0.0275913,0.7734619,0.19894682
862,112105,glioma,0,0,0.20936702,0.78991395,0.0007190839
863,112105,glioma,0,0,0.80123824,0.17512399,0.023637792
864,112105,glioma,0,0,0.726878,0.18388583,0.08923621
883,93329,glioma,0,0,0.021440063,0.978239,0.00032090946
884,93329,glioma,0,0,0.005740939,0.9937118,0.00054732076
885,93329,glioma,0,0,0.005395097,0.9928598,0.00174508
886,93329,glioma,0,0,0.00058769505,0.9976673,0.0017450609
887,93329,glioma,0,0,0.013437635,0.98455495,0.00200743
895,95142,glioma,0,0,0.052720904,0.42722645,0.5200526
896,95142,glioma,0,0,0.002458266,0.11498579,0.88255596
897,95142,glioma,0,0,0.09985583,0.664139,0.23600516
898,95142,glioma,0,0,0.25091764,0.62861544,0.12046687
899,95142,glioma,0,0,0.5895803,0.40641522,0.0040044854
900,95142,glioma,0,0,0.27113023,0.7277882,0.0010815667
901,95142,glioma,0,0,0.0044833347,0.9953968,0.00011981451
902,95142,glioma,0,0,0.471633,0.51928306,0.00908392
903,95142,glioma,0,0,0.82791585,0.16660848,0.0054757493
918,105936,pituitary,2,0,2.2003642e-06,2.2855022e-06,0.99999547
919,105936,pituitary,2,0,7.8435005e-06,1.1474836e-05,0.9999807
920,105936,pituitary,2,0,1.8413157e-05,0.00012882602,0.9998528
921,105936,pituitary,2,0,9.355563e-06,7.975731e-06,0.9999827
926,107495,pituitary,2,0,3.02791e-07,0.00015964267,0.99984
927,107495,pituitary,2,0,8.167584e-08,5.0013827e-05,0.99994993
928,107495,pituitary,2,0,1.3630001e-06,0.0003334439,0.99966514
929,107495,pituitary,2,0,5.6163167e-06,0.0030426802,0.9969517
930,107495,pituitary,2,0,8.67794e-07,0.0004518981,0.9995472
931,107495,pituitary,2,0,1.1581996e-06,0.00077463826,0.9992242
932,107495,pituitary,2,0,6.2579574e-07,0.0006601607,0.99933916
976,110993,pituitary,2,0,0.0009790711,0.028596098,0.9704248
977,110993,pituitary,2,0,7.7354125e-05,0.002372681,0.99754995
978,110993,pituitary,2,0,1.634633e-06,0.00015801097,0.9998404
979,110993,pituitary,2,0,3.852863e-06,0.00017949734,0.9998167
990,111785,pituitary,2,0,0.0006227117,0.0028617259,0.9965155
991,111785,pituitary,2,0,0.0003150755,0.022691453,0.9769935
992,111785,pituitary,2,0,0.0015181474,0.07964067,0.9188411
993,111785,pituitary,2,0,2.4106754e-05,0.019173658,0.9808022
1034,105936,pituitary,2,0,7.102342e-06,1.7277524e-05,0.99997556
1042,107495,pituitary,2,0,3.0778601e-06,3.6352365e-05,0.99996054
1043,107495,pituitary,2,0,1.2881403e-05,1.4142677e-05,0.99997294
1044,107495,pituitary,2,0,8.41047e-07,1.002494e-05,0.99998915
1045,107495,pituitary,2,0,2.2698957e-06,6.593167e-05,0.9999318
1046,107495,pituitary,2,0,1.1452879e-05,8.5507476e-05,0.9999031
1107,110993,pituitary,2,0,9.707517e-08,4.470466e-06,0.99999547
1108,110993,pituitary,2,0,6.8309447e-07,1.4658194e-06,0.99999785
1109,110993,pituitary,2,0,2.2538265e-07,8.01061e-06,0.9999918
1110,110993,pituitary,2,0,1.7650697e-07,1.0890346e-05,0.9999889
1111,110993,pituitary,2,0,1.7691319e-06,5.6150775e-06,0.9999926
1124,111785,pituitary,2,0,2.2441389e-05,0.00010392271,0.99987364
1125,111785,pituitary,2,0,7.715155e-06,0.00011548585,0.99987674
1126,111785,pituitary,2,0,4.0435574e-05,0.00023196836,0.99972755
1127,111785,pituitary,2,0,5.6528406e-05,9.7850774e-05,0.9998456
1128,111785,pituitary,2,0,1.6575466e-05,0.00012979703,0.9998536
1166,105936,pituitary,2,0,7.344368e-07,2.2248723e-06,0.999997
1167,105936,pituitary,2,0,1.0067205e-06,1.3666559e-06,0.9999976
1168,105936,pituitary,2,0,1.0003035e-06,7.2087614e-06,0.9999918
1176,107495,pituitary,2,0,1.9596332e-06,1.291216e-05,0.9999851
1177,107495,pituitary,2,0,5.956839e-06,4.4627326e-05,0.99994946
1178,107495,pituitary,2,0,6.7295707e-07,9.783731e-05,0.99990153
1179,107495,pituitary,2,0,5.71042e-06,5.5899047e-05,0.99993837
1180,107495,pituitary,2,0,1.2147095e-07,9.400783e-06,0.99999046
1181,107495,pituitary,2,0,8.2695453e-07,1.6515274e-05,0.9999827
1230,110993,pituitary,2,0,1.0875192e-06,0.00030238443,0.9996966
1231,110993,pituitary,2,0,6.663489e-08,3.3472166e-05,0.9999665
1232,110993,pituitary,2,0,6.2207346e-07,1.9155998e-05,0.9999802
1242,111785,pituitary,2,0,9.659863e-06,0.00013052163,0.9998598
1243,111785,pituitary,2,0,3.881975e-05,0.0006222906,0.9993389
1244,111785,pituitary,2,0,1.3768038e-05,0.00015193992,0.9998343
1245,111785,pituitary,2,0,1.1741933e-05,7.185114e-05,0.99991643
1301,103046,pituitary,2,0,1.5247313e-08,0.0005752271,0.9994248
1302,103046,pituitary,2,0,1.7742192e-08,7.607535e-05,0.99992394
1303,103046,pituitary,2,0,1.9624112e-08,0.00016886902,0.9998311
1326,103671,pituitary,2,0,0.07802886,0.12218355,0.7997876
1327,103671,pituitary,2,0,0.00084408984,0.012753789,0.9864021
1328,103671,pituitary,2,0,0.44589385,0.09866603,0.4554401
1329,103671,pituitary,2,0,0.48123023,0.3317034,0.18706635
1360,104684,pituitary,2,0,3.1451043e-07,0.00014033214,0.99985933
1361,104684,pituitary,2,0,6.087678e-07,4.364639e-05,0.9999558
1362,104684,pituitary,2,0,1.7548993e-07,4.0943774e-05,0.9999589
1363,104684,pituitary,2,0,1.3071943e-07,0.00012240512,0.99987745
1364,104684,pituitary,2,0,3.4098144e-07,0.00032603816,0.9996736
1365,104684,pituitary,2,0,5.8488895e-06,0.015834253,0.9841599
1366,104684,pituitary,2,0,4.8111733e-06,0.020876912,0.97911835
1367,104684,pituitary,2,0,3.4322937e-05,0.026886387,0.97307926
1368,104684,pituitary,2,0,3.3905742e-06,0.00460866,0.995388
1369,104912,pituitary,2,0,4.361752e-07,0.0007051694,0.9992944
1370,104912,pituitary,2,0,5.3955973e-06,0.0009864558,0.9990081
1371,104912,pituitary,2,0,7.2261116e-07,0.0001416693,0.99985754
1372,104912,pituitary,2,0,2.8978513e-07,6.0088874e-05,0.99993956
1373,104912,pituitary,2,0,2.7613476e-07,3.200352e-05,0.9999677
1383,105638,pituitary,2,0,3.508123e-05,0.02594792,0.97401696
1384,105638,pituitary,2,0,2.860251e-05,0.11800704,0.8819643
1385,105638,pituitary,2,0,7.86734e-05,0.07294583,0.9269755
1414,98472,pituitary,2,0,8.071841e-07,0.0016071303,0.99839205
1415,98472,pituitary,2,0,3.4815423e-07,0.0008075522,0.99919206
1416,98472,pituitary,2,0,0.00011092833,0.00674489,0.99314415
1417,98472,pituitary,2,0,7.876385e-05,0.021456277,0.97846496
1418,98472,pituitary,2,0,0.00059162185,0.08510684,0.9143016
1419,98472,pituitary,2,0,0.0017435304,0.15651765,0.84173876
1420,98472,pituitary,2,0,0.0019785922,0.082879186,0.9151422
1430,98874,pituitary,2,0,3.3394304e-06,0.0012047609,0.9987919
1431,98874,pituitary,2,0,4.7795684e-06,0.0020061724,0.99798906
1432,98874,pituitary,2,0,4.1117373e-06,0.0023584089,0.9976375
1433,98874,pituitary,2,0,4.462631e-06,0.0006946316,0.99930084
1434,98874,pituitary,2,0,0.0015331061,0.0016568823,0.99681
1442,98995,pituitary,2,0,3.5130668e-06,0.0072080498,0.9927885
1443,98995,pituitary,2,0,8.693124e-06,0.009835215,0.99015605
1444,98995,pituitary,2,0,0.0001529779,0.15498325,0.84486383
1445,98995,pituitary,2,0,2.9314388e-05,0.10813215,0.8918385
1446,98995,pituitary,2,0,2.2469694e-06,0.04038328,0.95961446
1447,99223,pituitary,2,0,0.027983887,0.17937502,0.7926411
1448,99223,pituitary,2,0,0.07844774,0.108618714,0.81293356
1449,99223,pituitary,2,0,0.0070721065,0.028027145,0.9649008
1450,99223,pituitary,2,0,0.019916335,0.040830046,0.93925357
1451,99223,pituitary,2,0,0.0035194159,0.0110053,0.9854753
1452,99223,pituitary,2,0,0.0005527932,0.005132673,0.9943145
1453,99223,pituitary,2,0,3.6033978e-06,0.0002453239,0.99975103
1454,99223,pituitary,2,0,2.0496787e-05,0.00042395503,0.9995555
1455,99223,pituitary,2,0,0.00021046303,0.00012486814,0.99966466
1489,103046,pituitary,2,0,4.0056136e-08,4.0230116e-05,0.9999597
1490,103046,pituitary,2,0,3.282526e-08,4.140154e-06,0.9999958
1491,103046,pituitary,2,0,1.0857989e-06,9.261441e-05,0.9999063
1492,103046,pituitary,2,0,1.9669004e-07,0.00013692425,0.9998629
1515,103671,pituitary,2,0,3.1917e-06,6.278498e-05,0.9999341
1516,103671,pituitary,2,0,1.6327879e-06,2.2836844e-05,0.99997556
1517,103671,pituitary,2,0,8.822586e-07,1.8238761e-05,0.9999809
1518,103671,pituitary,2,0,2.8077968e-06,2.0944033e-05,0.9999763
1519,103671,pituitary,2,0,4.2471233e-06,5.2229978e-05,0.9999435
1520,103671,pituitary,2,0,4.492142e-06,6.318148e-05,0.9999323
1545,104684,pituitary,2,0,2.9489342e-05,0.017274458,0.98269606
1546,104684,pituitary,2,0,2.268792e-06,0.000126984,0.9998708
1547,104684,pituitary,2,0,1.3645986e-06,6.356397e-05,0.99993503
1548,104684,pituitary,2,0,8.083042e-07,1.8641436e-05,0.99998057
1549,104684,pituitary,2,0,3.6136992e-06,5.9142592e-05,0.9999373
1550,104684,pituitary,2,0,1.1383213e-05,0.00059056014,0.999398
1551,104684,pituitary,2,0,2.8675691e-05,0.00017790755,0.99979347
1552,104912,pituitary,2,0,9.668499e-06,5.798378e-05,0.9999323
1553,104912,pituitary,2,0,0.00013777275,0.00011601472,0.99974626
1554,104912,pituitary,2,0,3.5931225e-05,0.0006542779,0.9993098
1555,104912,pituitary,2,0,0.00018549358,0.00065722124,0.9991573
1556,104912,pituitary,2,0,4.4672117e-05,0.00058458425,0.99937075
1568,105638,pituitary,2,0,1.8136632e-05,5.5285152e-05,0.99992657
1569,105638,pituitary,2,0,2.8631302e-05,9.15461e-05,0.99987984
1570,105638,pituitary,2,0,1.2360664e-05,0.00055528805,0.9994324
1571,105638,pituitary,2,0,0.00025539516,0.0012924226,0.9984522
1572,105638,pituitary,2,0,8.7900706e-05,0.0014336335,0.9984785
1600,98472,pituitary,2,0,0.00011206441,0.025558697,0.9743292
1601,98472,pituitary,2,0,3.717759e-06,0.004262932,0.9957333
1602,98472,pituitary,2,0,9.987007e-07,0.0009057023,0.9990933
1603,98472,pituitary,2,0,8.942107e-08,0.0027214768,0.9972785
1604,98472,pituitary,2,0,7.402238e-06,0.003204902,0.99678767
1616,98874,pituitary,2,0,0.00015988242,0.08734457,0.91249555
1617,98874,pituitary,2,0,7.265023e-06,0.010599786,0.989393
1618,98874,pituitary,2,0,1.0776395e-06,0.003059983,0.99693894
1619,98874,pituitary,2,0,1.7981914e-05,0.0487197,0.95126235
1620,98874,pituitary,2,0,4.2040756e-06,0.0075673233,0.9924285
1628,98995,pituitary,2,0,3.1806883e-07,0.00048249392,0.9995172
1629,98995,pituitary,2,0,1.3895058e-07,0.001679832,0.99832004
1630,98995,pituitary,2,0,4.8177706e-09,0.00075818726,0.9992418
1631,98995,pituitary,2,0,5.412799e-07,0.060503386,0.93949604
1632,98995,pituitary,2,0,1.458021e-07,0.0020227055,0.9979772
1633,98995,pituitary,2,0,5.4995535e-06,0.0007895987,0.99920493
1634,99223,pituitary,2,0,1.2356977e-06,0.00015770263,0.9998411
1635,99223,pituitary,2,0,2.0975851e-06,7.000975e-05,0.9999279
1636,99223,pituitary,2,0,2.2925835e-08,0.00016199621,0.999838
1637,99223,pituitary,2,0,1.04565636e-07,0.0011178283,0.9988821
1638,99223,pituitary,2,0,1.1418364e-06,0.00026102323,0.9997378
1639,99223,pituitary,2,0,5.873977e-06,0.00037312869,0.9996209
1673,103046,pituitary,2,0,3.9469572e-08,8.148057e-06,0.9999918
1674,103046,pituitary,2,0,2.8182163e-07,3.2491032e-05,0.9999672
1675,103046,pituitary,2,0,2.028905e-05,0.0003646988,0.99961495
1676,103046,pituitary,2,0,1.010648e-06,7.1788904e-06,0.9999918
1704,103671,pituitary,2,0,1.2122564e-07,4.260856e-05,0.9999573
1705,103671,pituitary,2,0,6.4849517e-09,6.4766177e-06,0.99999356
1706,103671,pituitary,2,0,8.40175e-08,3.1055708e-05,0.9999689
1707,103671,pituitary,2,0,6.3202685e-07,2.034566e-05,0.999979
1708,103671,pituitary,2,0,4.930663e-07,1.0009965e-05,0.9999895
1734,104684,pituitary,2,0,1.985927e-06,1.4998177e-05,0.9999831
1735,104684,pituitary,2,0,1.5649198e-06,3.4045167e-06,0.999995
1736,104684,pituitary,2,0,3.2742662e-06,1.1428813e-05,0.99998534
1737,104684,pituitary,2,0,8.213556e-07,1.9754747e-05,0.9999794
1738,104684,pituitary,2,0,7.9315015e-07,1.0278658e-05,0.9999889
1739,104684,pituitary,2,0,2.0325226e-06,1.2544989e-05,0.99998546
1740,104684,pituitary,2,0,1.130139e-05,1.9084388e-05,0.9999696
1741,104912,pituitary,2,0,6.0898474e-06,5.0382787e-05,0.9999435
1742,104912,pituitary,2,0,1.31447605e-05,0.0003707894,0.999616
1743,104912,pituitary,2,0,0.00012900821,0.00015829573,0.99971265
1744,104912,pituitary,2,0,4.432373e-06,0.00034375043,0.9996518
1745,104912,pituitary,2,0,5.1164748e-06,2.2005044e-05,0.9999728
1746,104912,pituitary,2,0,2.9508064e-05,6.847862e-05,0.999902
1747,104912,pituitary,2,0,0.00011262113,3.8999406e-05,0.99984837
1761,105638,pituitary,2,0,9.907374e-06,1.5908356e-05,0.99997413
1762,105638,pituitary,2,0,1.649582e-06,3.6106663e-05,0.9999622
1763,105638,pituitary,2,0,1.1408557e-06,4.06652e-05,0.99995816
1764,105638,pituitary,2,0,3.131332e-05,5.5835128e-05,0.99991286
1765,105638,pituitary,2,0,1.1534684e-05,9.772285e-05,0.9998907
1795,98472,pituitary,2,0,2.767297e-07,0.00056894385,0.9994307
1796,98472,pituitary,2,0,1.7897213e-08,0.00045160673,0.9995484
1797,98472,pituitary,2,0,2.244147e-05,0.015987558,0.98398995
1798,98472,pituitary,2,0,2.1725568e-06,0.015548059,0.9844498
1799,98472,pituitary,2,0,2.8411494e-08,0.0004019057,0.9995981
1800,98472,pituitary,2,0,2.3982946e-07,0.0006556771,0.99934405
1813,98874,pituitary,2,0,3.2920423e-06,0.00067926163,0.9993174
1814,98874,pituitary,2,0,1.1282832e-06,0.00018640107,0.99981254
1815,98874,pituitary,2,0,1.4559613e-07,0.00011762371,0.9998822
1816,98874,pituitary,2,0,1.08710565e-05,0.0009676773,0.9990214
1817,98874,pituitary,2,0,2.2241443e-06,0.00036323172,0.9996345
1818,98874,pituitary,2,0,0.0001989574,0.0064572915,0.9933437
1830,98995,pituitary,2,0,4.6600704e-07,4.3121265e-05,0.99995637
1831,98995,pituitary,2,0,1.7479276e-07,3.3333275e-05,0.9999665
1832,98995,pituitary,2,0,5.2082555e-07,0.0001968513,0.99980265
1833,98995,pituitary,2,0,5.2146333e-07,3.1722175e-05,0.9999678
1834,98995,pituitary,2,0,1.2241215e-06,0.0001753266,0.9998235
1835,99223,pituitary,2,0,1.3702296e-08,4.725208e-06,0.99999523
1836,99223,pituitary,2,0,1.7657854e-08,1.9916426e-06,0.999998
1837,99223,pituitary,2,0,1.526332e-07,3.3277915e-06,0.99999654
1838,99223,pituitary,2,0,2.0586272e-08,1.0107651e-05,0.99998987
1839,99223,pituitary,2,0,2.0469889e-08,8.997651e-06,0.99999094
1840,99223,pituitary,2,0,2.3826947e-09,3.6771405e-06,0.9999963
1862,MR048944,glioma,0,0,0.9582566,0.036725547,0.0050177844
1863,MR048944,glioma,0,0,0.9463203,0.05245034,0.0012293925
1864,MR048944,glioma,0,0,0.88252735,0.11634559,0.0011270341
1865,MR048944,glioma,0,0,0.97143394,0.028316304,0.0002498419
1866,MR048944,glioma,0,0,0.3008913,0.6989587,0.00014996255
1867,MR048944,glioma,0,0,0.35585114,0.64306384,0.0010850388
1868,MR048944,glioma,0,0,0.7572714,0.24097621,0.001752384
1869,MR048944,glioma,0,0,0.22025318,0.77948487,0.00026190295
1914,MR049453,glioma,0,0,0.9999542,1.0499692e-05,3.532424e-05
1915,MR049453,glioma,0,0,0.9999218,2.6747646e-05,5.1506224e-05
1916,MR049453,glioma,0,0,0.9999745,1.8761404e-05,6.78252e-06
1917,MR049453,glioma,0,0,0.99989986,8.954389e-05,1.0560336e-05
1918,MR049453,glioma,0,0,0.9998635,0.00013045428,6.03581e-06
1919,MR049453,glioma,0,0,0.99993074,6.80768e-05,1.160639e-06
1920,MR049453,glioma,0,0,0.999959,4.0038904e-05,9.943757e-07
1937,MR049453B,glioma,0,0,0.9997757,3.450127e-05,0.00018989295
1938,MR049453B,glioma,0,0,0.9999393,2.9481995e-05,3.121349e-05
1939,MR049453B,glioma,0,0,0.99997306,9.080451e-06,1.789397e-05
1940,MR049453B,glioma,0,0,0.9999944,3.167799e-06,2.363836e-06
1941,MR049453B,glioma,0,0,0.9999902,7.0404903e-06,2.7699623e-06
1942,MR049453B,glioma,0,0,0.9999976,9.807034e-07,1.4249922e-06
1943,MR049453B,glioma,0,0,0.9999856,1.127754e-05,3.1297247e-06
1944,MR049453B,glioma,0,0,0.9999733,2.2523753e-05,4.1722965e-06
1984,MR049019C,glioma,0,0,0.9999676,1.1655641e-05,2.0795753e-05
1985,MR049019C,glioma,0,0,0.9999846,1.372464e-05,1.6859032e-06
1986,MR049019C,glioma,0,0,0.9994466,0.0005366338,1.6746399e-05
2032,MR051651,glioma,0,0,0.9925033,0.0072841207,0.00021260892
2033,MR051651,glioma,0,0,0.9815701,0.018257797,0.00017213657
2034,MR051651,glioma,0,0,0.9106771,0.08921755,0.00010537976
2035,MR051651,glioma,0,0,0.9337145,0.06622329,6.222389e-05
2036,MR051651,glioma,0,0,0.9483324,0.051630795,3.690766e-05
2037,MR051651,glioma,0,0,0.73888487,0.2609717,0.00014348292
2045,MR051651B,glioma,0,0,0.9928907,0.00698931,0.000119974895
2046,MR051651B,glioma,0,0,0.9924533,0.007455132,9.151438e-05
2047,MR051651B,glioma,0,0,0.82780606,0.1720999,9.4085095e-05
2048,MR051651B,glioma,0,0,0.97557086,0.024410795,1.8398612e-05
2049,MR051651B,glioma,0,0,0.970102,0.02987985,1.8185223e-05
2050,MR051651B,glioma,0,0,0.99329925,0.0066950293,5.687635e-06
2051,MR051644B,glioma,0,0,0.9998267,0.00013284717,4.0389557e-05
2052,MR051644B,glioma,0,0,0.9999161,7.2904615e-05,1.0994707e-05
2053,MR051644B,glioma,0,0,0.99986565,0.0001284541,5.8277906e-06
2054,MR051644B,glioma,0,0,0.9999529,4.604753e-05,1.0544918e-06
2055,MR051644B,glioma,0,0,0.99988043,0.000113829374,5.734346e-06
2056,MR051644B,glioma,0,0,0.99990237,9.242082e-05,5.2245136e-06
2057,MR051644B,glioma,0,0,0.99964786,0.00034574422,6.410861e-06
2077,MR049942B,glioma,0,0,0.9988187,0.00039179542,0.0007894806
2078,MR049942B,glioma,0,0,0.9998074,0.00012466796,6.790748e-05
2079,MR049942B,glioma,0,0,0.9997906,0.000114624134,9.476773e-05
2109,MR056144,glioma,0,0,0.9999882,9.554095e-06,2.2816398e-06
2110,MR056144,glioma,0,0,0.99991643,7.271432e-05,1.0856633e-05
2111,MR056144,glioma,0,0,0.99967813,0.00029924474,2.269661e-05
2112,MR034997,glioma,0,0,0.9988136,0.0010542804,0.00013216882
2113,MR034997,glioma,0,0,0.9996854,0.0001991569,0.00011550889
2114,MR034997,glioma,0,0,0.9996604,0.00032193292,1.7806862e-05
2115,MR034997,glioma,0,0,0.99912447,0.00086044683,1.513634e-05
2116,MR034997,glioma,0,0,0.9990264,0.0009697996,3.764745e-06
2117,MR034997,glioma,0,0,0.9996295,0.00036883913,1.6248658e-06
2118,MR034997,glioma,0,0,0.9997633,0.0002349902,1.6742578e-06
2119,MR029209E,glioma,0,0,0.99995446,1.14115355e-05,3.408571e-05
2120,MR029209E,glioma,0,0,0.9998797,3.0582123e-05,8.959991e-05
2121,MR029209E,glioma,0,0,0.9999212,6.287806e-05,1.5801957e-05
2122,MR029209E,glioma,0,0,0.9999622,2.553954e-05,1.2236863e-05
2123,MR029209E,glioma,0,0,0.99993765,5.5726287e-05,6.6220127e-06
2124,MR029209E,glioma,0,0,0.9999304,6.5933025e-05,3.6792203e-06
2125,MR029209E,glioma,0,0,0.9999677,2.5834599e-05,6.408767e-06
2126,MR029209E,glioma,0,0,0.9999893,9.346885e-06,1.4098786e-06
2127,MR029209E,glioma,0,0,0.9999261,6.79854e-05,5.9976333e-06
2216,MR029209G,glioma,0,0,0.99977726,4.1600193e-05,0.00018117667
2217,MR029209G,glioma,0,0,0.9999647,1.637766e-05,1.9000103e-05
2218,MR029209G,glioma,0,0,0.9999616,3.6190657e-05,2.1912915e-06
2219,MR029209G,glioma,0,0,0.9999782,1.6631466e-05,5.073365e-06
2220,MR029209G,glioma,0,0,0.9999685,2.3843428e-05,7.655301e-06
2221,MR029209G,glioma,0,0,0.9999851,1.2193178e-05,2.744966e-06
2222,MR029209G,glioma,0,0,0.99998,1.8398046e-05,1.7216108e-06
2223,MR029209G,glioma,0,0,0.9999728,2.5837959e-05,1.2629065e-06
2270,MR049453,glioma,0,0,0.99865484,0.0012855509,5.9522965e-05
2271,MR049453,glioma,0,0,0.99976844,0.0002169751,1.4579186e-05
2272,MR049453,glioma,0,0,0.99996495,2.0880934e-05,1.4240686e-05
2273,MR049453,glioma,0,0,0.999905,6.9764814e-05,2.5215722e-05
2274,MR049453,glioma,0,0,0.9999801,1.8655976e-05,1.2331923e-06
2275,MR049453,glioma,0,0,0.9986318,0.0013114705,5.6773588e-05
2276,MR049453,glioma,0,0,0.99983215,0.00016141697,6.466149e-06
2277,MR049453,glioma,0,0,0.99754614,0.0024419285,1.1863308e-05
2278,MR049453,glioma,0,0,0.9968041,0.0031589356,3.6980364e-05
2286,MR049453B,glioma,0,0,0.9400397,0.05986061,9.962202e-05
2287,MR049453B,glioma,0,0,0.8695748,0.126548,0.0038772507
2288,MR049453B,glioma,0,0,0.9999751,2.4109843e-06,2.2587918e-05
2289,MR049453B,glioma,0,0,0.9998739,1.6746673e-05,0.00010936879
2290,MR049453B,glioma,0,0,0.9985361,3.3879645e-05,0.0014299727
2291,MR049453B,glioma,0,0,0.99534875,0.0027123098,0.0019389293
2292,MR049453B,glioma,0,0,0.9907203,0.008286221,0.0009934284
2293,MR049453B,glioma,0,0,0.95414966,0.036641117,0.009209201
2294,MR049453B,glioma,0,0,0.9525421,0.023044739,0.024413137
2295,MR049453B,glioma,0,0,0.9990439,0.00021687764,0.0007391783
2296,MR049453B,glioma,0,0,0.9993368,0.00013842933,0.0005247665
2297,MR049453B,glioma,0,0,0.99978846,0.000107338885,0.00010417531
2298,MR049453B,glioma,0,0,0.99991727,1.199852e-05,7.069058e-05
2299,MR049453B,glioma,0,0,0.99995613,1.698057e-06,4.2242675e-05
2321,MR049019C,glioma,0,0,0.98059297,9.87048e-05,0.019308403
2322,MR049019C,glioma,0,0,0.99668866,8.0259735e-05,0.0032309948
2323,MR049019C,glioma,0,0,0.9783532,3.1723273e-05,0.02161505
2324,MR049019C,glioma,0,0,0.908649,9.346858e-05,0.091257446
2325,MR049019C,glioma,0,0,0.9794134,0.00011323619,0.020473417
2426,MR048944,glioma,0,0,0.99894255,0.0010523506,5.15992e-06
2427,MR048944,glioma,0,0,0.99797934,0.0019348925,8.575162e-05
2428,MR048944,glioma,0,0,0.9973973,0.002597852,4.87499e-06
2429,MR048944,glioma,0,0,0.9992661,0.00073081406,3.1370798e-06
2430,MR048944,glioma,0,0,0.9995326,0.00045702985,1.0385125e-05
2431,MR048944,glioma,0,0,0.9954462,0.0044187065,0.00013513312
2432,MR048944,glioma,0,0,0.96766484,0.032123644,0.00021159094
2433,MR048944,glioma,0,0,0.99869895,0.0012656278,3.537338e-05
2434,MR048944,glioma,0,0,0.99988675,7.8849014e-05,3.4332577e-05
2463,MR029209G,glioma,0,0,0.9991788,0.0007566357,6.459482e-05
2464,MR029209G,glioma,0,0,0.9994425,0.00054937555,8.084732e-06
2465,MR029209G,glioma,0,0,0.9984107,0.0015424076,4.6838544e-05
2466,MR029209G,glioma,0,0,0.99915934,0.0008301787,1.05186145e-05
2467,MR029209G,glioma,0,0,0.9996107,0.000384189,5.1336115e-06
2468,MR029209G,glioma,0,0,0.9991786,0.00051574985,0.00030558652
2469,MR029209G,glioma,0,0,0.98941386,0.010295476,0.00029057587
2566,MR051651,glioma,0,0,0.999548,0.00045062284,1.2932297e-06
2567,MR051651,glioma,0,0,0.997528,0.002469931,1.998006e-06
2568,MR051651,glioma,0,0,0.9850183,0.014971868,9.878389e-06
2569,MR051651,glioma,0,0,0.94435626,0.05560528,3.8452494e-05
2570,MR051651,glioma,0,0,0.9952566,0.0047286744,1.4770765e-05
2571,MR051651,glioma,0,0,0.9988237,0.0007365988,0.00043974505
2572,MR051651,glioma,0,0,0.99947566,0.00018808724,0.00033628521
2579,MR051651B,glioma,0,0,0.9896185,0.010367488,1.4021323e-05
2580,MR051651B,glioma,0,0,0.90542114,0.09454145,3.740736e-05
2581,MR051651B,glioma,0,0,0.13695803,0.8629534,8.854057e-05
2582,MR051651B,glioma,0,0,0.18827526,0.8114329,0.00029187673
2583,MR051651B,glioma,0,0,0.97268564,0.019329196,0.00798523
2584,MR051651B,glioma,0,0,0.98013717,0.015433022,0.004429829
2585,MR051651B,glioma,0,0,0.97687846,0.018387992,0.004733454
2608,MR049942B,glioma,0,0,0.9995939,1.692861e-05,0.0003892363
2609,MR049942B,glioma,0,0,0.9998772,3.3369644e-05,8.939911e-05
2610,MR049942B,glioma,0,0,0.9990306,2.4257512e-05,0.0009451773
2611,MR049942B,glioma,0,0,0.9997907,1.4845389e-05,0.0001944226
2650,MR034997,glioma,0,0,0.9999484,1.2822207e-05,3.877492e-05
2651,MR034997,glioma,0,0,0.99981016,0.00018125573,8.609597e-06
2652,MR034997,glioma,0,0,0.9998103,0.00017893694,1.0870627e-05
2653,MR034997,glioma,0,0,0.99989104,8.874406e-05,2.015849e-05
2654,MR034997,glioma,0,0,0.9997775,0.00021832772,4.1672843e-06
2655,MR034997,glioma,0,0,0.995423,0.0045740483,3.0143106e-06
2656,MR034997,glioma,0,0,0.9999192,7.866154e-05,2.1675341e-06
2657,MR029209E,glioma,0,0,0.99980134,0.00018612917,1.2455008e-05
2658,MR029209E,glioma,0,0,0.9986571,0.0012908764,5.2045663e-05
2659,MR029209E,glioma,0,0,0.9996984,0.00028267776,1.893422e-05
2660,MR029209E,glioma,0,0,0.9999037,9.319592e-05,3.1395007e-06
2661,MR029209E,glioma,0,0,0.99994814,2.6510897e-05,2.5375066e-05
2662,MR029209E,glioma,0,0,0.99850035,0.00022022518,0.0012795029
2663,MR029209E,glioma,0,0,0.9956157,0.0041011614,0.0002830638
2731,MR029209E,glioma,0,0,0.99989796,0.00010114094,7.8953497e-07
2732,MR029209E,glioma,0,0,0.9997489,0.00022654672,2.4512192e-05
2733,MR029209E,glioma,0,0,0.9967853,0.0030526721,0.0001621119
2734,MR029209E,glioma,0,0,0.9999887,1.09514895e-05,3.9513912e-07
2735,MR029209E,glioma,0,0,0.9996778,0.00031623896,5.9724707e-06
2736,MR029209E,glioma,0,0,0.9996929,0.00029320407,1.3922463e-05
2737,MR029209E,glioma,0,0,0.9999627,2.2649134e-05,1.4659224e-05
2800,MR029209G,glioma,0,0,0.98564297,0.013686385,0.0006706974
2801,MR029209G,glioma,0,0,0.99964416,0.00035256767,3.2122748e-06
2802,MR029209G,glioma,0,0,0.99965346,0.00033690233,9.644938e-06
2803,MR029209G,glioma,0,0,0.9999645,2.3678142e-05,1.1847434e-05
2804,MR029209G,glioma,0,0,0.9995472,1.9347302e-05,0.00043354192
2840,MR048944,glioma,0,0,0.99747986,0.0024236632,9.642602e-05
2841,MR048944,glioma,0,0,0.99987423,4.3400156e-05,8.237818e-05
2842,MR048944,glioma,0,0,0.9997789,0.00013522105,8.581364e-05
2843,MR048944,glioma,0,0,0.99699426,0.002900334,0.000105413696
2844,MR048944,glioma,0,0,0.9997923,0.00017230747,3.5366513e-05
2845,MR048944,glioma,0,0,0.99556327,0.002317958,0.0021188539
2876,MR049453,glioma,0,0,0.9987717,4.5553123e-05,0.0011826229
2877,MR049453,glioma,0,0,0.9999136,6.0383004e-06,8.0307844e-05
2878,MR049453,glioma,0,0,0.9999682,1.915677e-05,1.2597161e-05
2879,MR049453,glioma,0,0,0.9999666,2.4989557e-05,8.298385e-06
2880,MR049453,glioma,0,0,0.99998546,3.69239e-06,1.079604e-05
2881,MR049453,glioma,0,0,0.9999876,3.1299312e-06,9.2526025e-06
2882,MR049453,glioma,0,0,0.99997985,1.559456e-05,4.536056e-06
2883,MR049453,glioma,0,0,0.999859,8.5790154e-05,5.514951e-05
2884,MR049453,glioma,0,0,0.999777,0.00019892382,2.4047748e-05
2914,MR049019C,glioma,0,0,0.98265636,0.0028538327,0.0144898975
2915,MR049019C,glioma,0,0,0.9953967,0.0013028404,0.0033003788
2916,MR049019C,glioma,0,0,0.99141496,0.002151137,0.0064338725
2917,MR049019C,glioma,0,0,0.6843257,0.0011364787,0.31453788
2944,MR051651,glioma,0,0,0.9979831,0.0013256485,0.00069117354
2945,MR051651,glioma,0,0,0.99865425,0.0013087105,3.6998546e-05
2946,MR051651,glioma,0,0,0.9965031,0.0034936005,3.3321721e-06
2947,MR051651,glioma,0,0,0.9769915,0.022976698,3.1741507e-05
2955,MR051651B,glioma,0,0,0.6091244,0.233009,0.15786658
2956,MR051651B,glioma,0,0,0.7508727,0.20325224,0.04587513
2957,MR051651B,glioma,0,0,0.9955225,0.004147565,0.00032992003
2958,MR051651B,glioma,0,0,0.95133895,0.047140684,0.001520362
2959,MR051651B,glioma,0,0,0.9727601,0.027086567,0.00015338832
2960,MR051651B,glioma,0,0,0.9687464,0.031201126,5.247179e-05
2961,MR051644B,glioma,0,0,0.99965143,2.334433e-06,0.00034615558
2962,MR051644B,glioma,0,0,0.995382,1.15771245e-05,0.004606286
2963,MR051644B,glioma,0,0,0.9972742,6.739909e-06,0.0027190554
2964,MR051644B,glioma,0,0,0.9761169,1.4330832e-05,0.023868803
2965,MR051644B,glioma,0,0,0.9683403,3.727798e-05,0.031622473
2966,MR051644B,glioma,0,0,0.9661904,6.272926e-05,0.033746865
2967,MR051644B,glioma,0,0,0.96872723,0.0004143001,0.030858476
2968,MR051644B,glioma,0,0,0.9987902,0.00055454613,0.0006552684
2969,MR051644B,glioma,0,0,0.9596856,0.010558157,0.029756216
2993,MR049942B,glioma,0,0,0.9525231,2.1630934e-05,0.04745535
2994,MR049942B,glioma,0,0,0.9646927,6.1705327e-06,0.035301093
2995,MR049942B,glioma,0,0,0.9280269,7.973428e-06,0.07196509
3020,MR056144,glioma,0,0,0.6456549,0.002031246,0.3523138
3021,MR056144,glioma,0,0,0.86869437,0.00031175057,0.13099392
3022,MR034997,glioma,0,0,0.99970067,0.000298103,1.3550956e-06
3023,MR034997,glioma,0,0,0.99995005,4.0131363e-05,9.787531e-06
3024,MR034997,glioma,0,0,0.99981624,0.00016910551,1.4686447e-05
3025,MR034997,glioma,0,0,0.99991715,8.204122e-05,8.676011e-07
3026,MR034997,glioma,0,0,0.9970156,0.0029760005,8.438427e-06
3027,MR034997,glioma,0,0,0.99917275,0.0007662453,6.0961702e-05
3028,MR034997,glioma,0,0,0.9994,4.701888e-05,0.0005529241
3029,MR029209E,glioma,0,0,0.98703986,0.012951752,8.320753e-06
3063,95969,meningioma,1,0,0.9418237,0.058141172,3.5196197e-05
6,100572,meningioma,1,1,0.0030466039,0.0055132923,0.99144006
7,100572,meningioma,1,1,7.4325326e-06,0.000521789,0.9994708
8,100572,meningioma,1,1,0.00014268234,0.013226243,0.9866311
9,101016,meningioma,1,1,0.60654336,0.39068264,0.0027740288
10,101016,meningioma,1,1,0.0317977,0.96613276,0.002069571
11,101016,meningioma,1,1,0.016887845,0.95891416,0.024197979
12,101016,meningioma,1,1,0.00042550458,0.99939346,0.00018100541
13,101016,meningioma,1,1,0.00020780017,0.9997851,6.98014e-06
14,101016,meningioma,1,1,7.860427e-05,0.9999157,5.6928366e-06
15,101016,meningioma,1,1,0.0032790676,0.9967181,2.800966e-06
26,102446,meningioma,1,1,0.7442835,0.16122834,0.09448819
34,102935,meningioma,1,1,0.10129388,0.89419293,0.0045131464
35,102985,meningioma,1,1,0.733964,0.25483075,0.011205178
36,103673,meningioma,1,1,1.9862064e-07,8.979751e-06,0.9999908
37,103673,meningioma,1,1,1.0960689e-07,1.1686736e-05,0.9999882
38,103673,meningioma,1,1,4.509177e-07,3.3542452e-05,0.999966
39,103673,meningioma,1,1,5.809729e-07,8.261815e-06,0.9999912
40,103673,meningioma,1,1,0.00012540075,5.4387903e-05,0.9998203
41,103673,meningioma,1,1,0.00041235905,8.506662e-05,0.99950254
59,58392,pituitary,2,1,4.7201726e-07,3.8611015e-06,0.9999957
93,107248,meningioma,1,1,0.34747976,0.02055267,0.63196754
94,107248,meningioma,1,1,0.09688485,0.05436672,0.8487484
95,107248,meningioma,1,1,5.042493e-07,0.003134651,0.99686486
96,107248,meningioma,1,1,1.7761227e-05,0.014277608,0.98570466
97,107248,meningioma,1,1,0.009159558,0.008767042,0.9820734
98,107248,meningioma,1,1,0.0021833542,0.0040778,0.9937389
113,108590,meningioma,1,1,0.0014082791,0.9973997,0.00119209
114,108590,meningioma,1,1,0.0028013843,0.99709654,0.00010214274
124,110116,meningioma,1,1,1.4254996e-06,0.0004612597,0.99953735
160,113554,meningioma,1,1,0.26642329,0.7325186,0.0010581233
161,113554,meningioma,1,1,0.08585117,0.89784163,0.016307212
162,113554,meningioma,1,1,0.21042804,0.7874121,0.0021598847
180,97737,meningioma,1,1,3.9208873e-05,0.9999341,2.664819e-05
181,97737,meningioma,1,1,0.000811576,0.9991296,5.8798116e-05
182,97737,meningioma,1,1,9.323647e-05,0.99986553,4.1233285e-05
183,97737,meningioma,1,1,0.0011214735,0.99884146,3.6975674e-05
192,98241,meningioma,1,1,0.032621283,0.9620593,0.0053193634
193,98241,meningioma,1,1,0.01901456,0.9743363,0.0066491696
194,98241,meningioma,1,1,0.0031496033,0.9935608,0.0032895824
195,98241,meningioma,1,1,1.2750178e-05,0.9998492,0.00013802116
196,98241,meningioma,1,1,0.0006124852,0.99911505,0.00027247224
197,98241,meningioma,1,1,0.00087612384,0.9991227,1.2130808e-06
218,100572,meningioma,1,1,4.891426e-05,0.981199,0.018752085
219,100572,meningioma,1,1,0.0010379206,0.94487756,0.054084472
220,100572,meningioma,1,1,0.01927384,0.70431626,0.2764099
221,101016,meningioma,1,1,0.008894794,0.9909191,0.00018608388
222,101016,meningioma,1,1,2.4484698e-05,0.9999722,3.302189e-06
223,101016,meningioma,1,1,1.8882287e-05,0.9999796,1.5458428e-06
224,101016,meningioma,1,1,1.5137906e-05,0.9999838,1.0393554e-06
225,101016,meningioma,1,1,1.2538151e-05,0.99998677,7.278832e-07
226,101016,meningioma,1,1,0.012706029,0.9872885,5.5331675e-06
239,102446,meningioma,1,1,0.00027289556,0.99957246,0.00015468942
252,102935,meningioma,1,1,0.057833225,0.9415634,0.0006033081
253,102985,meningioma,1,1,0.009268802,0.9889787,0.0017524782
254,103673,meningioma,1,1,7.231453e-06,0.0001702154,0.99982256
255,103673,meningioma,1,1,4.4523968e-06,6.759595e-06,0.9999888
256,103673,meningioma,1,1,2.1677476e-08,2.2972026e-06,0.99999774
257,103673,meningioma,1,1,2.889636e-08,0.00010257942,0.99989736
258,103673,meningioma,1,1,8.0430326e-08,1.3253702e-05,0.99998665
259,103673,meningioma,1,1,1.9443101e-07,1.3654149e-05,0.9999862
260,103673,meningioma,1,1,8.984331e-06,6.256097e-05,0.9999285
316,107248,meningioma,1,1,0.2886893,0.40962481,0.30168596
317,107248,meningioma,1,1,0.2738964,0.15516041,0.5709432
318,107248,meningioma,1,1,0.73515207,0.2566914,0.00815659
319,107248,meningioma,1,1,0.8653175,0.116822466,0.017860005
334,108590,meningioma,1,1,0.00030986802,0.99716276,0.0025273077
335,108590,meningioma,1,1,0.0016797623,0.99799347,0.00032681494
345,110116,meningioma,1,1,2.335022e-05,0.00044446936,0.9995322
346,110116,meningioma,1,1,1.5220124e-05,0.0038457317,0.996139
347,110116,meningioma,1,1,1.671322e-05,0.0010403969,0.9989429
348,110116,meningioma,1,1,0.00018866845,0.010367413,0.98944384
390,113554,meningioma,1,1,0.034099124,0.9658328,6.80547e-05
391,113554,meningioma,1,1,0.0014213485,0.9985084,7.028661e-05
392,113554,meningioma,1,1,0.22512762,0.7748296,4.264069e-05
408,97737,meningioma,1,1,0.003929436,0.99601835,5.2292915e-05
409,97737,meningioma,1,1,2.1158241e-05,0.9998436,0.0001351036
410,97737,meningioma,1,1,6.0787544e-05,0.98093,0.019009236
411,97737,meningioma,1,1,0.00014688929,0.9911255,0.00872762
412,97737,meningioma,1,1,0.0014780764,0.9975309,0.0009909782
413,97737,meningioma,1,1,0.007322987,0.9923458,0.0003312864
423,98241,meningioma,1,1,0.0049861507,0.9802862,0.014727703
424,98241,meningioma,1,1,0.0047068973,0.99400336,0.0012896787
425,98241,meningioma,1,1,0.004467877,0.9954281,0.000104072926
426,98241,meningioma,1,1,0.00070280576,0.9992919,5.2529945e-06
427,98241,meningioma,1,1,0.00036413956,0.99936813,0.0002677469
428,98241,meningioma,1,1,0.00019278958,0.9982534,0.0015537797
429,98241,meningioma,1,1,0.014335298,0.9604285,0.025236212
448,100572,meningioma,1,1,0.00013226524,0.00020526712,0.9996625
449,100572,meningioma,1,1,0.0044691693,0.004936066,0.99059474
455,101016,meningioma,1,1,3.0685787e-05,0.99847656,0.0014927807
456,101016,meningioma,1,1,1.126262e-05,0.99725795,0.002730749
457,101016,meningioma,1,1,3.132948e-06,0.9999677,2.9206201e-05
458,101016,meningioma,1,1,2.9242003e-05,0.99994254,2.824871e-05
459,101082,meningioma,1,1,0.83217484,0.16636539,0.0014597554
460,101082,meningioma,1,1,0.018172467,0.976383,0.0054445984
476,102446,meningioma,1,1,0.0009778228,0.99899715,2.4970686e-05
477,102446,meningioma,1,1,0.0018072388,0.69908386,0.29910892
489,102935,meningioma,1,1,0.11408427,0.85033727,0.03557842
495,102985,meningioma,1,1,0.31920937,0.19143254,0.4893581
496,103673,meningioma,1,1,9.4879496e-08,1.9577365e-06,0.999998
497,103673,meningioma,1,1,1.9841927e-08,6.4708265e-06,0.99999356
498,103673,meningioma,1,1,2.235255e-05,2.1184049e-05,0.9999565
499,103673,meningioma,1,1,1.5162704e-05,3.4224344e-05,0.99995065
500,103673,meningioma,1,1,5.550264e-06,7.3075366e-06,0.9999871
551,107248,meningioma,1,1,0.004373981,0.13092007,0.864706
552,107248,meningioma,1,1,0.0003553314,0.004251369,0.9953933
553,107248,meningioma,1,1,0.0057253544,0.009558935,0.9847157
554,107248,meningioma,1,1,0.06324884,0.7850219,0.15172933
555,107248,meningioma,1,1,0.0055597755,0.6511546,0.34328565
560,107946,meningioma,1,1,0.49085817,0.50912255,1.9308229e-05
561,107946,meningioma,1,1,0.53473085,0.46526092,8.265088e-06
562,107946,meningioma,1,1,0.93414694,0.06584836,4.6499076e-06
563,107946,meningioma,1,1,0.98655105,0.013442696,6.2049226e-06
571,108590,meningioma,1,1,0.0065263477,0.72915626,0.2643174
572,108590,meningioma,1,1,0.028525498,0.90179074,0.06968372
631,113554,meningioma,1,1,0.009256053,0.99013877,0.00060515833
632,113554,meningioma,1,1,8.06887e-05,0.98833686,0.011582421
633,113554,meningioma,1,1,0.0029992105,0.98927104,0.007729775
634,113554,meningioma,1,1,0.0045264713,0.98519266,0.010280938
668,97737,meningioma,1,1,0.003005988,0.9967855,0.00020853158
669,97737,meningioma,1,1,0.00079893443,0.9984296,0.00077150896
670,97737,meningioma,1,1,0.054993153,0.9378413,0.0071655447
671,97737,meningioma,1,1,0.0009326077,0.9762071,0.022860251
672,97737,meningioma,1,1,0.0035940334,0.988209,0.008196925
680,98241,meningioma,1,1,0.00018492668,0.99953413,0.0002809498
681,98241,meningioma,1,1,8.802944e-05,0.99739873,0.0025132343
682,98241,meningioma,1,1,0.0004720856,0.99945444,7.345265e-05
683,98241,meningioma,1,1,0.001648393,0.99791723,0.00043433823
684,98241,meningioma,1,1,0.022077873,0.9752799,0.002642187
685,98241,meningioma,1,1,0.0089876605,0.088421285,0.90259105
703,99815,meningioma,1,1,0.032986563,0.9668101,0.0002032696
704,99815,meningioma,1,1,0.00044466485,0.9995485,6.7825276e-06
705,99815,meningioma,1,1,2.1566097e-05,0.99991655,6.189645e-05
706,99815,meningioma,1,1,0.0018244182,0.9977848,0.00039090656
707,99815,meningioma,1,1,0.00019598559,0.9997925,1.1614768e-05
708,99815,meningioma,1,1,0.003015439,0.99697816,6.4013416e-06
725,103148,glioma,0,1,0.7653019,0.16844563,0.06625247
726,103148,glioma,0,1,0.74729735,0.24503617,0.0076664947
727,103148,glioma,0,1,0.95955056,0.038422015,0.0020274057
728,103148,glioma,0,1,0.99889696,0.0005532567,0.00054983515
764,103148,glioma,0,1,0.81191427,0.17331924,0.014766519
765,103148,glioma,0,1,0.92474604,0.072212584,0.003041336
766,103148,glioma,0,1,0.88182473,0.11809392,8.132276e-05
767,103148,glioma,0,1,0.20043458,0.7990269,0.00053851027
779,112027,glioma,0,1,0.03271516,0.9672483,3.6575824e-05
780,112027,glioma,0,1,0.30491278,0.6949024,0.00018473648
792,88670,glioma,0,1,0.18779556,0.8108479,0.0013565082
793,88670,glioma,0,1,0.09649383,0.899655,0.0038511665
794,88670,glioma,0,1,0.03807453,0.9606385,0.0012869126
795,88670,glioma,0,1,0.8558653,0.14387563,0.0002590132
796,88670,glioma,0,1,0.64233565,0.3574998,0.00016457893
797,88670,glioma,0,1,0.33806902,0.66090095,0.0010300291
798,88670,glioma,0,1,0.43192506,0.5670547,0.0010202345
807,92897,glioma,0,1,0.27574223,0.7200391,0.0042186496
808,92897,glioma,0,1,0.87483203,0.122181565,0.0029863878
834,101384,glioma,0,1,0.7993258,0.19783796,0.0028361864
835,101384,glioma,0,1,0.98936814,0.010598045,3.381148e-05
836,101384,glioma,0,1,0.85624063,0.14354284,0.00021655686
840,103148,glioma,0,1,0.12753987,0.8723165,0.00014365152
841,103148,glioma,0,1,0.23060387,0.7688844,0.0005117624
842,103148,glioma,0,1,0.114531256,0.885069,0.00039978782
843,103148,glioma,0,1,0.5131938,0.46635258,0.020453643
865,88670,glioma,0,1,0.7429977,0.25699043,1.1912553e-05
866,88670,glioma,0,1,0.8096411,0.19030353,5.5362194e-05
867,88670,glioma,0,1,0.76930076,0.23060215,9.704082e-05
868,88670,glioma,0,1,0.56707156,0.4328714,5.7069556e-05
869,88670,glioma,0,1,0.85464466,0.14527725,7.8135956e-05
881,92897,glioma,0,1,0.035461977,0.47523236,0.4893057
882,92897,glioma,0,1,0.032055255,0.8962146,0.071730055
950,108858,pituitary,2,1,2.245989e-07,0.000100179415,0.9998996
951,108858,pituitary,2,1,1.1423782e-06,8.326877e-05,0.9999156
952,108858,pituitary,2,1,2.9719533e-06,0.0002817572,0.99971527
953,108858,pituitary,2,1,1.7285794e-05,0.0005182562,0.99946445
954,108858,pituitary,2,1,6.1531423e-06,0.00011416446,0.9998797
974,110537,pituitary,2,1,2.0260985e-07,9.411089e-06,0.99999034
975,110537,pituitary,2,1,3.2505485e-09,9.816116e-07,0.99999905
1006,112847,pituitary,2,1,9.949513e-07,1.8181587e-05,0.9999808
1007,112847,pituitary,2,1,4.1668702e-07,2.835019e-05,0.9999713
1008,112847,pituitary,2,1,2.4684294e-07,4.7202437e-05,0.99995255
1009,112847,pituitary,2,1,1.9473914e-06,0.00043150742,0.9995665
1021,114094,pituitary,2,1,0.09727358,0.022876631,0.87984985
1022,114094,pituitary,2,1,1.2097098e-05,0.00014703408,0.99984086
1023,114094,pituitary,2,1,0.00016528557,0.021013094,0.97882164
1024,114094,pituitary,2,1,6.1460906e-07,2.1336858e-05,0.99997807
1065,108858,pituitary,2,1,0.0045145554,0.0001578416,0.9953276
1066,108858,pituitary,2,1,2.1492533e-05,6.5576346e-06,0.999972
1067,108858,pituitary,2,1,6.766797e-05,1.7088725e-05,0.99991524
1068,108858,pituitary,2,1,0.00013529875,0.00012638501,0.9997383
1069,108858,pituitary,2,1,0.00022948417,0.00016679715,0.9996037
1100,110537,pituitary,2,1,2.6476528e-07,5.14065e-06,0.99999464
1101,110537,pituitary,2,1,1.0628993e-06,5.8175383e-06,0.9999931
1102,110537,pituitary,2,1,1.5487497e-06,7.778924e-07,0.9999976
1103,110537,pituitary,2,1,4.488825e-07,1.104944e-05,0.99998856
1104,110537,pituitary,2,1,2.3779488e-05,3.2289066e-05,0.999944
1105,110537,pituitary,2,1,3.6831564e-06,1.4181922e-05,0.9999821
1106,110537,pituitary,2,1,9.846479e-06,0.00010658413,0.99988353
1144,112847,pituitary,2,1,2.7839852e-07,2.831243e-07,0.9999994
1145,112847,pituitary,2,1,7.691354e-07,7.6297533e-07,0.99999845
1146,112847,pituitary,2,1,3.303218e-06,2.8274242e-06,0.9999939
1147,112847,pituitary,2,1,5.029565e-06,3.392196e-06,0.99999154
1161,114094,pituitary,2,1,6.1556057e-06,7.584121e-06,0.9999863
1162,114094,pituitary,2,1,1.2870176e-05,0.00022617792,0.9997609
1163,114094,pituitary,2,1,2.0774426e-06,7.981222e-06,0.99999
1164,114094,pituitary,2,1,1.1342787e-05,3.250087e-05,0.99995613
1165,114094,pituitary,2,1,3.4264318e-05,1.2134353e-05,0.9999536
1198,108858,pituitary,2,1,4.998555e-07,8.073597e-07,0.9999987
1199,108858,pituitary,2,1,2.4560202e-07,1.130859e-06,0.99999857
1200,108858,pituitary,2,1,2.218166e-05,1.4979891e-05,0.9999628
1201,108858,pituitary,2,1,0.00035245775,0.00011201549,0.99953556
1202,108858,pituitary,2,1,4.2636948e-05,3.686199e-05,0.9999205
1226,110537,pituitary,2,1,7.880934e-06,0.0007459222,0.99924624
1227,110537,pituitary,2,1,0.000108234424,0.0018570656,0.99803466
1228,110537,pituitary,2,1,0.0011957535,0.01305434,0.98574996
1229,110537,pituitary,2,1,7.0686046e-06,0.00038050022,0.9996125
1261,112847,pituitary,2,1,1.8393341e-06,1.4206747e-05,0.9999839
1262,112847,pituitary,2,1,7.3856245e-05,3.325925e-05,0.99989283
1263,112847,pituitary,2,1,4.8500526e-05,2.8645973e-05,0.9999229
1264,112847,pituitary,2,1,1.307766e-06,1.4466466e-05,0.99998426
1265,112847,pituitary,2,1,3.0805809e-06,5.6538323e-07,0.9999963
1279,114094,pituitary,2,1,1.1132451e-05,2.2922525e-07,0.9999887
1280,114094,pituitary,2,1,8.761773e-06,1.5344782e-05,0.9999759
1281,114094,pituitary,2,1,2.895129e-07,1.1997476e-05,0.9999877
1282,114094,pituitary,2,1,1.4118824e-05,1.6911594e-05,0.999969
1295,102648,pituitary,2,1,0.79099834,0.0008036145,0.20819804
1296,102648,pituitary,2,1,0.009219079,5.843986e-05,0.99072254
1297,102648,pituitary,2,1,0.014858589,7.979356e-05,0.9850616
1298,102648,pituitary,2,1,0.20865822,0.0018731559,0.78946865
1299,102648,pituitary,2,1,0.057936072,0.007227511,0.93483645
1300,102648,pituitary,2,1,0.72210217,0.00019581933,0.27770203
1304,103257,pituitary,2,1,5.257639e-07,1.2523002e-05,0.999987
1305,103257,pituitary,2,1,2.2644554e-05,5.2958254e-05,0.9999244
1306,103257,pituitary,2,1,2.8889467e-06,5.650945e-06,0.9999914
1307,103257,pituitary,2,1,2.8829743e-07,1.9849997e-06,0.99999774
1308,103257,pituitary,2,1,4.5696046e-07,5.1046195e-06,0.9999944
1309,103257,pituitary,2,1,1.409823e-06,5.7396364e-06,0.99999285
1323,103670,pituitary,2,1,8.95543e-08,4.4616405e-07,0.9999995
1324,103670,pituitary,2,1,1.6687572e-07,1.7776793e-07,0.99999964
1325,103670,pituitary,2,1,4.4792487e-06,1.074294e-06,0.9999944
1330,103731,pituitary,2,1,0.0031898345,0.00043389006,0.9963762
1331,103731,pituitary,2,1,6.8300214e-05,8.630186e-05,0.9998454
1332,103731,pituitary,2,1,2.8250872e-06,1.1919599e-05,0.9999852
1333,103731,pituitary,2,1,1.1420174e-06,2.4854953e-06,0.9999964
1334,103731,pituitary,2,1,5.297882e-06,8.69187e-06,0.99998605
1335,103731,pituitary,2,1,4.1327867e-06,5.3115346e-06,0.9999906
1336,103731,pituitary,2,1,6.549613e-05,4.3993896e-06,0.99993014
1337,103731,pituitary,2,1,0.002151499,1.0320909e-05,0.9978382
1338,103731,pituitary,2,1,0.0004115358,2.1557884e-07,0.9995883
1339,103731,pituitary,2,1,0.00018305371,1.0800332e-08,0.99981695
1378,105475,pituitary,2,1,1.9187885e-06,0.00011454595,0.99988353
1379,105475,pituitary,2,1,2.0754516e-05,0.00049733446,0.999482
1386,97416,pituitary,2,1,1.0456614e-07,7.3059737e-06,0.9999926
1387,97416,pituitary,2,1,4.970517e-05,5.778187e-05,0.9998925
1388,97416,pituitary,2,1,2.851508e-07,8.27928e-06,0.9999914
1389,97416,pituitary,2,1,3.0435267e-06,5.993968e-05,0.99993706
1390,97416,pituitary,2,1,1.9436106e-06,6.8084286e-05,0.99993
1391,97416,pituitary,2,1,2.4849947e-05,0.00021213217,0.9997631
1392,97416,pituitary,2,1,0.00053024787,0.0011727256,0.99829704
1393,97416,pituitary,2,1,0.0013152431,0.00018809251,0.99849665
1394,97416,pituitary,2,1,0.0011266612,2.7322088e-05,0.99884605
1404,97481,pituitary,2,1,0.0013828753,0.00088989997,0.9977272
1405,97481,pituitary,2,1,3.7159098e-05,0.0009634873,0.9989994
1406,97481,pituitary,2,1,0.00023028458,0.007339635,0.99243015
1407,97481,pituitary,2,1,9.1992973e-07,6.285125e-05,0.9999362
1408,97599,pituitary,2,1,1.0017116e-05,0.0004000083,0.99959
1409,97599,pituitary,2,1,1.1013828e-07,1.9902009e-05,0.99998
1421,98652,pituitary,2,1,3.6822065e-08,5.804438e-06,0.99999416
1422,98652,pituitary,2,1,7.465782e-07,8.924323e-06,0.99999034
1423,98652,pituitary,2,1,2.5010771e-05,1.0523638e-05,0.9999645
1483,102648,pituitary,2,1,0.00067190826,3.381657e-05,0.9992943
1484,102648,pituitary,2,1,0.001532714,6.0959395e-05,0.99840635
1485,102648,pituitary,2,1,0.00017034441,4.865086e-05,0.9997811
1486,102648,pituitary,2,1,0.00026187763,9.790235e-05,0.9996402
1493,103257,pituitary,2,1,3.974538e-08,6.5980845e-07,0.9999993
1494,103257,pituitary,2,1,1.233778e-07,1.976722e-06,0.99999785
1495,103257,pituitary,2,1,7.2413366e-07,2.4813894e-06,0.9999968
1496,103257,pituitary,2,1,1.5556151e-07,7.6188076e-07,0.99999905
1497,103257,pituitary,2,1,2.2963952e-06,6.216784e-07,0.99999714
1511,103670,pituitary,2,1,1.196829e-07,6.8187245e-07,0.99999917
1512,103670,pituitary,2,1,2.2019053e-08,2.418175e-06,0.9999976
1513,103670,pituitary,2,1,1.621114e-08,4.276267e-06,0.9999957
1514,103670,pituitary,2,1,2.4035063e-07,7.4161853e-06,0.9999924
1521,103731,pituitary,2,1,3.1405037e-07,4.9113e-06,0.99999475
1522,103731,pituitary,2,1,1.1043788e-07,8.046589e-06,0.9999919
1523,103731,pituitary,2,1,3.6006531e-07,6.586148e-05,0.9999337
1524,103731,pituitary,2,1,5.305365e-07,2.6191654e-05,0.9999733
1525,103731,pituitary,2,1,8.399955e-06,2.2875793e-05,0.99996877
1526,103731,pituitary,2,1,1.6207123e-05,0.00022124588,0.9997626
1527,103731,pituitary,2,1,0.00023402605,0.0008861733,0.99887985
1563,105475,pituitary,2,1,1.5227423e-07,4.6056874e-07,0.9999994
1564,105475,pituitary,2,1,2.3498765e-06,3.8174576e-06,0.9999938
1565,105475,pituitary,2,1,1.0414659e-06,6.4922688e-06,0.9999925
1573,97416,pituitary,2,1,0.005822327,0.000735027,0.99344265
1574,97416,pituitary,2,1,0.00062890653,0.0009122828,0.99845886
1575,97416,pituitary,2,1,4.399924e-06,2.0346226e-05,0.9999752
1576,97416,pituitary,2,1,6.050057e-07,1.825604e-06,0.9999976
1577,97416,pituitary,2,1,7.804643e-08,7.509594e-07,0.99999917
1578,97416,pituitary,2,1,5.942599e-08,3.3521617e-06,0.99999654
1579,97416,pituitary,2,1,1.9074891e-06,4.9898895e-06,0.9999931
1580,97416,pituitary,2,1,3.2005352e-07,9.20246e-06,0.99999046
1589,97481,pituitary,2,1,3.1453671e-06,5.9024246e-06,0.99999094
1590,97481,pituitary,2,1,4.0029727e-07,7.5472585e-06,0.999992
1591,97481,pituitary,2,1,3.4493817e-06,7.2774105e-06,0.9999893
1592,97481,pituitary,2,1,7.446901e-06,5.8492274e-06,0.99998665
1593,97481,pituitary,2,1,9.545639e-06,2.5647003e-05,0.99996483
1594,97599,pituitary,2,1,2.9441545e-09,1.5722402e-07,0.9999999
1595,97599,pituitary,2,1,1.3134408e-09,7.348588e-07,0.9999993
1605,98652,pituitary,2,1,5.255628e-06,5.5873123e-05,0.99993885
1606,98652,pituitary,2,1,6.756346e-06,2.3763158e-05,0.9999695
1607,98652,pituitary,2,1,2.7553808e-06,2.2671904e-05,0.9999746
1608,98652,pituitary,2,1,1.410099e-06,7.607429e-05,0.9999225
1665,102648,pituitary,2,1,0.01391677,0.00019125032,0.985892
1666,102648,pituitary,2,1,0.06106559,0.0013913681,0.93754303
1667,102648,pituitary,2,1,0.8918848,0.0020203276,0.106094964
1668,102648,pituitary,2,1,0.044725407,0.0032072186,0.9520673
1669,102648,pituitary,2,1,0.5606507,0.023106383,0.4162429
1670,102648,pituitary,2,1,0.09393371,0.02963186,0.87643445
1671,102648,pituitary,2,1,0.0690745,0.0131407855,0.9177847
1677,103257,pituitary,2,1,3.4154094e-05,2.3675464e-06,0.9999635
1678,103257,pituitary,2,1,7.208316e-06,1.02612175e-05,0.9999825
1679,103257,pituitary,2,1,5.97485e-06,1.4458786e-05,0.9999796
1680,103257,pituitary,2,1,0.00010332093,5.123071e-05,0.9998454
1681,103257,pituitary,2,1,0.00025660126,1.4152317e-05,0.9997292
1682,103257,pituitary,2,1,0.00013709164,0.00011920125,0.99974376
1683,103257,pituitary,2,1,1.3115725e-05,2.4464221e-05,0.99996245
1700,103670,pituitary,2,1,9.651853e-08,7.669255e-07,0.99999917
1701,103670,pituitary,2,1,2.3077682e-05,4.3920518e-05,0.999933
1702,103670,pituitary,2,1,8.098102e-07,1.0205053e-05,0.99998903
1703,103670,pituitary,2,1,3.587255e-06,6.218285e-06,0.9999902
1709,103731,pituitary,2,1,2.1925591e-06,5.4303456e-07,0.99999726
1710,103731,pituitary,2,1,0.00010737307,7.1103705e-06,0.99988556
1711,103731,pituitary,2,1,1.602071e-05,3.5166056e-06,0.99998045
1712,103731,pituitary,2,1,1.5989044e-06,7.731841e-07,0.9999976
1713,103731,pituitary,2,1,1.4440265e-05,1.9414514e-07,0.99998534
1754,105475,pituitary,2,1,3.4576755e-07,3.062732e-05,0.999969
1755,105475,pituitary,2,1,3.9863608e-06,0.00011750399,0.9998785
1756,105475,pituitary,2,1,0.00010797158,0.00049773144,0.9993943
1757,105475,pituitary,2,1,1.674606e-05,6.9693524e-05,0.9999136
1758,105475,pituitary,2,1,1.9432491e-07,2.350408e-05,0.9999763
1766,97416,pituitary,2,1,0.00025406983,0.0006226656,0.9991233
1767,97416,pituitary,2,1,0.0020301056,6.2014406e-05,0.9979079
1768,97416,pituitary,2,1,1.1275929e-05,2.7716082e-05,0.999961
1769,97416,pituitary,2,1,7.5049065e-05,0.00015252328,0.9997725
1770,97416,pituitary,2,1,1.6826409e-05,0.00021166998,0.99977154
1771,97416,pituitary,2,1,5.4763823e-05,0.00011861214,0.9998266
1772,97416,pituitary,2,1,0.0022285834,0.0016600698,0.99611133
1781,97481,pituitary,2,1,2.0197842e-07,8.8317853e-07,0.9999989
1782,97481,pituitary,2,1,4.1757602e-08,1.670246e-06,0.99999833
1783,97481,pituitary,2,1,2.4776707e-08,8.653147e-07,0.99999917
1784,97481,pituitary,2,1,1.4530941e-06,3.4364682e-06,0.9999951
1785,97481,pituitary,2,1,1.8808196e-05,1.536967e-05,0.9999658
1786,97599,pituitary,2,1,1.0850839e-05,0.0014342268,0.9985549
1787,97599,pituitary,2,1,2.5610375e-06,0.00012136774,0.999876
1788,97599,pituitary,2,1,7.1613584e-07,0.000381642,0.9996176
1801,98652,pituitary,2,1,0.00027732892,0.00031054835,0.9994122
1802,98652,pituitary,2,1,3.9985125e-06,1.6565496e-06,0.9999944
1803,98652,pituitary,2,1,8.7786175e-06,4.9207106e-06,0.9999863
1804,98652,pituitary,2,1,6.3373404e-06,6.971686e-06,0.99998665
1805,98652,pituitary,2,1,5.0775907e-05,2.6877864e-05,0.9999224
1849,MR048297,glioma,0,1,0.9999732,1.7362316e-05,9.434958e-06
1850,MR048297,glioma,0,1,0.99998176,1.2000803e-05,6.1883698e-06
1851,MR048297,glioma,0,1,0.9999919,6.1185515e-06,2.005418e-06
1852,MR048297,glioma,0,1,0.9999919,6.858284e-06,1.2369122e-06
1870,MR048994,glioma,0,1,0.9984616,0.001484482,5.3886695e-05
1871,MR048994,glioma,0,1,0.9994074,0.0005894001,3.2363166e-06
1872,MR048994,glioma,0,1,0.99511105,0.0048785745,1.03283055e-05
1873,MR048994,glioma,0,1,0.9888431,0.011144538,1.2383882e-05
1874,MR048994,glioma,0,1,0.9905408,0.009425028,3.4076344e-05
1875,MR048994,glioma,0,1,0.9520434,0.0479126,4.3933942e-05
1876,MR048994,glioma,0,1,0.8969819,0.10294697,7.1097995e-05
1877,MR048994,glioma,0,1,0.83416486,0.16581756,1.764983e-05
1878,MR048994,glioma,0,1,0.41698465,0.5829836,3.1787717e-05
1881,MR049142,glioma,0,1,0.6414599,0.33234635,0.026193801
1882,MR049142,glioma,0,1,0.5329826,0.4574186,0.0095988065
1883,MR049142,glioma,0,1,0.18062939,0.81166124,0.007709394
1884,MR049142,glioma,0,1,0.2304577,0.7605041,0.009038141
1885,MR048994B,glioma,0,1,0.99999344,5.6283267e-07,5.9397366e-06
1886,MR048994B,glioma,0,1,0.9999962,5.615582e-07,3.2365408e-06
1887,MR048994B,glioma,0,1,0.9999963,1.23431e-06,2.4973988e-06
1888,MR048994B,glioma,0,1,0.9999969,1.5858312e-06,1.5059363e-06
1889,MR048994B,glioma,0,1,0.99999774,1.9468664e-06,3.6073385e-07
1890,MR048994B,glioma,0,1,0.9999856,1.3197638e-05,1.194952e-06
1891,MR048994B,glioma,0,1,0.9998776,0.00012077157,1.724425e-06
1892,MR048994B,glioma,0,1,0.99764746,0.0023513064,1.213989e-06
1974,MR050791B,glioma,0,1,0.9296627,0.06250899,0.007828276
1975,MR050791B,glioma,0,1,0.9229158,0.058960184,0.018123996
1976,MR050791B,glioma,0,1,0.8426773,0.039320253,0.11800242
1977,MR050791B,glioma,0,1,0.93844974,0.03517611,0.02637414
1978,MR050791B,glioma,0,1,0.99221593,0.0047763796,0.003007648
1979,MR050791B,glioma,0,1,0.99649364,0.00321571,0.00029067078
1980,MR050791B,glioma,0,1,0.99886835,0.0010661191,6.558576e-05
1981,MR050791B,glioma,0,1,0.9977915,0.0018464021,0.00036205963
1982,MR050791B,glioma,0,1,0.9972121,0.0024257815,0.0003621242
1983,MR050791B,glioma,0,1,0.9988589,0.0011007794,4.021451e-05
2061,MR052550,glioma,0,1,0.99987376,7.076048e-05,5.5454428e-05
2062,MR052550,glioma,0,1,0.9999616,2.4108589e-05,1.4348211e-05
2063,MR052550,glioma,0,1,0.9999262,2.946907e-05,4.4312503e-05
2064,MR052550,glioma,0,1,0.9999627,1.2782735e-05,2.450806e-05
2083,MR047953C,glioma,0,1,0.9877949,0.00021118643,0.01199399
2084,MR047953C,glioma,0,1,0.9984515,2.2041602e-05,0.0015265354
2085,MR047953C,glioma,0,1,0.9996747,3.5537896e-06,0.00032179724
2086,MR047953C,glioma,0,1,0.9997154,5.1292554e-06,0.0002794953
2104,MR050687C,glioma,0,1,0.9774383,0.021292996,0.0012686714
2105,MR050687C,glioma,0,1,0.9995359,5.017486e-05,0.00041390077
2106,MR050687C,glioma,0,1,0.999067,0.00012802155,0.0008050248
2107,MR050687C,glioma,0,1,0.99325776,1.2596268e-05,0.0067296745
2108,MR050687C,glioma,0,1,0.9990478,2.0987542e-05,0.0009312686
2144,MR024780D,glioma,0,1,0.9999951,3.4041047e-06,1.4698161e-06
2145,MR024780D,glioma,0,1,0.99998975,1.5894734e-06,8.729483e-06
2241,MR033389B,glioma,0,1,0.9989466,0.0010305685,2.2835571e-05
2242,MR048994,glioma,0,1,0.9822052,0.017788678,6.0702437e-06
2243,MR048994,glioma,0,1,0.8430735,0.1569003,2.6216312e-05
2247,MR049142,glioma,0,1,0.75310767,0.21689366,0.029998656
2248,MR049142,glioma,0,1,0.29409194,0.6303117,0.07559633
2249,MR049142,glioma,0,1,0.7878125,0.18968505,0.02250246
2250,MR048994B,glioma,0,1,0.9999939,4.979279e-06,1.0208562e-06
2251,MR048994B,glioma,0,1,0.9999846,8.520116e-06,6.857999e-06
2252,MR048994B,glioma,0,1,0.9999831,6.085931e-06,1.0852699e-05
2253,MR048994B,glioma,0,1,0.9999609,3.60846e-06,3.553294e-05
2317,MR050791B,glioma,0,1,0.9944266,0.0055439034,2.9571347e-05
2318,MR050791B,glioma,0,1,0.99293715,0.0069780573,8.4757645e-05
2319,MR050791B,glioma,0,1,0.98236173,0.017595222,4.296715e-05
2320,MR050791B,glioma,0,1,0.96909845,0.030858625,4.3008236e-05
2344,MR033389B,glioma,0,1,0.99674183,0.0032253573,3.2776214e-05
2345,MR033389B,glioma,0,1,0.9647034,0.03528568,1.0941225e-05
2346,MR033389B,glioma,0,1,0.984248,0.015751008,9.2444685e-07
2347,MR033389B,glioma,0,1,0.9641089,0.03587586,1.5279604e-05
2348,MR033389B,glioma,0,1,0.9899115,0.010078308,1.0089664e-05
2410,MR048297,glioma,0,1,0.9999746,6.6294106e-06,1.8687051e-05
2411,MR048297,glioma,0,1,0.9999547,4.25924e-05,2.69418e-06
2412,MR048297,glioma,0,1,0.99993026,4.504984e-05,2.4651235e-05
2413,MR048297,glioma,0,1,0.999188,8.6784625e-05,0.0007251373
2414,MR048297,glioma,0,1,0.99985766,3.176815e-05,0.00011051868
2435,MR048994,glioma,0,1,0.8681572,0.1318374,5.3896847e-06
2436,MR048994,glioma,0,1,0.88889295,0.111088045,1.9018093e-05
2437,MR048994,glioma,0,1,0.83136976,0.16861118,1.917038e-05
2438,MR048994,glioma,0,1,0.6410984,0.3588724,2.9171346e-05
2439,MR048994,glioma,0,1,0.75982666,0.24016774,5.5705978e-06
2440,MR048994,glioma,0,1,0.7008016,0.29918516,1.321152e-05
2441,MR048994,glioma,0,1,0.8295848,0.17024748,0.00016770222
2487,MR033389B,glioma,0,1,0.9998702,0.00012790947,1.8674564e-06
2488,MR033389B,glioma,0,1,0.99995184,4.7422185e-05,7.4303074e-07
2489,MR033389B,glioma,0,1,0.99999475,5.134507e-06,1.0185363e-07
2490,MR033389B,glioma,0,1,0.99939024,0.0006090377,6.565928e-07
2491,MR033389B,glioma,0,1,0.99923694,0.0007606024,2.543972e-06
2492,MR033389B,glioma,0,1,0.99951124,0.00048526027,3.4876814e-06
2493,MR033389B,glioma,0,1,0.99952304,0.00046662858,1.0403186e-05
2494,MR033389B,glioma,0,1,0.99698323,0.002954107,6.2597006e-05
2495,MR033389B,glioma,0,1,0.99968076,0.0003100183,9.347772e-06
2589,MR052550,glioma,0,1,0.99998796,5.4607035e-06,6.5741074e-06
2590,MR052550,glioma,0,1,0.99999666,9.33438e-07,2.3739713e-06
2591,MR052550,glioma,0,1,0.99999976,1.4887827e-07,1.716917e-07
2592,MR052550,glioma,0,1,0.99999666,6.889038e-07,2.6038708e-06
2593,MR052550,glioma,0,1,0.9999865,1.1705181e-06,1.2235457e-05
2594,MR052550,glioma,0,1,0.9999695,2.4329678e-05,6.20051e-06
2612,MR047953C,glioma,0,1,0.99907136,0.00041475642,0.0005139341
2613,MR047953C,glioma,0,1,0.9991604,0.00055155886,0.0002879966
2614,MR047953C,glioma,0,1,0.9980116,0.0014443839,0.0005438852
2615,MR047953C,glioma,0,1,0.99770564,0.00016943418,0.0021248676
2616,MR047953C,glioma,0,1,0.9831449,0.0040853764,0.01276981
2634,MR050687C,glioma,0,1,0.9998441,2.2567863e-05,0.00013337223
2635,MR050687C,glioma,0,1,0.9999653,6.9672305e-06,2.7723021e-05
2636,MR050687C,glioma,0,1,0.99998546,5.948527e-06,8.538995e-06
2637,MR050687C,glioma,0,1,0.9999155,3.8768834e-05,4.5813267e-05
2638,MR050687C,glioma,0,1,0.9995121,2.054188e-05,0.00046745792
2639,MR050687C,glioma,0,1,0.9998031,6.63657e-05,0.00013055505
2640,MR050687C,glioma,0,1,0.99998057,1.715457e-05,2.2103995e-06
2641,MR049242C,glioma,0,1,0.99998224,1.2207326e-05,5.6207514e-06
2642,MR049242C,glioma,0,1,0.9999516,2.669676e-05,2.1653927e-05
2643,MR049242C,glioma,0,1,0.9999926,4.9423193e-06,2.464458e-06
2644,MR049242C,glioma,0,1,0.99969923,0.00024512998,5.56202e-05
2645,MR049242C,glioma,0,1,0.99977964,0.00016136155,5.9028866e-05
2646,MR053241C,glioma,0,1,0.9998894,0.00010703303,3.5730384e-06
2647,MR053241C,glioma,0,1,0.99998677,1.25907545e-05,5.571244e-07
2648,MR053241C,glioma,0,1,0.99995446,2.4857007e-05,2.0647882e-05
2649,MR053241C,glioma,0,1,0.9999695,5.63951e-06,2.4955476e-05
2680,MR024780D,glioma,0,1,0.99999034,5.87114e-06,3.845874e-06
2681,MR024780D,glioma,0,1,0.99998593,1.9658867e-06,1.2212844e-05
2750,MR024780D,glioma,0,1,0.9993099,0.00018884537,0.0005013094
2751,MR024780D,glioma,0,1,0.9994461,0.00019910543,0.00035486295
2752,MR024780D,glioma,0,1,0.9999039,8.484617e-05,1.1260198e-05
2821,MR033389B,glioma,0,1,0.99984574,0.00015088265,3.3302517e-06
2823,MR048297,glioma,0,1,0.64753157,0.35246304,5.3138792e-06
2824,MR048297,glioma,0,1,0.998638,0.0013612257,8.7320564e-07
2825,MR048297,glioma,0,1,0.9990245,0.00097530475,2.0374546e-07
2826,MR048297,glioma,0,1,0.9968215,0.0031776545,7.925033e-07
2827,MR048297,glioma,0,1,0.9992531,0.0007462362,6.244351e-07
2828,MR048297,glioma,0,1,0.99987507,0.0001246947,2.602751e-07
2829,MR048297,glioma,0,1,0.99996924,3.0385392e-05,3.933343e-07
2830,MR048297,glioma,0,1,0.9999839,1.5622058e-05,4.6667012e-07
2846,MR048994,glioma,0,1,0.99094,0.008916542,0.00014353746
2847,MR048994,glioma,0,1,0.067790754,0.9321737,3.559304e-05
2848,MR048994,glioma,0,1,0.10218924,0.8977842,2.6510115e-05
2849,MR048994,glioma,0,1,0.8421853,0.15775947,5.5218952e-05
2850,MR048994,glioma,0,1,0.8447662,0.15523252,1.217164e-06
2851,MR048994,glioma,0,1,0.43025544,0.569738,6.588236e-06
2852,MR048994,glioma,0,1,0.31512505,0.6848708,4.2248557e-06
2853,MR048994,glioma,0,1,0.46555468,0.53444296,2.3318853e-06
2858,MR049142,glioma,0,1,0.30211186,0.30968305,0.38820508
2859,MR049142,glioma,0,1,0.65831935,0.3407599,0.0009207191
2860,MR049142,glioma,0,1,0.54262674,0.45576024,0.0016130137
2861,MR048994B,glioma,0,1,0.99997413,2.2199297e-06,2.3623763e-05
2862,MR048994B,glioma,0,1,0.99909663,2.0761894e-05,0.0008826027
2863,MR048994B,glioma,0,1,0.9999089,6.620778e-05,2.4853172e-05
2864,MR048994B,glioma,0,1,0.99997365,1.8739682e-05,7.5886046e-06
2865,MR048994B,glioma,0,1,0.9999678,2.14101e-05,1.07202895e-05
2906,MR050791B,glioma,0,1,0.37762126,0.62221396,0.00016478404
2907,MR050791B,glioma,0,1,0.8629243,0.13706256,1.3200486e-05
2908,MR050791B,glioma,0,1,0.80232227,0.19764917,2.861889e-05
2909,MR050791B,glioma,0,1,0.27390698,0.7260727,2.029666e-05
2910,MR050791B,glioma,0,1,0.53859216,0.46137476,3.3090593e-05
2911,MR050791B,glioma,0,1,0.38140446,0.6185816,1.3958328e-05
2912,MR050791B,glioma,0,1,0.19283968,0.8069118,0.0002484681
2913,MR050791B,glioma,0,1,0.5111346,0.48539913,0.0034662576
2975,MR052550,glioma,0,1,0.9999362,2.672373e-05,3.7119105e-05
2976,MR052550,glioma,0,1,0.99987125,3.6648606e-05,9.212615e-05
2977,MR052550,glioma,0,1,0.9999683,2.3737286e-05,8.031258e-06
2978,MR052550,glioma,0,1,0.9999666,2.3959221e-05,9.390855e-06
2979,MR052550,glioma,0,1,0.999461,0.0003345826,0.00020450186
2980,MR052550,glioma,0,1,0.99782467,0.0003142468,0.0018611327
2981,MR052550,glioma,0,1,0.9984774,2.4435298e-05,0.001498211
2982,MR052550,glioma,0,1,0.999582,3.4218494e-06,0.000414579
3014,MR050687C,glioma,0,1,0.9293514,0.07064083,7.799482e-06
3015,MR050687C,glioma,0,1,0.9993412,0.00065137324,7.3300985e-06
3016,MR050687C,glioma,0,1,0.99931026,0.00050133927,0.00018847104
3017,MR050687C,glioma,0,1,0.99968684,0.00025421535,5.901072e-05
3018,MR050687C,glioma,0,1,0.9989962,0.0008850535,0.00011868667
3019,MR050687C,glioma,0,1,0.99985945,0.000103417915,3.7121496e-05
3031,MR033389B,glioma,0,1,0.982688,0.017175646,0.00013634216
3032,MR033389B,glioma,0,1,0.9987165,0.0012775884,5.940247e-06
3033,MR033389B,glioma,0,1,0.9994734,0.0005113392,1.5211984e-05
3034,MR033389B,glioma,0,1,0.9997898,0.00019563473,1.4606427e-05
3035,MR033389B,glioma,0,1,0.99975747,4.3777585e-05,0.00019878092
3036,MR033389B,glioma,0,1,0.9999219,1.5699736e-05,6.230899e-05
3037,MR033389B,glioma,0,1,0.99987614,6.6209526e-05,5.7639263e-05
3038,MR033389B,glioma,0,1,0.99830616,0.001356488,0.0003373368
3064,88510,meningioma,1,1,0.11448661,0.88473827,0.0007750459
16,101127,meningioma,1,2,1.2421928e-05,0.015199179,0.9847884
17,101127,meningioma,1,2,0.0010042741,0.8699699,0.12902583
18,101127,meningioma,1,2,7.288685e-05,0.9977189,0.0022081553
19,101127,meningioma,1,2,0.05020411,0.1604062,0.78938967
27,102675,meningioma,1,2,0.026026515,0.97337264,0.000600775
28,102714,meningioma,1,2,0.0018370856,0.6147566,0.3834063
29,102714,meningioma,1,2,0.00020996646,0.9823172,0.017472811
30,102714,meningioma,1,2,1.0698707e-06,0.9855886,0.014410332
31,102714,meningioma,1,2,7.452524e-06,0.98996323,0.010029334
49,104281,meningioma,1,2,0.4148031,0.58357185,0.001625038
50,104281,meningioma,1,2,0.19917776,0.8002393,0.0005828272
51,104281,meningioma,1,2,0.08138272,0.9183724,0.00024492192
52,104281,meningioma,1,2,0.093936175,0.90599084,7.298519e-05
53,104281,meningioma,1,2,0.22518729,0.77469283,0.00011982908
54,104281,meningioma,1,2,0.0013108216,0.9986438,4.5382138e-05
55,104281,meningioma,1,2,0.014682437,0.9850472,0.00027033634
58,105555,meningioma,1,2,0.38737944,0.6123666,0.0002539685
62,106284,meningioma,1,2,0.0010882799,0.96620196,0.032709867
63,106284,meningioma,1,2,0.18921219,0.7909308,0.019857021
64,106284,meningioma,1,2,0.010877099,0.95281404,0.03630888
65,106284,meningioma,1,2,0.010409839,0.97958803,0.010002089
66,106284,meningioma,1,2,0.0006555505,0.99535215,0.0039922576
73,106665,meningioma,1,2,0.85465467,0.13826972,0.007075612
74,106665,meningioma,1,2,0.47077096,0.5286772,0.0005518086
75,106665,meningioma,1,2,0.003764456,0.99619967,3.5872796e-05
76,106665,meningioma,1,2,0.072184205,0.92780274,1.3104137e-05
77,106665,meningioma,1,2,0.51582307,0.4841739,3.0178542e-06
78,106665,meningioma,1,2,0.34179145,0.6581833,2.5248397e-05
79,106665,meningioma,1,2,0.00021561286,0.9997837,6.7060546e-07
87,106914,meningioma,1,2,0.0012906428,0.9725255,0.026183857
88,106914,meningioma,1,2,0.007830318,0.78168553,0.21048409
89,106914,meningioma,1,2,0.0014402542,0.14623815,0.8523216
90,106914,meningioma,1,2,0.30880398,0.60765886,0.08353719
111,108550,meningioma,1,2,0.0026603362,0.23686847,0.7604711
112,108550,meningioma,1,2,0.00023422895,0.0662752,0.93349063
128,111366,meningioma,1,2,0.0031439187,0.7637271,0.23312894
129,111366,meningioma,1,2,0.0016816364,0.16447458,0.8338438
130,111366,meningioma,1,2,0.003308087,0.25008482,0.74660707
131,111366,meningioma,1,2,0.082015656,0.6051948,0.31278956
139,112062,meningioma,1,2,0.0103884265,0.98961055,1.0634105e-06
140,112062,meningioma,1,2,0.0006835003,0.99931395,2.452943e-06
141,112062,meningioma,1,2,1.8790957e-05,0.99998057,5.6795267e-07
142,112252,meningioma,1,2,0.20733811,0.79222953,0.0004323331
143,112252,meningioma,1,2,0.10119367,0.89879787,8.4352905e-06
227,101127,meningioma,1,2,0.00528163,0.13416372,0.86055464
228,101127,meningioma,1,2,0.00010718364,0.011000629,0.98889214
229,101127,meningioma,1,2,1.8163704e-05,0.008627444,0.9913544
230,101127,meningioma,1,2,0.00028940494,0.0028647105,0.9968459
240,102675,meningioma,1,2,0.8605022,0.13453619,0.00496164
241,102675,meningioma,1,2,0.16792762,0.8211922,0.010880207
242,102714,meningioma,1,2,0.0010684927,0.91478,0.08415143
243,102714,meningioma,1,2,6.694529e-06,0.9973265,0.0026668897
244,102714,meningioma,1,2,0.00304403,0.99331033,0.0036456215
245,102714,meningioma,1,2,0.0063023176,0.98562187,0.008075768
275,104281,meningioma,1,2,0.04822644,0.95157266,0.00020090131
276,104281,meningioma,1,2,0.070977435,0.9289482,7.42863e-05
277,104281,meningioma,1,2,0.30399725,0.6955068,0.0004958681
278,104281,meningioma,1,2,0.7996108,0.20030019,8.899136e-05
279,104281,meningioma,1,2,0.53855574,0.46120775,0.00023649134
280,104281,meningioma,1,2,0.6923673,0.30726475,0.0003679641
283,105555,meningioma,1,2,0.0028763278,0.99592113,0.0012025911
284,105555,meningioma,1,2,0.25530332,0.74430984,0.00038675446
285,105555,meningioma,1,2,0.8992004,0.10074807,5.159125e-05
290,106284,meningioma,1,2,0.036072135,0.34540614,0.6185217
291,106284,meningioma,1,2,0.023690488,0.33383018,0.64247936
292,106284,meningioma,1,2,0.05114617,0.9039384,0.04491541
293,106284,meningioma,1,2,0.8668353,0.035317097,0.097847655
299,106665,meningioma,1,2,0.0022823,0.99531376,0.0024040386
300,106665,meningioma,1,2,0.49154043,0.5081498,0.00030971627
301,106665,meningioma,1,2,0.004394164,0.9952437,0.00036207246
302,106665,meningioma,1,2,0.00012239366,0.9998486,2.8991719e-05
303,106665,meningioma,1,2,0.0047919843,0.99488527,0.00032273927
311,106914,meningioma,1,2,0.0058663446,0.99259233,0.0015413477
312,106914,meningioma,1,2,2.4523626e-05,0.9996012,0.00037428405
313,106914,meningioma,1,2,0.07544377,0.9219002,0.0026560132
314,106914,meningioma,1,2,0.00023530233,0.999421,0.0003437227
332,108550,meningioma,1,2,0.5168202,0.46165287,0.021526966
333,108550,meningioma,1,2,0.19292764,0.7966713,0.0104011
353,111366,meningioma,1,2,0.18303385,0.79270595,0.024260178
354,111366,meningioma,1,2,0.033492908,0.88856536,0.07794168
355,111366,meningioma,1,2,0.0038909686,0.6930173,0.30309173
356,111366,meningioma,1,2,0.050267912,0.8940776,0.055654537
366,112062,meningioma,1,2,0.34436387,0.6554829,0.00015322994
367,112062,meningioma,1,2,0.111623265,0.8883652,1.1501732e-05
368,112062,meningioma,1,2,0.0014633262,0.9985159,2.0653937e-05
369,112062,meningioma,1,2,0.555802,0.44353426,0.00066375313
370,112252,meningioma,1,2,0.49340346,0.50038385,0.0062126457
371,112252,meningioma,1,2,0.0008549549,0.99828845,0.0008566464
452,100920,meningioma,1,2,0.01961692,0.97454405,0.0058390414
453,100920,meningioma,1,2,1.0222418e-05,0.9930521,0.0069377427
454,100920,meningioma,1,2,0.054476023,0.5890917,0.35643226
461,101127,meningioma,1,2,0.000710913,0.046037536,0.95325154
462,101127,meningioma,1,2,0.0042467634,0.03794773,0.9578055
463,101127,meningioma,1,2,9.689377e-05,0.33070543,0.6691976
464,101127,meningioma,1,2,0.01341416,0.15996514,0.8266207
478,102675,meningioma,1,2,0.094301336,0.90548134,0.00021742027
479,102675,meningioma,1,2,0.7565277,0.24331756,0.0001547133
480,102714,meningioma,1,2,0.83469224,0.16493163,0.0003760841
481,102714,meningioma,1,2,0.009626484,0.98581994,0.004553662
482,102714,meningioma,1,2,0.00063176407,0.75263953,0.24672875
483,102714,meningioma,1,2,0.022089576,0.96753234,0.0103781065
484,102714,meningioma,1,2,0.386293,0.14668982,0.4670172
510,104281,meningioma,1,2,6.5912773e-06,0.9999908,2.5976722e-06
511,104281,meningioma,1,2,7.824058e-05,0.9998766,4.5127832e-05
512,104281,meningioma,1,2,7.296565e-06,0.99998856,4.1663916e-06
513,104281,meningioma,1,2,0.010446846,0.98926115,0.0002920255
514,104695,meningioma,1,2,0.04694235,0.9530243,3.32332e-05
515,104695,meningioma,1,2,0.7029573,0.2968979,0.0001447705
516,104695,meningioma,1,2,0.30832982,0.6896475,0.002022633
518,105555,meningioma,1,2,0.43951955,0.5577397,0.0027407939
519,105555,meningioma,1,2,0.6202063,0.3783719,0.0014217894
523,106284,meningioma,1,2,0.017689805,0.63703525,0.34527496
524,106284,meningioma,1,2,0.009485762,0.86168635,0.12882784
525,106284,meningioma,1,2,0.01106094,0.9732719,0.015667155
526,106284,meningioma,1,2,0.0007345205,0.9954145,0.0038509343
533,106665,meningioma,1,2,0.4371094,0.56193805,0.00095255027
534,106665,meningioma,1,2,0.0071313153,0.99285275,1.5968315e-05
535,106665,meningioma,1,2,0.00035294716,0.9996289,1.809173e-05
536,106665,meningioma,1,2,0.0010004481,0.99894434,5.520604e-05
537,106665,meningioma,1,2,0.00011589731,0.99980086,8.3365056e-05
538,106665,meningioma,1,2,0.0053086784,0.9943137,0.00037765002
539,106665,meningioma,1,2,0.008136486,0.9916665,0.00019706863
543,106914,meningioma,1,2,0.0053009707,0.24053825,0.75416076
544,106914,meningioma,1,2,0.003150287,0.9453261,0.051523667
545,106914,meningioma,1,2,0.0021525365,0.98680717,0.011040297
546,106914,meningioma,1,2,0.014080427,0.9853116,0.0006079757
547,106914,meningioma,1,2,0.00019240458,0.999627,0.00018054666
548,106914,meningioma,1,2,0.00055645604,0.9989542,0.00048937596
549,106914,meningioma,1,2,0.031263586,0.8961064,0.07263002
569,108550,meningioma,1,2,0.020935502,0.9130836,0.065980904
570,108550,meningioma,1,2,0.16248189,0.77171075,0.065807335
577,109350,meningioma,1,2,0.012024769,0.95784366,0.03013148
578,109350,meningioma,1,2,0.017340314,0.72500354,0.2576561
584,110808,meningioma,1,2,0.057763215,0.94147444,0.0007623336
585,110808,meningioma,1,2,0.9125385,0.08745382,7.6385495e-06
589,111366,meningioma,1,2,0.19546133,0.80433214,0.00020653283
590,111366,meningioma,1,2,0.05010199,0.94982666,7.130364e-05
591,111366,meningioma,1,2,0.00083367934,0.9980672,0.0010990943
592,111366,meningioma,1,2,0.0073915124,0.9921485,0.00046000682
597,111710,meningioma,1,2,0.92882717,0.06790841,0.0032644225
598,111710,meningioma,1,2,0.32333934,0.6751282,0.0015324723
603,112062,meningioma,1,2,0.21546015,0.78443813,0.00010169589
604,112062,meningioma,1,2,0.06031091,0.9394586,0.00023042552
605,112062,meningioma,1,2,0.17253163,0.7233136,0.104154795
606,112252,meningioma,1,2,0.015482486,0.98368007,0.00083751976
607,112252,meningioma,1,2,0.01560525,0.49302143,0.49137333
655,114417,meningioma,1,2,0.6619305,0.33792678,0.00014276686
656,114417,meningioma,1,2,0.04574703,0.954089,0.00016398153
657,114417,meningioma,1,2,0.20416015,0.7520553,0.043784622
658,114417,meningioma,1,2,0.018124117,0.4670217,0.5148542
693,99162,meningioma,1,2,0.15078524,0.8425243,0.0066904807
694,99162,meningioma,1,2,0.17261735,0.73849094,0.088891715
695,99162,meningioma,1,2,0.008673924,0.078353524,0.9129725
799,90284,glioma,0,2,0.77589506,0.12875488,0.095350154
800,90284,glioma,0,2,0.98457366,0.006969196,0.008457155
801,90284,glioma,0,2,0.964303,0.03549447,0.00020257571
802,90284,glioma,0,2,0.9005856,0.09299824,0.006416179
803,90284,glioma,0,2,0.9693396,0.021088855,0.00957146
804,90284,glioma,0,2,0.42263407,0.39927137,0.17809464
805,90284,glioma,0,2,0.5916354,0.27439082,0.13397378
806,90284,glioma,0,2,0.98464715,0.0109896045,0.0043632383
809,93825,glioma,0,2,0.9987336,0.0008030136,0.00046337355
810,93825,glioma,0,2,0.9726307,0.022962537,0.0044068266
811,93825,glioma,0,2,0.94576645,0.053663038,0.00057052245
870,90284,glioma,0,2,0.50255436,0.35739386,0.14005175
871,90284,glioma,0,2,0.0033505473,0.9879616,0.008687813
872,90284,glioma,0,2,0.93384635,0.05201915,0.014134438
873,90284,glioma,0,2,0.03877047,0.35143036,0.60979915
874,90284,glioma,0,2,0.002559471,0.04700755,0.95043296
875,90284,glioma,0,2,0.21980451,0.7673416,0.012853838
876,90284,glioma,0,2,0.9435453,0.00088261947,0.05557211
877,90284,glioma,0,2,0.99854517,0.00045299286,0.001001779
878,90284,glioma,0,2,0.96111995,0.03712899,0.0017510775
879,90284,glioma,0,2,0.9222655,0.060562473,0.017172074
880,90284,glioma,0,2,0.8295207,0.060181364,0.11029788
888,93825,glioma,0,2,0.9620076,0.037007537,0.0009849031
889,93825,glioma,0,2,0.97847855,0.021186758,0.0003347192
890,93825,glioma,0,2,0.9996111,0.00016183237,0.00022707069
891,93825,glioma,0,2,0.9997428,3.420992e-05,0.00022302542
946,107743,pituitary,2,2,1.7093392e-07,4.7002955e-05,0.9999528
947,107743,pituitary,2,2,2.0498376e-07,2.057837e-05,0.99997926
948,107743,pituitary,2,2,2.7235828e-07,3.156325e-05,0.9999682
949,107743,pituitary,2,2,4.9972357e-07,0.00016083654,0.9998386
1003,112746,pituitary,2,2,0.00021564815,0.006390779,0.9933936
1004,112746,pituitary,2,2,9.7150034e-05,0.0010238239,0.998879
1005,112746,pituitary,2,2,4.9060578e-05,0.0016850783,0.9982659
1015,114040,pituitary,2,2,1.5021493e-05,0.0002528544,0.9997321
1016,114040,pituitary,2,2,5.685691e-05,0.0009190902,0.99902403
1017,114040,pituitary,2,2,1.2636475e-05,6.572791e-05,0.9999217
1018,114361,pituitary,2,2,4.260634e-06,3.3660376e-06,0.9999924
1019,114361,pituitary,2,2,2.6634357e-06,1.4555387e-05,0.99998283
1020,114361,pituitary,2,2,3.7851918e-05,0.00016001538,0.9998022
1030,101029,pituitary,2,2,0.00010902925,0.025354847,0.9745361
1031,101029,pituitary,2,2,2.308138e-05,0.011245711,0.9887312
1032,101029,pituitary,2,2,2.94648e-06,0.0009166957,0.9990803
1033,101029,pituitary,2,2,0.00020617618,0.021325694,0.9784681
1059,107743,pituitary,2,2,9.130658e-08,1.2563851e-06,0.9999987
1060,107743,pituitary,2,2,5.004878e-07,5.1360526e-06,0.9999944
1061,107743,pituitary,2,2,7.5968404e-07,1.2226352e-05,0.999987
1062,107743,pituitary,2,2,6.897287e-07,2.5608391e-05,0.99997365
1063,107743,pituitary,2,2,1.3185851e-07,2.840129e-05,0.9999715
1064,107743,pituitary,2,2,1.1136833e-06,0.00012067712,0.99987817
1140,112746,pituitary,2,2,7.6190014e-07,1.1033506e-05,0.9999882
1141,112746,pituitary,2,2,2.3231114e-06,3.7199409e-06,0.9999939
1142,112746,pituitary,2,2,4.602941e-06,1.5116604e-05,0.99998033
1143,112746,pituitary,2,2,4.8641705e-06,1.0828943e-05,0.99998426
1154,114040,pituitary,2,2,2.7172325e-06,4.596646e-06,0.9999927
1155,114040,pituitary,2,2,4.1370213e-06,2.2706576e-05,0.9999732
1156,114040,pituitary,2,2,8.8278375e-06,3.6438367e-05,0.9999547
1157,114361,pituitary,2,2,4.6703252e-07,1.37261095e-05,0.9999858
1158,114361,pituitary,2,2,1.7727363e-06,1.6485974e-06,0.99999654
1159,114361,pituitary,2,2,7.6938495e-06,5.831887e-06,0.9999865
1160,114361,pituitary,2,2,1.4627847e-05,2.9146211e-05,0.99995625
1194,107743,pituitary,2,2,0.0001139605,1.0090618e-05,0.9998759
1195,107743,pituitary,2,2,1.4908009e-05,2.5900445e-05,0.99995923
1196,107743,pituitary,2,2,5.804231e-07,3.3180706e-06,0.99999607
1197,107743,pituitary,2,2,2.0233801e-06,5.054481e-07,0.9999975
1256,112746,pituitary,2,2,1.2272653e-07,9.0646574e-07,0.9999989
1257,112746,pituitary,2,2,7.331733e-08,3.627293e-05,0.99996364
1258,112746,pituitary,2,2,9.207502e-06,2.3726034e-05,0.9999671
1259,112746,pituitary,2,2,5.6872555e-08,3.6220758e-06,0.9999963
1260,112746,pituitary,2,2,2.211857e-07,3.8035225e-07,0.9999994
1273,114040,pituitary,2,2,0.00010762367,2.9265599e-05,0.99986315
1274,114040,pituitary,2,2,0.00015019547,1.034004e-05,0.9998394
1275,114040,pituitary,2,2,0.00072810287,0.0004510463,0.99882084
1276,114361,pituitary,2,2,1.870961e-09,0.001437661,0.9985624
1277,114361,pituitary,2,2,1.3029089e-07,0.00029248165,0.9997074
1278,114361,pituitary,2,2,8.3814946e-08,0.00023222603,0.9997677
1283,101029,pituitary,2,2,0.0002089551,0.0041404115,0.9956506
1284,101029,pituitary,2,2,7.998658e-05,0.0014159515,0.99850404
1317,103582,pituitary,2,2,2.7932987e-05,0.0029808301,0.99699116
1318,103582,pituitary,2,2,0.00075976556,0.008043546,0.99119675
1319,103582,pituitary,2,2,2.0414762e-05,0.0023331929,0.9976464
1320,103582,pituitary,2,2,8.390798e-07,0.002391739,0.99760735
1321,103582,pituitary,2,2,2.0951181e-06,0.0005066546,0.9994912
1322,103582,pituitary,2,2,0.0018002882,0.0009277869,0.99727196
1348,104019,pituitary,2,2,6.9072053e-06,0.00043393119,0.9995591
1349,104019,pituitary,2,2,3.4677478e-06,3.2409546e-06,0.9999933
1350,104019,pituitary,2,2,1.0400696e-05,7.920835e-06,0.99998164
1351,104019,pituitary,2,2,1.149297e-05,5.240491e-06,0.9999833
1352,104558,pituitary,2,2,0.0007523515,0.003963329,0.9952844
1353,104558,pituitary,2,2,0.00063677446,0.0011767417,0.9981864
1354,104558,pituitary,2,2,1.12727785e-05,0.0030719102,0.9969168
1355,104558,pituitary,2,2,3.0678918e-06,0.009994565,0.9900024
1356,104558,pituitary,2,2,8.6822155e-08,0.19539526,0.80460465
1357,104558,pituitary,2,2,8.23696e-07,0.9473807,0.052618496
1358,104558,pituitary,2,2,2.19093e-05,0.78079844,0.21917965
1359,104558,pituitary,2,2,4.33611e-05,0.07127189,0.9286848
1395,97461,pituitary,2,2,0.0013722255,0.0007212909,0.99790645
1396,97461,pituitary,2,2,1.1190717e-06,4.1278705e-05,0.99995756
1397,97461,pituitary,2,2,8.326731e-08,0.00016524478,0.99983466
1398,97461,pituitary,2,2,3.2762262e-06,5.667069e-05,0.99994004
1399,97461,pituitary,2,2,6.2253343e-06,0.00020183815,0.9997919
1400,97461,pituitary,2,2,9.515639e-06,0.002472247,0.9975183
1401,97461,pituitary,2,2,5.613441e-07,3.5401983e-05,0.999964
1402,97461,pituitary,2,2,0.0002523946,0.00035738957,0.99939024
1403,97461,pituitary,2,2,2.3965762e-05,3.9731913e-05,0.99993634
1410,97890,pituitary,2,2,1.4401937e-06,5.6533587e-05,0.99994206
1411,97890,pituitary,2,2,7.202441e-08,2.1133652e-05,0.9999788
1412,97890,pituitary,2,2,0.00010345829,6.449019e-05,0.99983203
1413,97890,pituitary,2,2,6.6833823e-06,7.143372e-06,0.9999862
1424,98871,pituitary,2,2,1.1493552e-06,0.0012148251,0.998784
1425,98871,pituitary,2,2,2.9925482e-07,0.0010039553,0.9989957
1426,98871,pituitary,2,2,1.0140963e-07,0.00011657978,0.9998833
1427,98871,pituitary,2,2,1.2063841e-05,0.00035567617,0.99963224
1428,98871,pituitary,2,2,4.2915503e-06,0.00020412264,0.99979156
1429,98871,pituitary,2,2,6.3477687e-06,3.1821706e-05,0.99996185
1462,101029,pituitary,2,2,4.632107e-06,5.085926e-07,0.9999949
1463,101029,pituitary,2,2,1.3747185e-06,2.9870894e-06,0.9999956
1464,101029,pituitary,2,2,1.103932e-06,1.1655987e-06,0.99999774
1465,101029,pituitary,2,2,1.2858469e-05,2.418083e-05,0.9999629
1466,101029,pituitary,2,2,6.6430573e-07,2.8585623e-06,0.9999964
1467,101029,pituitary,2,2,1.489533e-06,2.3647537e-05,0.99997485
1506,103582,pituitary,2,2,1.3642511e-08,9.584816e-06,0.99999034
1507,103582,pituitary,2,2,6.699377e-08,1.978721e-05,0.9999801
1508,103582,pituitary,2,2,1.6050919e-08,4.7195022e-05,0.9999528
1509,103582,pituitary,2,2,3.3075386e-07,4.0790455e-05,0.9999589
1510,103582,pituitary,2,2,1.3568725e-06,0.000448613,0.99955004
1533,104019,pituitary,2,2,1.7816173e-07,4.4746732e-05,0.99995506
1534,104019,pituitary,2,2,4.3664576e-07,0.00021075593,0.9997888
1535,104019,pituitary,2,2,1.6232408e-07,3.2495685e-05,0.99996734
1536,104019,pituitary,2,2,1.8331193e-06,6.465322e-05,0.9999335
1537,104019,pituitary,2,2,9.824159e-07,7.658923e-06,0.9999914
1538,104558,pituitary,2,2,1.526026e-06,1.2132839e-05,0.9999863
1539,104558,pituitary,2,2,1.1429295e-06,0.00043427176,0.9995646
1540,104558,pituitary,2,2,1.8820418e-05,0.00017832966,0.9998029
1541,104558,pituitary,2,2,3.0179742e-06,0.0018745939,0.9981224
1542,104558,pituitary,2,2,2.3842358e-07,0.0010901117,0.9989096
1543,104558,pituitary,2,2,1.7360526e-06,0.4663544,0.53364384
1544,104558,pituitary,2,2,3.3496462e-06,0.00010410758,0.9998925
1581,97461,pituitary,2,2,6.1461225e-07,1.7106926e-05,0.99998224
1582,97461,pituitary,2,2,1.9544775e-08,9.4964736e-07,0.99999905
1583,97461,pituitary,2,2,2.7195761e-09,4.6937867e-08,1.0
1584,97461,pituitary,2,2,2.5320157e-08,7.2740946e-08,0.9999999
1585,97461,pituitary,2,2,6.361834e-08,4.8452588e-08,0.9999999
1586,97461,pituitary,2,2,3.7895532e-07,5.075289e-07,0.99999917
1587,97461,pituitary,2,2,4.185512e-06,6.2913966e-07,0.99999523
1588,97461,pituitary,2,2,1.1025898e-07,3.1713924e-07,0.9999995
1596,97890,pituitary,2,2,2.0076578e-07,2.4516885e-07,0.9999995
1597,97890,pituitary,2,2,2.5541314e-07,6.3322335e-07,0.99999917
1598,97890,pituitary,2,2,9.927837e-07,3.8066366e-06,0.99999523
1599,97890,pituitary,2,2,4.469e-08,6.733522e-07,0.9999993
1609,98871,pituitary,2,2,2.6161706e-07,2.709414e-07,0.9999995
1610,98871,pituitary,2,2,2.8219079e-06,1.2661823e-06,0.99999595
1611,98871,pituitary,2,2,4.743044e-09,7.250677e-07,0.9999993
1612,98871,pituitary,2,2,4.8663073e-06,4.3874884e-06,0.9999907
1613,98871,pituitary,2,2,1.1299342e-06,2.161515e-06,0.99999666
1614,98871,pituitary,2,2,4.2265497e-06,1.1037992e-05,0.99998474
1615,98871,pituitary,2,2,7.404788e-07,2.2270608e-06,0.999997
1644,101029,pituitary,2,2,1.7353354e-07,2.9930595e-07,0.9999995
1645,101029,pituitary,2,2,1.7673859e-08,1.6019477e-07,0.9999999
1646,101029,pituitary,2,2,5.7655836e-09,1.8250812e-07,0.99999976
1647,101029,pituitary,2,2,1.517615e-09,9.7710725e-08,0.9999999
1648,101029,pituitary,2,2,2.2543418e-06,9.3053524e-07,0.9999968
1649,101029,pituitary,2,2,2.534229e-07,2.0775117e-06,0.9999976
1650,101029,pituitary,2,2,1.2775756e-07,2.32799e-06,0.9999975
1692,103582,pituitary,2,2,1.9267382e-08,1.5127255e-06,0.99999845
1693,103582,pituitary,2,2,4.098265e-08,1.3834653e-05,0.9999862
1694,103582,pituitary,2,2,2.9046744e-08,4.5166803e-06,0.99999547
1695,103582,pituitary,2,2,7.792869e-07,3.3998713e-05,0.9999652
1696,103582,pituitary,2,2,4.3246036e-08,2.2156546e-06,0.99999774
1697,103582,pituitary,2,2,8.408753e-08,9.2273604e-07,0.99999905
1698,103582,pituitary,2,2,1.0012333e-06,1.253949e-06,0.99999774
1699,103582,pituitary,2,2,1.3702312e-07,4.5068264e-05,0.9999548
1721,104019,pituitary,2,2,1.2341715e-06,0.00027202093,0.9997267
1722,104019,pituitary,2,2,1.3438826e-07,2.6653097e-05,0.9999732
1723,104019,pituitary,2,2,8.2751484e-08,5.2622607e-05,0.9999473
1724,104019,pituitary,2,2,3.1071525e-06,6.0875114e-05,0.999936
1725,104558,pituitary,2,2,5.8780344e-05,6.018573e-06,0.99993515
1726,104558,pituitary,2,2,0.00041338048,0.00027074112,0.99931586
1727,104558,pituitary,2,2,3.3642922e-05,0.00047019523,0.9994961
1728,104558,pituitary,2,2,1.7033982e-06,6.105816e-05,0.9999372
1729,104558,pituitary,2,2,7.1827264e-07,4.011428e-05,0.9999591
1730,104558,pituitary,2,2,5.8849087e-06,8.3679275e-05,0.9999105
1731,104558,pituitary,2,2,1.2932082e-06,0.0005883604,0.9994104
1732,104558,pituitary,2,2,1.9140069e-05,1.2291467e-05,0.9999685
1733,104558,pituitary,2,2,0.005054638,0.00038471617,0.99456066
1773,97461,pituitary,2,2,1.9930208e-07,2.1004595e-05,0.9999788
1774,97461,pituitary,2,2,2.241791e-09,1.7616027e-06,0.9999982
1775,97461,pituitary,2,2,7.936328e-07,3.1334996e-05,0.9999678
1776,97461,pituitary,2,2,3.2249574e-07,1.0057341e-05,0.9999896
1777,97461,pituitary,2,2,1.3279745e-07,8.154124e-05,0.99991834
1778,97461,pituitary,2,2,1.5921634e-06,0.00025084775,0.9997476
1779,97461,pituitary,2,2,9.1183057e-07,0.00043818634,0.9995609
1780,97461,pituitary,2,2,1.2236296e-05,0.0004989696,0.99948883
1789,97890,pituitary,2,2,1.6164073e-08,3.1575396e-06,0.9999968
1790,97890,pituitary,2,2,5.1727547e-09,3.6138645e-06,0.9999964
1791,97890,pituitary,2,2,3.3401072e-08,5.7181645e-05,0.9999428
1792,97890,pituitary,2,2,4.889667e-07,1.285745e-05,0.99998665
1793,97890,pituitary,2,2,2.3514122e-08,1.747534e-05,0.9999825
1794,97890,pituitary,2,2,1.2494139e-08,5.1785315e-07,0.9999995
1806,98871,pituitary,2,2,5.4868582e-05,5.7542158e-05,0.9998876
1807,98871,pituitary,2,2,2.1999833e-05,0.00013993944,0.999838
1808,98871,pituitary,2,2,5.0267065e-08,4.748924e-05,0.99995244
1809,98871,pituitary,2,2,9.4952907e-07,0.0001264484,0.99987257
1810,98871,pituitary,2,2,0.00031595925,0.0002044458,0.9994796
1811,98871,pituitary,2,2,1.1835885e-05,8.058048e-05,0.9999076
1812,98871,pituitary,2,2,1.0081854e-06,6.631842e-05,0.99993265
1853,MR048294B,glioma,0,2,0.9998541,9.672151e-06,0.00013624117
1854,MR048621B,glioma,0,2,0.94755995,0.002159153,0.05028086
1855,MR048621B,glioma,0,2,0.9935575,0.00047020608,0.0059722587
1856,MR048621B,glioma,0,2,0.98908967,0.00013532588,0.010774973
1857,MR048621B,glioma,0,2,0.99710923,0.00025970483,0.0026310706
1858,MR048621B,glioma,0,2,0.99879515,0.0008209234,0.0003838853
1859,MR048621B,glioma,0,2,0.99967134,0.00027441938,5.427012e-05
1860,MR048621B,glioma,0,2,0.99666375,0.0032245498,0.00011173777
1861,MR048621B,glioma,0,2,0.99767,0.0022110401,0.00011892996
1879,MR049104,glioma,0,2,0.99870205,0.0005385916,0.0007593092
1880,MR049104,glioma,0,2,0.9999701,1.519215e-05,1.4740853e-05
1945,MR048294B,glioma,0,2,0.9997904,6.34737e-06,0.00020338011
1946,MR048294B,glioma,0,2,0.9999684,3.518596e-06,2.8034041e-05
1947,MR048294B,glioma,0,2,0.99999416,1.5211994e-06,4.3200753e-06
1948,MR048621B,glioma,0,2,0.98388124,0.005490719,0.010628046
1949,MR048621B,glioma,0,2,0.7862435,0.006690119,0.2070664
1998,MR051461,glioma,0,2,0.9999968,2.782549e-06,4.3477928e-07
1999,MR051461,glioma,0,2,0.9999989,1.0688857e-06,1.5803224e-08
2000,MR051461,glioma,0,2,0.99999785,2.1292144e-06,2.9721123e-08
2001,MR051461,glioma,0,2,0.99999714,2.75226e-06,5.98784e-08
2002,MR051461,glioma,0,2,0.99999917,8.934292e-07,2.915926e-08
2003,MR051461,glioma,0,2,0.9999982,1.6615556e-06,6.8062725e-08
2004,MR051461,glioma,0,2,0.9999889,1.1145627e-05,2.904312e-08
2012,MR051461B,glioma,0,2,0.99945825,0.0005397316,2.0405826e-06
2013,MR051461B,glioma,0,2,0.9999566,4.3441865e-05,2.219118e-08
2014,MR051461B,glioma,0,2,0.99534756,0.0046521826,2.4901348e-07
2015,MR051461B,glioma,0,2,0.9983943,0.0016054916,1.3997096e-07
2016,MR051461B,glioma,0,2,0.9995383,0.0004615488,9.8974944e-08
2017,MR051644,glioma,0,2,0.46245953,0.5284223,0.009118132
2018,MR051644,glioma,0,2,0.3247947,0.43121928,0.24398598
2019,MR051644,glioma,0,2,0.8552514,0.14383917,0.0009094401
2020,MR051644,glioma,0,2,0.3724472,0.62670827,0.00084453047
2021,MR051644,glioma,0,2,0.95081306,0.0491791,7.832934e-06
2022,MR051644,glioma,0,2,0.9951467,0.0048493766,3.9319675e-06
2023,MR051644,glioma,0,2,0.99594396,0.0040424163,1.367346e-05
2024,MR051644,glioma,0,2,0.97858894,0.014653643,0.006757516
2025,MR051644,glioma,0,2,0.9874213,0.0080258865,0.0045528254
2026,MR051644,glioma,0,2,0.9539766,0.018925853,0.027097499
2027,MR051644,glioma,0,2,0.9867443,0.012563406,0.000692332
2028,MR051644,glioma,0,2,0.99882716,0.0009522603,0.0002205327
2029,MR051644,glioma,0,2,0.99939597,0.0004913022,0.000112657166
2030,MR051644,glioma,0,2,0.99580956,0.0040830285,0.00010746493
2031,MR051644,glioma,0,2,0.80371535,0.1954649,0.0008197333
2038,MR051796,glioma,0,2,0.9999995,2.328815e-07,2.4538312e-07
2039,MR051796,glioma,0,2,0.9999994,5.472997e-08,5.676503e-07
2040,MR051796,glioma,0,2,0.9999995,8.654393e-08,3.2316365e-07
2041,MR051796,glioma,0,2,0.99999905,7.900103e-07,7.145691e-08
2042,MR051796,glioma,0,2,0.99999726,2.752292e-06,5.438085e-08
2043,MR051796,glioma,0,2,0.9998983,0.00010163284,1.5386853e-08
2044,MR051796,glioma,0,2,0.99693394,0.0030658345,2.7269343e-07
2058,MR051796B,glioma,0,2,0.99997866,2.0371922e-07,2.1130485e-05
2059,MR051796B,glioma,0,2,0.9997305,5.4694547e-06,0.0002640254
2060,MR051796B,glioma,0,2,0.9998609,2.53604e-06,0.0001366215
2087,MR053110B,glioma,0,2,0.95295984,0.00502716,0.042012937
2088,MR053110B,glioma,0,2,0.9908851,0.0072131087,0.0019017444
2089,MR053110B,glioma,0,2,0.9993136,0.0004940428,0.00019234075
2090,MR053110B,glioma,0,2,0.9999236,3.8943577e-05,3.7473823e-05
2091,MR053110B,glioma,0,2,0.99999285,2.9870498e-06,4.2068673e-06
2092,MR053110B,glioma,0,2,0.9999815,1.4842063e-05,3.6190286e-06
2100,MR054875,glioma,0,2,0.9986578,0.00027239922,0.001069784
2101,MR054875,glioma,0,2,0.9998983,2.8824145e-06,9.879494e-05
2102,MR054875,glioma,0,2,0.9998845,2.36973e-05,9.183316e-05
2103,MR054875,glioma,0,2,0.99952936,5.103105e-05,0.00041963486
2128,MR053110E,glioma,0,2,0.90700006,0.00044171436,0.09255821
2129,MR053110E,glioma,0,2,0.35349864,0.0016186303,0.6448828
2130,MR053110E,glioma,0,2,0.9996032,0.00017398459,0.00022280635
2131,MR053110E,glioma,0,2,0.99935776,0.00025655582,0.00038562473
2132,MR053110E,glioma,0,2,0.9998685,1.4985366e-05,0.000116469826
2133,MR053110E,glioma,0,2,0.9996604,1.8012195e-05,0.00032169506
2186,MR037458C,glioma,0,2,0.6817052,0.034172192,0.28412265
2187,MR037458C,glioma,0,2,0.9598425,0.0013046382,0.038852837
2188,MR037458C,glioma,0,2,0.99519795,0.0045341477,0.00026789794
2189,MR037458C,glioma,0,2,0.99996805,1.8217092e-05,1.3700455e-05
2190,MR037458C,glioma,0,2,0.9999461,3.9006227e-05,1.493374e-05
2191,MR037458C,glioma,0,2,0.999995,3.6175902e-06,1.4337262e-06
2192,MR037458C,glioma,0,2,0.9991447,0.00084248703,1.282826e-05
2193,MR037458C,glioma,0,2,0.9999753,2.2167178e-05,2.4647163e-06
2194,MR037458C,glioma,0,2,0.89201516,0.10680896,0.0011758514
2195,MR037458C,glioma,0,2,0.9999707,2.824552e-05,1.1138796e-06
2244,MR049104,glioma,0,2,0.9999678,2.8349983e-05,3.8242265e-06
2245,MR049104,glioma,0,2,0.9999993,5.827089e-07,1.3169615e-07
2246,MR049104,glioma,0,2,0.99999845,5.5076464e-07,9.586553e-07
2333,MR051461,glioma,0,2,0.99999654,2.9750354e-06,5.3256235e-07
2334,MR051461,glioma,0,2,0.99998236,1.7259394e-05,3.9688217e-07
2335,MR051461,glioma,0,2,0.99980754,0.00019173347,6.7280524e-07
2336,MR051461,glioma,0,2,0.99982303,0.00017519933,1.8161121e-06
2337,MR051461,glioma,0,2,0.99996984,2.7079494e-05,3.1587226e-06
2338,MR051461,glioma,0,2,0.9999982,4.0617098e-07,1.4741639e-06
2339,MR051461,glioma,0,2,0.99999976,6.16021e-08,8.770651e-08
2340,MR051461,glioma,0,2,0.9999989,3.4970572e-07,6.7352215e-07
2341,MR051461,glioma,0,2,0.99999964,3.9239083e-07,5.9118783e-08
2362,MR040240C,glioma,0,2,0.99800795,0.00080306944,0.0011889719
2363,MR040240C,glioma,0,2,0.9999995,1.85123e-07,2.0516941e-07
2364,MR040240C,glioma,0,2,0.99998915,1.0194256e-05,5.492012e-07
2365,MR040240C,glioma,0,2,0.99976796,1.0849081e-05,0.00022124243
2366,MR040240C,glioma,0,2,0.99998283,1.93821e-06,1.531115e-05
2367,MR040240C,glioma,0,2,0.9999622,1.1373049e-06,3.6537607e-05
2368,MR040240C,glioma,0,2,0.9999949,2.1288375e-07,4.850283e-06
2369,MR040240C,glioma,0,2,0.99998176,3.1592363e-06,1.5046509e-05
2370,MR040240C,glioma,0,2,0.9999918,3.1049178e-06,5.1492566e-06
2371,MR040240C,glioma,0,2,0.9999871,7.0228384e-06,5.807736e-06
2372,MR040240C,glioma,0,2,0.9999988,9.209003e-07,2.4180818e-07
2415,MR048294B,glioma,0,2,0.99914515,2.6427256e-07,0.0008546443
2416,MR048294B,glioma,0,2,0.9947895,7.938166e-07,0.0052097
2417,MR048294B,glioma,0,2,0.9999497,9.967143e-07,4.93193e-05
2418,MR048294B,glioma,0,2,0.9999902,2.2895252e-07,9.489524e-06
2419,MR048294B,glioma,0,2,0.9999987,8.410417e-08,1.2155012e-06
2420,MR048621B,glioma,0,2,0.9995384,7.415749e-05,0.00038751058
2421,MR048621B,glioma,0,2,0.9998254,1.6960912e-05,0.00015769068
2422,MR048621B,glioma,0,2,0.99999785,3.5972425e-07,1.7313098e-06
2423,MR048621B,glioma,0,2,0.99856204,5.0475505e-06,0.0014329709
2424,MR048621B,glioma,0,2,0.99971634,1.4573e-06,0.00028225558
2425,MR048621B,glioma,0,2,0.99938774,4.2486366e-07,0.00061172736
2442,MR037458C,glioma,0,2,0.9998865,2.8433184e-05,8.4992396e-05
2509,MR040240C,glioma,0,2,0.9995672,1.3617655e-05,0.00041914062
2510,MR040240C,glioma,0,2,0.9995633,2.2950062e-05,0.00041374398
2511,MR040240C,glioma,0,2,0.9999647,3.4232755e-05,1.1137349e-06
2512,MR040240C,glioma,0,2,0.99998736,1.2002679e-05,5.837003e-07
2513,MR040240C,glioma,0,2,0.99998415,1.3323015e-05,2.5356853e-06
2514,MR040240C,glioma,0,2,0.9997384,0.0002594509,2.1574008e-06
2515,MR040240C,glioma,0,2,0.9938083,0.0061760857,1.5482332e-05
2516,MR040240C,glioma,0,2,0.9998215,1.3283551e-05,0.00016530139
2517,MR040240C,glioma,0,2,0.99983525,3.8361224e-05,0.00012631365
2518,MR040240C,glioma,0,2,0.9998846,0.00010240736,1.299289e-05
2519,MR040240C,glioma,0,2,0.9997224,0.00016467489,0.00011291514
2520,MR040240C,glioma,0,2,0.9981238,0.001819353,5.6811205e-05
2521,MR040240C,glioma,0,2,0.9987924,0.001201055,6.539301e-06
2522,MR040240C,glioma,0,2,0.99818593,0.001720929,9.322225e-05
2523,MR040240C,glioma,0,2,0.9999316,6.5256e-05,3.2391845e-06
2550,MR051461B,glioma,0,2,0.9985399,0.0011913695,0.00026864148
2551,MR051461B,glioma,0,2,0.9987835,0.0010708736,0.00014565804
2552,MR051461B,glioma,0,2,0.96740425,0.031933613,0.00066224416
2553,MR051461B,glioma,0,2,0.999948,4.8701044e-05,3.2346231e-06
2554,MR051644,glioma,0,2,0.9999465,4.570794e-05,7.819065e-06
2555,MR051644,glioma,0,2,0.99967515,0.0003073196,1.7523145e-05
2556,MR051644,glioma,0,2,0.99971193,0.0002844304,3.605897e-06
2557,MR051644,glioma,0,2,0.9998883,0.000110970184,7.6819526e-07
2558,MR051644,glioma,0,2,0.9999591,3.8237467e-05,2.597278e-06
2559,MR051644,glioma,0,2,0.99973994,0.00024801772,1.2071469e-05
2560,MR051644,glioma,0,2,0.9999281,7.015367e-05,1.7150751e-06
2561,MR051644,glioma,0,2,0.99997985,1.8919676e-05,1.1450717e-06
2562,MR051644,glioma,0,2,0.9994419,0.00055738917,7.598009e-07
2563,MR051644,glioma,0,2,0.9999981,1.7962855e-06,1.1009322e-07
2564,MR051644,glioma,0,2,0.9999689,3.10309e-05,1.3482634e-07
2565,MR051644,glioma,0,2,0.9999988,9.100317e-07,2.6325142e-07
2573,MR051796,glioma,0,2,0.9997644,1.6861779e-06,0.00023395245
2574,MR051796,glioma,0,2,0.998784,1.3791895e-06,0.0012145245
2575,MR051796,glioma,0,2,0.99988735,7.1429616e-07,0.000111931346
2576,MR051796,glioma,0,2,0.99992836,3.2269243e-06,6.8388406e-05
2577,MR051796,glioma,0,2,0.99997294,3.860262e-06,2.3295685e-05
2578,MR051796,glioma,0,2,0.9998981,3.591119e-05,6.597927e-05
2586,MR051796B,glioma,0,2,0.9999907,1.7213732e-06,7.667673e-06
2587,MR051796B,glioma,0,2,0.99991655,3.6203693e-07,8.31178e-05
2588,MR051796B,glioma,0,2,0.99998474,1.0856929e-07,1.5166201e-05
2617,MR053110B,glioma,0,2,0.99999535,8.245191e-07,3.7565555e-06
2618,MR053110B,glioma,0,2,0.99999607,2.8847421e-06,1.1150781e-06
2619,MR053110B,glioma,0,2,0.99999845,3.4031874e-08,1.4905629e-06
2620,MR053110B,glioma,0,2,0.9999958,3.2096887e-07,3.8311823e-06
2621,MR053110B,glioma,0,2,0.99999857,1.9830382e-07,1.1586949e-06
2622,MR053110B,glioma,0,2,0.9999887,9.90973e-06,1.4015245e-06
2623,MR053110B,glioma,0,2,0.99999166,7.698277e-06,5.6878935e-07
2664,MR053110E,glioma,0,2,0.99821126,0.0014800313,0.00030869557
2665,MR053110E,glioma,0,2,0.99855894,0.00022919144,0.0012119197
2666,MR053110E,glioma,0,2,0.99722844,0.0027592806,1.2273109e-05
2667,MR053110E,glioma,0,2,0.9978204,0.0010289414,0.0011506965
2668,MR053110E,glioma,0,2,0.9978981,0.001325897,0.000775981
2669,MR053110E,glioma,0,2,0.9999356,3.591651e-05,2.8439326e-05
2670,MR053110E,glioma,0,2,0.9997259,0.0002659693,8.12591e-06
2671,MR053110E,glioma,0,2,0.9998092,0.00018567713,5.0761273e-06
2672,MR053110E,glioma,0,2,0.99906486,0.00090860145,2.6604821e-05
2673,MR053110E,glioma,0,2,0.9994011,0.0005877983,1.1062618e-05
2674,MR053110E,glioma,0,2,0.99744934,0.0025095106,4.1140232e-05
2723,MR037458C,glioma,0,2,0.9999958,7.4018845e-07,3.4100985e-06
2724,MR037458C,glioma,0,2,0.9999666,3.0050163e-05,3.2882551e-06
2725,MR037458C,glioma,0,2,0.9998927,9.9246914e-05,7.930705e-06
2726,MR037458C,glioma,0,2,0.9999492,2.9744562e-05,2.0944884e-05
2727,MR037458C,glioma,0,2,0.9999199,6.8726695e-05,1.1379528e-05
2728,MR037458C,glioma,0,2,0.99998736,6.7982787e-06,5.8413993e-06
2729,MR037458C,glioma,0,2,0.9997336,8.360411e-05,0.0001827118
2730,MR037458C,glioma,0,2,0.9996464,0.00031218652,4.1321622e-05
2738,MR053110E,glioma,0,2,0.9889776,0.010486987,0.0005353071
2739,MR053110E,glioma,0,2,0.9724459,0.011095554,0.01645851
2740,MR053110E,glioma,0,2,0.9997795,4.582399e-05,0.00017477667
2741,MR053110E,glioma,0,2,0.9995894,0.00022580574,0.00018483658
2742,MR053110E,glioma,0,2,0.9966769,0.0032598441,6.324205e-05
2831,MR048294B,glioma,0,2,0.98384607,0.01602457,0.00012933668
2832,MR048294B,glioma,0,2,0.9977683,0.0014835324,0.0007481941
2833,MR048294B,glioma,0,2,0.9999496,1.0768293e-05,3.9749568e-05
2834,MR048294B,glioma,0,2,0.99984515,8.103627e-07,0.00015401584
2835,MR048294B,glioma,0,2,0.999419,1.9835547e-07,0.00058081414
2836,MR048294B,glioma,0,2,0.99993694,2.9293307e-07,6.276534e-05
2837,MR048621B,glioma,0,2,0.99993527,4.3613227e-06,6.033616e-05
2838,MR048621B,glioma,0,2,0.9999982,1.3651353e-06,5.2456613e-07
2839,MR048621B,glioma,0,2,0.99999917,5.0562926e-07,3.740613e-07
2854,MR049104,glioma,0,2,0.99782205,0.00013716245,0.0020408018
2855,MR049104,glioma,0,2,0.9997135,1.6846263e-06,0.00028477338
2856,MR049104,glioma,0,2,0.99989605,4.9741975e-06,9.898588e-05
2857,MR049104,glioma,0,2,0.9999205,6.7485516e-06,7.267891e-05
2918,MR051461,glioma,0,2,0.99999654,3.2893322e-06,8.911442e-08
2919,MR051461,glioma,0,2,0.9999808,1.8370329e-05,8.011724e-07
2920,MR051461,glioma,0,2,0.99952877,0.00046839574,2.8412455e-06
2921,MR051461,glioma,0,2,0.999316,0.000682302,1.7555357e-06
2922,MR051461,glioma,0,2,0.99974436,0.00025290815,2.7463839e-06
2923,MR051461,glioma,0,2,0.9999379,5.4385953e-05,7.731545e-06
2924,MR051461,glioma,0,2,0.99994993,4.1617615e-05,8.404356e-06
2934,MR051644,glioma,0,2,0.99938595,0.0006080523,5.9825775e-06
2935,MR051644,glioma,0,2,0.99884284,0.001104202,5.2965388e-05
2936,MR051644,glioma,0,2,0.9987577,0.0010830426,0.00015916128
2937,MR051644,glioma,0,2,0.9998223,0.00015718913,2.050464e-05
2938,MR051644,glioma,0,2,0.9990558,0.00093959935,4.667804e-06
2939,MR051644,glioma,0,2,0.9999131,6.928216e-05,1.7683817e-05
2940,MR051644,glioma,0,2,0.9991565,0.00069021387,0.00015334247
2941,MR051644,glioma,0,2,0.9981786,0.0018128027,8.528193e-06
2942,MR051644,glioma,0,2,0.99908555,0.00090979785,4.609096e-06
2943,MR051644,glioma,0,2,0.9998869,0.00010634009,6.7967267e-06
2948,MR051796,glioma,0,2,0.9936372,0.0012305704,0.0051322347
2949,MR051796,glioma,0,2,0.999143,0.00012492742,0.0007319767
2950,MR051796,glioma,0,2,0.99987924,8.285306e-05,3.7894348e-05
2951,MR051796,glioma,0,2,0.999353,0.00015106596,0.0004960017
2952,MR051796,glioma,0,2,0.9790292,0.00038445272,0.02058642
2953,MR051796,glioma,0,2,0.7036175,0.0014182057,0.29496428
2954,MR051796,glioma,0,2,0.8662459,0.0006356867,0.13311833
2970,MR051796B,glioma,0,2,0.99854434,1.3931688e-05,0.0014417573
2971,MR051796B,glioma,0,2,0.99990785,8.929614e-06,8.323805e-05
2972,MR051796B,glioma,0,2,0.9996536,1.0979537e-06,0.00034531008
2973,MR051796B,glioma,0,2,0.9999707,5.4942134e-06,2.3871053e-05
2974,MR051796B,glioma,0,2,0.9999598,4.152785e-06,3.6032758e-05
2999,MR053110B,glioma,0,2,0.99975663,0.00013727436,0.00010606252
3000,MR053110B,glioma,0,2,0.99997497,8.034223e-06,1.7033966e-05
3001,MR053110B,glioma,0,2,0.99976295,0.00012708722,0.00011004882
3002,MR053110B,glioma,0,2,0.99950993,1.7536717e-05,0.00047251093
3003,MR053110B,glioma,0,2,0.9991227,0.00082443655,5.291993e-05
3004,MR053110B,glioma,0,2,0.9818279,0.017916711,0.00025538277
3009,MR054875,glioma,0,2,0.92798,0.00029692973,0.071723096
3010,MR054875,glioma,0,2,0.9957568,8.533794e-05,0.004157871
3011,MR054875,glioma,0,2,0.9665822,0.00020321451,0.033214577
3012,MR054875,glioma,0,2,0.9368524,0.0003292256,0.06281836
3013,MR054875,glioma,0,2,0.9981571,0.00010160913,0.0017412442
3030,53669,meningioma,1,2,0.10746443,0.8833956,0.009139949
3042,MR040240C,glioma,0,2,0.99958116,2.7788723e-05,0.00039111378
3043,MR040240C,glioma,0,2,0.9996754,0.00016142367,0.00016318931
3044,MR040240C,glioma,0,2,0.999956,2.0924903e-05,2.3028308e-05
3045,MR040240C,glioma,0,2,0.9790936,0.011542512,0.009363847
3046,MR040240C,glioma,0,2,0.97889096,0.004593074,0.016516028
1,100360,meningioma,1,3,0.9901007,0.004647661,0.005251754
2,100360,meningioma,1,3,0.908702,0.06313067,0.028167315
3,100360,meningioma,1,3,0.98517877,0.007404514,0.0074167126
4,100360,meningioma,1,3,0.9939287,0.005498609,0.000572718
5,100360,meningioma,1,3,0.9979234,0.0020447653,3.1924483e-05
24,102420,meningioma,1,3,0.0546205,0.9406509,0.0047285547
25,102420,meningioma,1,3,0.017741835,0.8119056,0.1703525
42,103925,meningioma,1,3,0.71688825,0.014230527,0.2688813
43,103925,meningioma,1,3,0.31817272,0.37785092,0.30397633
44,103925,meningioma,1,3,0.00043935142,0.007118212,0.9924425
132,111532,meningioma,1,3,0.0335152,0.9664834,1.3413877e-06
133,111532,meningioma,1,3,1.1644023e-06,0.9999988,8.131419e-09
134,111532,meningioma,1,3,1.8795123e-05,0.99998105,1.1577572e-07
135,112002,meningioma,1,3,0.7635142,0.22073182,0.015753964
136,112002,meningioma,1,3,0.55931014,0.43923828,0.0014516707
137,112002,meningioma,1,3,0.9097979,0.08415521,0.0060469066
138,112002,meningioma,1,3,0.84686434,0.14759281,0.00554276
144,112552,meningioma,1,3,0.311838,0.6526992,0.035462838
145,112552,meningioma,1,3,0.0005446946,0.9991184,0.0003369512
146,112552,meningioma,1,3,0.00070644874,0.99912447,0.00016908329
147,112552,meningioma,1,3,0.00056511787,0.99921465,0.0002202197
148,112552,meningioma,1,3,0.016952049,0.9829684,7.956305e-05
149,112552,meningioma,1,3,0.0113664735,0.98839337,0.00024011303
150,112552,meningioma,1,3,0.29841536,0.70143384,0.00015076293
164,114018,meningioma,1,3,0.0007648206,0.991295,0.007940205
165,114018,meningioma,1,3,0.00088908226,0.25742182,0.7416891
166,114018,meningioma,1,3,0.003159107,0.7441939,0.25264695
167,114018,meningioma,1,3,0.0050387587,0.8536451,0.14131616
168,114018,meningioma,1,3,0.12781519,0.8579244,0.014260506
175,97607,meningioma,1,3,0.0021977613,0.9977956,6.6499238e-06
176,97607,meningioma,1,3,1.1192169e-05,0.99998856,1.788193e-07
177,97607,meningioma,1,3,1.7015182e-05,0.9999826,4.0946503e-07
178,97607,meningioma,1,3,1.5617088e-05,0.99998426,1.5009542e-07
179,97607,meningioma,1,3,0.00087113655,0.9991279,9.2683723e-07
187,97943,meningioma,1,3,0.111183114,0.86771566,0.02110126
188,97943,meningioma,1,3,0.102346316,0.89665717,0.0009965479
189,97943,meningioma,1,3,0.00043751198,0.99813396,0.0014286023
190,97943,meningioma,1,3,0.00059393694,0.9977664,0.0016397109
191,97943,meningioma,1,3,0.8424486,0.14105694,0.016494475
211,100360,meningioma,1,3,0.11727862,0.8825385,0.00018279873
212,100360,meningioma,1,3,0.964884,0.03507669,3.9297e-05
213,100360,meningioma,1,3,0.59560335,0.4013631,0.003033567
214,100360,meningioma,1,3,0.98413795,0.015745208,0.000116870935
215,100360,meningioma,1,3,0.99267536,0.007317742,6.824382e-06
216,100360,meningioma,1,3,0.98263067,0.017360272,8.977616e-06
217,100360,meningioma,1,3,0.104860924,0.8950259,0.00011316495
236,102420,meningioma,1,3,0.0033428804,0.9898178,0.006839268
237,102420,meningioma,1,3,0.0026598626,0.9944857,0.0028544737
238,102420,meningioma,1,3,0.00016176386,0.99783474,0.0020034781
261,103925,meningioma,1,3,0.8646648,0.13185588,0.0034793555
262,103925,meningioma,1,3,0.80190593,0.19395117,0.004142919
263,103925,meningioma,1,3,0.52416974,0.45309767,0.022732563
264,103925,meningioma,1,3,0.83648354,0.14528893,0.0182276
265,103925,meningioma,1,3,0.842798,0.14654359,0.010658365
266,103925,meningioma,1,3,0.75631315,0.24042895,0.0032579475
267,103925,meningioma,1,3,0.53458405,0.46423632,0.0011796778
268,103925,meningioma,1,3,0.8195735,0.1791679,0.0012585694
357,111532,meningioma,1,3,0.99375546,0.0059404164,0.0003041428
358,111532,meningioma,1,3,0.9178866,0.07210917,0.0100042205
359,111532,meningioma,1,3,0.39223403,0.607722,4.401032e-05
360,111532,meningioma,1,3,0.36076373,0.63913757,9.8631586e-05
361,111532,meningioma,1,3,0.771747,0.22810978,0.00014321024
362,112002,meningioma,1,3,0.7363059,0.26139525,0.0022988415
363,112002,meningioma,1,3,0.23521894,0.76420647,0.000574575
364,112002,meningioma,1,3,0.1956735,0.8042722,5.434364e-05
365,112002,meningioma,1,3,0.9935309,0.0064276503,4.140902e-05
372,112552,meningioma,1,3,0.0973196,0.8871115,0.015568891
373,112552,meningioma,1,3,0.76708466,0.23120163,0.0017136283
374,112552,meningioma,1,3,0.033635147,0.9623058,0.0040591275
375,112552,meningioma,1,3,0.0019547301,0.9978536,0.000191617
376,112552,meningioma,1,3,0.8884146,0.11129067,0.00029474235
377,112552,meningioma,1,3,0.8923075,0.08424101,0.023451481
378,112552,meningioma,1,3,0.0972817,0.90233445,0.00038395773
395,114018,meningioma,1,3,0.8936584,0.08442252,0.021919003
396,114018,meningioma,1,3,0.4324381,0.050813735,0.51674813
397,114018,meningioma,1,3,0.03565439,0.7200459,0.24429971
398,114018,meningioma,1,3,0.96999526,0.020285226,0.009719592
405,97607,meningioma,1,3,1.9416273e-09,0.9999987,1.3201857e-06
406,97607,meningioma,1,3,1.8829508e-06,0.99999154,6.5721065e-06
407,97607,meningioma,1,3,3.0770896e-06,0.9999943,2.5776822e-06
418,97943,meningioma,1,3,2.2744937e-09,0.99995995,4.0011644e-05
419,97943,meningioma,1,3,1.6617433e-07,0.9999982,1.6669774e-06
420,97943,meningioma,1,3,8.5630445e-06,0.9999913,1.1941084e-07
421,97943,meningioma,1,3,0.0014233931,0.9985763,3.0099955e-07
422,97943,meningioma,1,3,0.2114411,0.78855485,4.085075e-06
442,100360,meningioma,1,3,0.38312826,0.61685324,1.8567238e-05
443,100360,meningioma,1,3,0.76749456,0.23220992,0.00029548505
444,100360,meningioma,1,3,0.7298699,0.27005124,7.883214e-05
445,100360,meningioma,1,3,0.86843437,0.13153084,3.479939e-05
446,100360,meningioma,1,3,0.94475085,0.054604053,0.00064512016
447,100360,meningioma,1,3,0.025615644,0.92504215,0.049342174
474,102420,meningioma,1,3,0.17552413,0.81387967,0.01059624
475,102420,meningioma,1,3,0.24060138,0.72740996,0.031988673
485,102818,meningioma,1,3,0.5350659,0.4465588,0.018375348
486,102818,meningioma,1,3,0.008195707,0.9896423,0.0021619948
487,102818,meningioma,1,3,0.011032262,0.8411821,0.14778565
488,102818,meningioma,1,3,0.9347205,0.006031513,0.059247896
501,103925,meningioma,1,3,0.05763288,0.062809974,0.87955713
502,103925,meningioma,1,3,0.33114052,0.59354836,0.07531116
503,103925,meningioma,1,3,0.40507528,0.54015017,0.05477453
504,103925,meningioma,1,3,0.023152847,0.9634072,0.013439932
593,111532,meningioma,1,3,0.009854759,0.9901433,1.8567752e-06
594,111532,meningioma,1,3,0.001603463,0.9983935,3.096011e-06
595,111532,meningioma,1,3,0.51486874,0.4830841,0.0020471069
599,112002,meningioma,1,3,0.9990552,0.00093184237,1.2971829e-05
600,112002,meningioma,1,3,0.2508938,0.74779284,0.0013133682
601,112002,meningioma,1,3,0.04415208,0.95576346,8.4374464e-05
602,112002,meningioma,1,3,0.042351145,0.9413167,0.016332168
608,112552,meningioma,1,3,0.73144215,0.2680235,0.0005343249
609,112552,meningioma,1,3,0.74502903,0.2540823,0.00088866707
610,112552,meningioma,1,3,0.0005779007,0.99903405,0.00038807542
611,112552,meningioma,1,3,0.020297531,0.97968227,2.025695e-05
612,112552,meningioma,1,3,0.030126268,0.96974677,0.0001269564
613,112552,meningioma,1,3,0.08048193,0.9193736,0.00014453268
614,112552,meningioma,1,3,0.0244153,0.9753552,0.00022952336
619,112650,meningioma,1,3,0.005709545,0.9942882,2.2620322e-06
620,112650,meningioma,1,3,0.11966827,0.8803101,2.1669051e-05
642,114018,meningioma,1,3,0.0005282601,0.6462525,0.35321927
643,114018,meningioma,1,3,5.3291444e-07,0.8269219,0.17307761
644,114018,meningioma,1,3,0.00013641518,0.8558475,0.14401609
645,114018,meningioma,1,3,0.0012594069,0.27893755,0.7198031
646,114018,meningioma,1,3,0.0014085044,0.11173549,0.886856
647,114018,meningioma,1,3,0.017091492,0.058611795,0.9242967
664,97607,meningioma,1,3,0.0074314796,0.9925678,7.212294e-07
665,97607,meningioma,1,3,0.0018606004,0.99801266,0.00012673571
666,97607,meningioma,1,3,0.0005740814,0.9973424,0.0020834217
667,97607,meningioma,1,3,0.5412021,0.42493546,0.03386235
675,97943,meningioma,1,3,0.19020388,0.8097278,6.830618e-05
676,97943,meningioma,1,3,0.33559942,0.6643579,4.2649055e-05
677,97943,meningioma,1,3,0.025633713,0.97434163,2.460896e-05
678,97943,meningioma,1,3,0.2531283,0.71566993,0.031201694
679,97943,meningioma,1,3,0.9590691,0.035019916,0.005910981
712,106062,pituitary,2,3,4.1796534e-06,1.2553927e-06,0.9999945
713,106062,pituitary,2,3,1.1684911e-05,1.791794e-06,0.9999865
714,106062,pituitary,2,3,2.827268e-06,1.3862542e-06,0.9999958
722,102075,glioma,0,3,0.9885492,0.00074882194,0.010702071
723,102075,glioma,0,3,0.98181564,0.0015240934,0.016660314
724,102075,glioma,0,3,0.7744199,0.033597667,0.19198236
761,102075,glioma,0,3,0.9618813,0.037767906,0.00035076606
762,102075,glioma,0,3,0.86066085,0.13894075,0.00039840143
763,102075,glioma,0,3,0.16912106,0.8296782,0.0012007825
812,97609,glioma,0,3,0.9865832,0.013410417,6.353281e-06
813,97609,glioma,0,3,0.8093374,0.19050948,0.00015308571
814,97609,glioma,0,3,0.9191781,0.08080003,2.179295e-05
815,97609,glioma,0,3,0.9784073,0.02155858,3.4085522e-05
816,97609,glioma,0,3,0.99647164,0.003524999,3.3717172e-06
817,97609,glioma,0,3,0.7754943,0.22450271,2.9725263e-06
818,100416,glioma,0,3,0.960729,0.039205026,6.601022e-05
819,100416,glioma,0,3,0.99910635,0.0008908437,2.7412048e-06
820,100416,glioma,0,3,0.99428856,0.005670877,4.04848e-05
821,100416,glioma,0,3,0.9922429,0.0077353814,2.1730224e-05
837,102075,glioma,0,3,0.6430101,0.35514113,0.0018487755
838,102075,glioma,0,3,0.49246207,0.5019434,0.0055944934
839,102075,glioma,0,3,0.833494,0.16646542,4.0502724e-05
844,105653,glioma,0,3,0.0611762,0.9300303,0.0087935
845,105653,glioma,0,3,0.25758868,0.587389,0.15502237
857,108479,glioma,0,3,0.947608,0.0028041895,0.049587794
858,108479,glioma,0,3,0.8388777,0.00118816,0.15993424
904,96587,glioma,0,3,0.97476995,0.025177782,5.231488e-05
905,96587,glioma,0,3,0.98667276,0.01330958,1.7682407e-05
906,96587,glioma,0,3,0.99855095,0.0014469102,2.1997585e-06
907,96587,glioma,0,3,0.99069387,0.00930274,3.4292766e-06
908,97609,glioma,0,3,0.9930188,0.006979797,1.4268886e-06
909,97609,glioma,0,3,0.99913627,0.00086328894,4.4850293e-07
910,97609,glioma,0,3,0.94992465,0.050068934,6.45842e-06
911,97609,glioma,0,3,0.99997437,1.6408008e-05,9.155628e-06
922,106062,pituitary,2,3,0.00018679576,2.6490947e-05,0.9997867
923,106062,pituitary,2,3,1.4761274e-05,2.0259564e-05,0.99996495
924,106062,pituitary,2,3,1.1926182e-06,3.5973962e-06,0.99999523
925,106062,pituitary,2,3,7.729601e-08,1.6880754e-06,0.9999982
939,107505,pituitary,2,3,2.5452802e-05,1.2677734e-07,0.99997437
940,107505,pituitary,2,3,1.7363067e-05,5.2483244e-07,0.9999821
941,107505,pituitary,2,3,6.4543434e-07,3.14566e-08,0.9999993
942,107505,pituitary,2,3,1.5141615e-06,6.524328e-08,0.99999845
943,107505,pituitary,2,3,2.3724754e-06,7.2080155e-09,0.9999976
944,107505,pituitary,2,3,1.9695792e-06,3.9169162e-08,0.999998
945,107505,pituitary,2,3,1.2881927e-05,1.0393583e-07,0.999987
955,108931,pituitary,2,3,7.9437896e-08,7.840007e-07,0.99999917
956,108931,pituitary,2,3,2.5962072e-08,1.1153531e-07,0.9999999
957,108931,pituitary,2,3,6.2403956e-07,1.1451954e-06,0.9999982
958,109471,pituitary,2,3,2.1645377e-05,0.0035404274,0.9964379
959,109471,pituitary,2,3,6.7596244e-05,0.0055156252,0.99441683
960,109471,pituitary,2,3,0.00042572836,0.0008202425,0.998754
961,109471,pituitary,2,3,0.0012372831,0.0020634201,0.9966993
962,109769,pituitary,2,3,2.4871147e-07,4.8380738e-08,0.99999976
963,109769,pituitary,2,3,1.6668326e-07,9.9710704e-08,0.99999976
964,109769,pituitary,2,3,1.33128015e-05,1.6477877e-06,0.999985
965,109769,pituitary,2,3,4.818481e-07,3.5573424e-07,0.99999917
980,111075,pituitary,2,3,0.00012528746,8.473054e-06,0.99986625
981,111075,pituitary,2,3,3.8674207e-05,5.2730143e-06,0.999956
982,111075,pituitary,2,3,1.6599919e-06,1.3088245e-06,0.999997
983,111075,pituitary,2,3,3.8563577e-08,4.033729e-07,0.9999995
984,111075,pituitary,2,3,1.4802616e-07,5.6332596e-09,0.9999999
985,111075,pituitary,2,3,9.319484e-07,1.3490614e-07,0.9999989
994,112074,pituitary,2,3,0.030672215,0.04477249,0.92455536
995,112074,pituitary,2,3,1.4376457e-05,0.07740699,0.92257863
996,112074,pituitary,2,3,2.9484128e-05,0.06812717,0.9318433
997,112074,pituitary,2,3,0.0002520774,0.059528213,0.9402197
1025,101017,pituitary,2,3,2.1160504e-06,7.635401e-06,0.9999902
1026,101017,pituitary,2,3,4.1301252e-08,1.4631958e-07,0.99999976
1027,101017,pituitary,2,3,9.1624855e-08,6.625071e-07,0.9999993
1028,101017,pituitary,2,3,1.2696819e-05,1.2641591e-05,0.9999746
1029,101017,pituitary,2,3,1.2103683e-05,2.6358453e-05,0.9999615
1035,106062,pituitary,2,3,0.00966342,0.00012414892,0.9902124
1036,106062,pituitary,2,3,0.00092855433,9.7674405e-05,0.99897385
1037,106062,pituitary,2,3,0.0055309413,0.0010847232,0.9933843
1038,106062,pituitary,2,3,0.00044417655,6.550773e-05,0.99949026
1039,106062,pituitary,2,3,0.00013054925,7.7393765e-05,0.99979204
1040,106062,pituitary,2,3,0.0017538796,0.00059865555,0.99764746
1041,106062,pituitary,2,3,0.05940283,0.0021704587,0.93842673
1054,107505,pituitary,2,3,4.5637345e-05,9.2494935e-07,0.9999534
1055,107505,pituitary,2,3,4.7476602e-05,1.9393369e-07,0.9999523
1056,107505,pituitary,2,3,0.0016358831,1.01229825e-05,0.9983541
1057,107505,pituitary,2,3,3.7136146e-05,3.6869962e-05,0.999926
1058,107505,pituitary,2,3,0.0014779784,0.00043679756,0.99808526
1070,108931,pituitary,2,3,0.00010363845,3.7730256e-06,0.9998926
1071,108931,pituitary,2,3,0.00014552685,2.2368324e-05,0.99983203
1072,108931,pituitary,2,3,0.00052026083,1.948218e-05,0.9994603
1073,108931,pituitary,2,3,7.2745126e-05,2.1612595e-06,0.99992514
1074,108931,pituitary,2,3,0.00023198126,3.0609775e-05,0.99973744
1075,108931,pituitary,2,3,0.00029701152,2.2555498e-05,0.9996804
1076,108931,pituitary,2,3,0.0004927599,6.2780407e-07,0.9995066
1077,109471,pituitary,2,3,0.00063250633,6.9494236e-05,0.999298
1078,109471,pituitary,2,3,0.0020878362,1.4296754e-05,0.99789786
1079,109471,pituitary,2,3,0.012113826,8.611898e-06,0.9878776
1080,109471,pituitary,2,3,0.0025071425,1.0671962e-05,0.99748224
1081,109471,pituitary,2,3,0.0028729234,6.400493e-06,0.9971207
1082,109471,pituitary,2,3,0.009047677,8.989355e-05,0.9908625
1083,109769,pituitary,2,3,1.2026467e-06,4.004678e-07,0.99999845
1084,109769,pituitary,2,3,1.6485493e-06,5.45468e-07,0.99999785
1085,109769,pituitary,2,3,1.3436039e-06,4.483102e-06,0.99999416
1086,109769,pituitary,2,3,8.837501e-07,1.4226636e-05,0.99998486
1087,109769,pituitary,2,3,2.1601174e-06,1.1922484e-05,0.99998593
1112,111075,pituitary,2,3,9.766105e-05,4.9559515e-07,0.9999019
1113,111075,pituitary,2,3,2.5134344e-05,1.6825701e-06,0.9999732
1114,111075,pituitary,2,3,2.854379e-06,1.1893796e-06,0.99999595
1115,111075,pituitary,2,3,8.0255927e-07,3.6316787e-06,0.9999956
1116,111075,pituitary,2,3,2.6128535e-05,4.336814e-06,0.9999695
1117,111075,pituitary,2,3,0.000105925064,0.00013633148,0.9997577
1129,112074,pituitary,2,3,0.00014543194,0.011427971,0.9884266
1130,112074,pituitary,2,3,0.0015172516,0.015363191,0.98311955
1131,112074,pituitary,2,3,4.9702303e-05,0.0032761332,0.9966742
1132,112074,pituitary,2,3,0.0012172404,0.021337988,0.97744477
1133,112074,pituitary,2,3,0.0099987425,0.0017744487,0.98822683
1169,106062,pituitary,2,3,1.0976107e-05,1.9245442e-06,0.9999871
1170,106062,pituitary,2,3,3.243844e-05,4.784927e-05,0.99991965
1171,106062,pituitary,2,3,0.000187283,0.00010570597,0.99970704
1172,106062,pituitary,2,3,0.0046757315,6.783188e-05,0.99525636
1173,106062,pituitary,2,3,0.0001265456,3.845432e-05,0.999835
1174,106062,pituitary,2,3,3.393118e-05,8.3818095e-06,0.9999577
1175,106062,pituitary,2,3,0.00024251525,1.1287082e-05,0.99974614
1189,107505,pituitary,2,3,0.0013843124,0.00030484077,0.9983108
1190,107505,pituitary,2,3,0.00078169536,0.00045579928,0.9987625
1191,107505,pituitary,2,3,0.014006729,0.00091865205,0.98507464
1192,107505,pituitary,2,3,0.011322578,0.0033041395,0.9853733
1193,107505,pituitary,2,3,1.8072134e-05,0.00016267806,0.9998192
1203,108931,pituitary,2,3,2.6200798e-05,9.040507e-06,0.9999647
1204,108931,pituitary,2,3,5.289832e-06,3.0048213e-05,0.9999647
1205,108931,pituitary,2,3,0.00013995932,6.116661e-05,0.99979883
1206,108931,pituitary,2,3,0.000106457795,0.00073204504,0.9991615
1207,108931,pituitary,2,3,0.00030344134,0.000205166,0.99949133
1208,109471,pituitary,2,3,2.560144e-05,3.679561e-05,0.99993765
1209,109471,pituitary,2,3,1.4230936e-05,8.671184e-06,0.9999771
1210,109471,pituitary,2,3,7.668312e-06,2.9786742e-07,0.999992
1211,109471,pituitary,2,3,4.2251322e-05,2.0885327e-05,0.9999368
1212,109471,pituitary,2,3,1.2485523e-05,9.3704424e-05,0.9998938
1213,109471,pituitary,2,3,1.03232324e-07,9.657028e-07,0.9999989
1214,109769,pituitary,2,3,0.00018858636,0.00019758951,0.9996138
1215,109769,pituitary,2,3,0.00028195305,0.000111875,0.9996062
1216,109769,pituitary,2,3,0.00022321244,1.7869694e-05,0.9997589
1217,109769,pituitary,2,3,0.0012860573,0.00087013433,0.99784374
1218,109769,pituitary,2,3,0.00068491837,0.0022593397,0.99705577
1233,111075,pituitary,2,3,2.2110792e-06,7.3829756e-06,0.99999046
1234,111075,pituitary,2,3,6.232836e-07,1.3530727e-05,0.9999858
1235,111075,pituitary,2,3,7.5859985e-05,8.7565815e-05,0.99983656
1236,111075,pituitary,2,3,0.00069123483,0.00015577456,0.999153
1237,111075,pituitary,2,3,0.0007101584,0.004618159,0.99467164
1246,112074,pituitary,2,3,0.1402241,0.78776443,0.07201148
1247,112074,pituitary,2,3,0.014636132,0.42089826,0.5644656
1248,112074,pituitary,2,3,0.011654527,0.017608065,0.9707374
1249,112074,pituitary,2,3,0.0007994244,0.026093168,0.9731074
1250,112074,pituitary,2,3,0.20874716,0.7517717,0.039481163
1293,101724,pituitary,2,3,3.0858519e-06,5.8545997e-06,0.99999106
1294,101724,pituitary,2,3,1.2739784e-07,1.323772e-07,0.99999976
1310,103478,pituitary,2,3,0.00021922846,0.00033400435,0.9994468
1311,103478,pituitary,2,3,3.7177928e-05,0.0004934394,0.99946934
1312,103478,pituitary,2,3,0.0022156609,0.015314327,0.98247004
1313,103478,pituitary,2,3,0.0015032765,0.0052547925,0.99324185
1314,103478,pituitary,2,3,0.00028895997,0.004353201,0.9953578
1315,103478,pituitary,2,3,0.0004472696,0.047932986,0.95161974
1316,103478,pituitary,2,3,0.025758754,0.0060407934,0.96820045
1340,103837,pituitary,2,3,1.1638354e-07,0.0014440651,0.99855584
1341,103837,pituitary,2,3,5.4817775e-07,8.548941e-05,0.99991393
1342,103837,pituitary,2,3,3.0550066e-07,6.99719e-05,0.99992967
1343,103837,pituitary,2,3,9.185168e-08,1.329562e-05,0.99998665
1344,103837,pituitary,2,3,2.801547e-07,1.4697982e-06,0.9999982
1345,103837,pituitary,2,3,2.3559008e-07,9.721192e-07,0.9999988
1346,103837,pituitary,2,3,3.746113e-07,9.410819e-06,0.9999902
1347,103837,pituitary,2,3,2.0360037e-08,1.7628228e-06,0.9999982
1380,105538,pituitary,2,3,0.31643966,0.67078954,0.012770807
1381,105538,pituitary,2,3,0.044318754,0.9399422,0.015739042
1382,105538,pituitary,2,3,0.039372586,0.3215633,0.6390642
1435,98992,pituitary,2,3,0.00012318685,0.00026593523,0.99961096
1436,98992,pituitary,2,3,0.0006897744,9.212675e-05,0.9992181
1437,98992,pituitary,2,3,0.004066255,0.00016003913,0.99577373
1438,98992,pituitary,2,3,5.267269e-07,0.00033181702,0.99966764
1439,98992,pituitary,2,3,0.7309255,0.00095737586,0.2681171
1440,98992,pituitary,2,3,0.0688468,0.00014146673,0.9310118
1441,98992,pituitary,2,3,0.09717308,0.0014787269,0.90134823
1456,101017,pituitary,2,3,5.2407555e-05,5.9548497e-06,0.9999416
1457,101017,pituitary,2,3,0.0005007301,1.4939461e-05,0.9994843
1458,101017,pituitary,2,3,3.0522613e-05,5.302065e-07,0.999969
1459,101017,pituitary,2,3,4.7537294e-05,3.373547e-06,0.9999491
1460,101017,pituitary,2,3,6.240281e-06,1.0930419e-06,0.9999926
1461,101017,pituitary,2,3,6.891388e-05,1.8528615e-05,0.9999125
1480,101724,pituitary,2,3,2.9655357e-05,1.6030693e-06,0.99996877
1481,101724,pituitary,2,3,0.000820729,3.386702e-06,0.99917585
1482,101724,pituitary,2,3,0.00013775766,3.400937e-07,0.99986184
1498,103478,pituitary,2,3,0.0020548448,0.002194854,0.9957503
1499,103478,pituitary,2,3,0.00013906317,0.00074119086,0.9991197
1500,103478,pituitary,2,3,6.350501e-05,5.798149e-05,0.9998785
1501,103478,pituitary,2,3,3.302642e-06,7.794328e-05,0.9999187
1502,103478,pituitary,2,3,0.00014144347,0.000116224895,0.9997423
1503,103478,pituitary,2,3,0.00030308941,0.0004693875,0.9992275
1504,103478,pituitary,2,3,0.00061042357,4.9097467e-05,0.9993405
1505,103478,pituitary,2,3,0.00041609368,0.00016155529,0.99942243
1528,103837,pituitary,2,3,2.056584e-05,7.436163e-05,0.9999051
1529,103837,pituitary,2,3,8.8635244e-07,8.259764e-06,0.9999908
1530,103837,pituitary,2,3,3.4179783e-07,4.0460494e-05,0.99995923
1531,103837,pituitary,2,3,4.3428963e-06,7.91528e-05,0.99991655
1532,103837,pituitary,2,3,3.1588183e-07,2.3752278e-05,0.9999759
1566,105538,pituitary,2,3,0.0017173479,0.99453306,0.003749577
1567,105538,pituitary,2,3,0.0015756767,0.99837023,5.413156e-05
1621,98992,pituitary,2,3,3.0223076e-05,0.00051187683,0.9994579
1622,98992,pituitary,2,3,9.695326e-05,4.0405997e-05,0.9998627
1623,98992,pituitary,2,3,4.149835e-06,8.9943813e-07,0.999995
1624,98992,pituitary,2,3,0.00015274643,1.3826335e-06,0.99984586
1625,98992,pituitary,2,3,1.4449908e-07,3.9818124e-06,0.9999958
1626,98992,pituitary,2,3,8.550634e-06,0.000121111974,0.9998703
1627,98992,pituitary,2,3,8.009125e-07,1.8570601e-05,0.99998057
1640,101017,pituitary,2,3,7.0443167e-07,2.4907115e-07,0.99999905
1641,101017,pituitary,2,3,2.0785043e-07,2.8458876e-08,0.99999976
1642,101017,pituitary,2,3,0.00039979193,2.4851868e-06,0.9995977
1643,101017,pituitary,2,3,0.001761673,1.0221434e-05,0.99822813
1659,101724,pituitary,2,3,0.0007589713,0.00011284932,0.99912816
1660,101724,pituitary,2,3,1.0794881e-05,0.0009814064,0.9990079
1661,101724,pituitary,2,3,0.0005009907,0.047762744,0.9517363
1662,101724,pituitary,2,3,0.00020283938,0.0031946544,0.99660254
1663,101724,pituitary,2,3,0.00083164824,0.00075202296,0.9984163
1664,101724,pituitary,2,3,0.002140374,0.00027997454,0.99757963
1684,103478,pituitary,2,3,1.4198976e-05,3.562784e-06,0.99998224
1685,103478,pituitary,2,3,6.478328e-07,6.0685085e-07,0.9999987
1686,103478,pituitary,2,3,0.0033906195,5.376147e-05,0.9965557
1687,103478,pituitary,2,3,0.003907241,7.068152e-06,0.99608564
1688,103478,pituitary,2,3,0.0008543755,0.00010553536,0.99904007
1689,103478,pituitary,2,3,6.3730513e-06,1.3240565e-07,0.99999344
1690,103478,pituitary,2,3,1.9715833e-05,2.412348e-06,0.9999778
1691,103478,pituitary,2,3,9.4710485e-06,6.6995807e-07,0.99998987
1714,103837,pituitary,2,3,9.385231e-06,0.005357884,0.9946327
1715,103837,pituitary,2,3,6.4153246e-05,0.007895713,0.99204016
1716,103837,pituitary,2,3,1.8801318e-06,0.00043184037,0.99956626
1717,103837,pituitary,2,3,3.647874e-05,0.0013199674,0.9986436
1718,103837,pituitary,2,3,3.7341048e-05,0.00016190197,0.99980074
1719,103837,pituitary,2,3,2.9359766e-05,0.0006198412,0.99935085
1720,103837,pituitary,2,3,1.495084e-05,0.00044611646,0.999539
1759,105538,pituitary,2,3,0.5641679,0.4308379,0.0049941433
1760,105538,pituitary,2,3,0.18365137,0.80893004,0.0074185375
1819,98992,pituitary,2,3,0.0005690711,0.087350555,0.91208035
1820,98992,pituitary,2,3,1.4649197e-05,0.00034626108,0.99963903
1821,98992,pituitary,2,3,0.00014216358,0.004462268,0.9953956
1822,98992,pituitary,2,3,4.822367e-05,2.0108042e-05,0.9999317
1823,98992,pituitary,2,3,2.0523114e-06,1.4053649e-06,0.99999654
1824,98992,pituitary,2,3,2.7679262e-08,1.7049356e-07,0.99999976
1825,98992,pituitary,2,3,2.1146789e-06,2.1852327e-05,0.99997604
1826,98992,pituitary,2,3,0.0026509436,0.0013999792,0.99594903
1827,98992,pituitary,2,3,2.4381057e-05,4.8058144e-05,0.9999275
1828,98992,pituitary,2,3,1.9789739e-05,4.1081974e-05,0.9999391
1829,98992,pituitary,2,3,4.1440537e-05,1.2540175e-05,0.999946
1893,MR048944B,glioma,0,3,0.99993527,5.609807e-07,6.412078e-05
1894,MR048944B,glioma,0,3,0.999977,1.0813059e-06,2.1931704e-05
1895,MR048944B,glioma,0,3,0.99997866,3.7208918e-06,1.760825e-05
1896,MR048944B,glioma,0,3,0.99999607,2.3954203e-06,1.5542943e-06
1897,MR048944B,glioma,0,3,0.9999964,4.1898238e-07,3.067091e-06
1898,MR048944B,glioma,0,3,0.99999833,3.0393343e-07,1.3470917e-06
1899,MR049358,glioma,0,3,0.99889344,5.1015822e-06,0.0011014527
1900,MR049358,glioma,0,3,0.9694166,2.8087761e-05,0.030555362
1901,MR049358,glioma,0,3,0.99961495,3.597491e-05,0.00034898124
1902,MR049358,glioma,0,3,0.99967766,8.8940295e-05,0.0002333989
1903,MR049358,glioma,0,3,0.9996704,4.111255e-05,0.0002885192
1904,MR049358,glioma,0,3,0.9999559,1.929571e-06,4.2157706e-05
1905,MR049358,glioma,0,3,0.9999486,1.491248e-06,4.9821578e-05
1906,MR049358,glioma,0,3,0.99997294,1.6573973e-06,2.5365798e-05
1907,MR049358,glioma,0,3,0.9999813,7.1729232e-06,1.1554335e-05
1908,MR049358,glioma,0,3,0.9999944,9.900986e-07,4.6089795e-06
1909,MR049104B,glioma,0,3,0.99962306,4.3764016e-05,0.00033317937
1910,MR049104B,glioma,0,3,0.99977344,5.297927e-06,0.00022132465
1911,MR049104B,glioma,0,3,0.99988186,4.5174893e-06,0.00011360374
1912,MR049104B,glioma,0,3,0.99988306,3.9764536e-06,0.00011297918
1913,MR049104B,glioma,0,3,0.99950314,9.486375e-06,0.000487348
1921,MR024780G,glioma,0,3,0.99947256,9.692412e-05,0.00043058637
1922,MR024780G,glioma,0,3,0.9999516,2.759454e-06,4.5687124e-05
1923,MR024780G,glioma,0,3,0.99999857,4.411377e-07,9.724175e-07
1924,MR024780G,glioma,0,3,0.9999949,1.4501367e-06,3.6834706e-06
1925,MR024780G,glioma,0,3,0.99999785,1.7907105e-08,2.0867217e-06
1926,MR024780G,glioma,0,3,0.9999988,1.270246e-08,1.2348288e-06
1927,MR024780G,glioma,0,3,0.9999999,5.3643994e-08,1.0653213e-07
1928,MR024780G,glioma,0,3,0.9999987,1.069484e-06,2.8791524e-07
1929,MR024780G,glioma,0,3,0.99989057,1.5701475e-05,9.3695366e-05
1930,MR024780G,glioma,0,3,0.99974984,2.1964445e-06,0.0002480625
1931,MR024780G,glioma,0,3,0.99997437,5.0339963e-07,2.5102803e-05
1932,MR024780G,glioma,0,3,0.999845,1.8062375e-06,0.00015311353
1933,MR024780G,glioma,0,3,0.9999068,4.3358617e-07,9.279004e-05
1934,MR024780G,glioma,0,3,0.9998636,4.1187163e-06,0.00013216196
1935,MR024780G,glioma,0,3,0.99994826,4.0974023e-06,4.7636142e-05
1936,MR024780G,glioma,0,3,0.9999945,1.7033512e-06,3.7763011e-06
1987,MR026175C,glioma,0,3,0.9951879,0.0006306226,0.0041814386
1988,MR026175C,glioma,0,3,0.99973637,5.9859794e-05,0.00020383573
1989,MR026175C,glioma,0,3,0.99999535,9.09436e-07,3.7071222e-06
1990,MR026175C,glioma,0,3,0.9998155,1.7591163e-05,0.00016685129
1991,MR026175C,glioma,0,3,0.9999198,6.646506e-06,7.35193e-05
1992,MR026175C,glioma,0,3,0.9999274,7.858836e-06,6.469292e-05
1993,MR026175C,glioma,0,3,0.99988365,2.1996264e-05,9.42872e-05
1994,MR026175C,glioma,0,3,0.99997914,4.5955576e-06,1.6270898e-05
1995,MR026175C,glioma,0,3,0.99998355,8.417425e-06,7.990889e-06
1996,MR026175C,glioma,0,3,0.9999825,1.1299725e-05,6.1730602e-06
1997,MR026175C,glioma,0,3,0.9999956,1.0593682e-06,3.3945398e-06
2005,MR051586,glioma,0,3,0.9999901,2.5286972e-06,7.444243e-06
2006,MR051586,glioma,0,3,0.99998975,5.7014677e-06,4.501372e-06
2007,MR051586,glioma,0,3,0.9999894,9.354279e-06,1.277566e-06
2008,MR051586,glioma,0,3,0.99998605,1.3453143e-05,4.3278067e-07
2009,MR051586,glioma,0,3,0.9999962,3.3656463e-06,4.2238318e-07
2010,MR051586,glioma,0,3,0.9999981,1.2260845e-06,7.2451456e-07
2011,MR051586,glioma,0,3,0.99999857,2.687522e-07,1.2275312e-06
2065,MR051644C,glioma,0,3,0.9995291,0.00017886155,0.00029198584
2066,MR051644C,glioma,0,3,0.9996463,4.5451183e-05,0.0003082559
2067,MR051644C,glioma,0,3,0.9999827,1.4089908e-05,3.2504568e-06
2068,MR051644C,glioma,0,3,0.9999851,1.166532e-05,3.2499684e-06
2069,MR051644C,glioma,0,3,0.9998958,1.9312914e-05,8.489242e-05
2070,MR051644C,glioma,0,3,0.99993145,6.2566555e-06,6.229022e-05
2071,MR051644C,glioma,0,3,0.9999324,1.1082621e-05,5.6455403e-05
2072,MR051644C,glioma,0,3,0.99997973,1.0270627e-05,1.0000801e-05
2073,MR051644C,glioma,0,3,0.9999738,1.01780915e-05,1.6056423e-05
2074,MR051644C,glioma,0,3,0.9999957,2.1410403e-06,2.1103124e-06
2075,MR051644C,glioma,0,3,0.99998534,9.390968e-06,5.2178366e-06
2076,MR051644C,glioma,0,3,0.99990654,6.980911e-05,2.3653161e-05
2097,MR054683,glioma,0,3,0.9978258,3.4747536e-05,0.0021394845
2098,MR054683,glioma,0,3,0.99677855,2.2116e-05,0.0031993226
2099,MR054683,glioma,0,3,0.99956506,5.3693284e-06,0.00042954096
2153,MR032322C,glioma,0,3,0.99997544,1.9032552e-05,5.49139e-06
2154,MR032322C,glioma,0,3,0.99992764,2.5872989e-05,4.6474262e-05
2155,MR032322C,glioma,0,3,0.9988374,0.001154336,8.245785e-06
2156,MR032322C,glioma,0,3,0.999801,0.00019688945,2.0921807e-06
2157,MR032322C,glioma,0,3,0.99929285,0.0006997688,7.341511e-06
2158,MR032322C,glioma,0,3,0.9999473,2.351737e-05,2.9162353e-05
2159,MR032322C,glioma,0,3,0.99994504,4.0454574e-06,5.087657e-05
2160,MR032322C,glioma,0,3,0.99951315,0.00016373115,0.00032312868
2161,MR032322C,glioma,0,3,0.99586546,0.0010485523,0.00308603
2162,MR032322C,glioma,0,3,0.99990845,6.120168e-05,3.0411114e-05
2163,MR032322C,glioma,0,3,0.99918646,0.00076825055,4.528273e-05
2164,MR032322C,glioma,0,3,0.9929143,0.004810201,0.0022754113
2165,MR032322C,glioma,0,3,0.976479,0.022862166,0.0006588068
2166,MR037458B,glioma,0,3,0.990227,0.0025430745,0.0072299195
2167,MR037458B,glioma,0,3,0.9950088,0.000492632,0.0044985847
2168,MR037458B,glioma,0,3,0.8983671,0.008857897,0.09277494
2169,MR037458B,glioma,0,3,0.8074191,0.15095268,0.041628238
2170,MR037458B,glioma,0,3,0.4795338,0.50844944,0.01201673
2171,MR037458B,glioma,0,3,0.648948,0.34596837,0.005083676
2172,MR037458B,glioma,0,3,0.3893095,0.61053187,0.00015868341
2173,MR037458B,glioma,0,3,0.79382294,0.20423517,0.0019419501
2174,MR039473,glioma,0,3,0.99991703,6.8008026e-06,7.6160046e-05
2175,MR039473,glioma,0,3,0.999977,7.394372e-07,2.231546e-05
2176,MR039473,glioma,0,3,0.9999652,1.5678712e-06,3.323613e-05
2177,MR039473,glioma,0,3,0.9999778,1.4940048e-06,2.0606443e-05
2178,MR039473,glioma,0,3,0.9999727,1.610172e-05,1.1201078e-05
2206,MR040240B,glioma,0,3,0.9998828,2.2901617e-05,9.433588e-05
2207,MR040240B,glioma,0,3,0.9999789,1.01085425e-05,1.0949795e-05
2208,MR040240B,glioma,0,3,0.9999821,4.9860582e-06,1.2821087e-05
2209,MR040240B,glioma,0,3,0.99995804,2.0963882e-06,3.977125e-05
2210,MR040240B,glioma,0,3,0.99999344,1.2648901e-06,5.237946e-06
2211,MR040240B,glioma,0,3,0.9999994,7.706336e-08,4.221602e-07
2212,MR040240B,glioma,0,3,0.9999974,1.1284444e-06,1.5126922e-06
2213,MR040240B,glioma,0,3,0.99999905,4.9856834e-07,5.007737e-07
2214,MR040240B,glioma,0,3,0.9999981,8.235798e-07,1.0969713e-06
2215,MR040240B,glioma,0,3,0.9999994,5.4265957e-08,5.974567e-07
2237,MR024780B,glioma,0,3,0.99998856,7.7378564e-07,1.0699511e-05
2238,MR024780B,glioma,0,3,0.9999974,7.0908794e-07,1.8700428e-06
2239,MR024780B,glioma,0,3,0.9999956,1.819025e-07,4.2156785e-06
2240,MR024780B,glioma,0,3,0.999998,1.7060866e-08,2.0446407e-06
2254,MR048944B,glioma,0,3,0.99999964,4.169272e-08,3.5489646e-07
2255,MR048944B,glioma,0,3,0.99999845,2.3949713e-08,1.5054002e-06
2256,MR048944B,glioma,0,3,0.9999912,4.2727013e-08,8.851268e-06
2257,MR048944B,glioma,0,3,0.9999974,6.332367e-07,1.9912995e-06
2258,MR048944B,glioma,0,3,0.9999995,1.43624375e-08,5.1884774e-07
2259,MR048944B,glioma,0,3,0.9999913,1.9308468e-06,6.77973e-06
2260,MR048944B,glioma,0,3,0.99999917,2.2704371e-07,5.737448e-07
2261,MR049358,glioma,0,3,0.99999106,8.989745e-06,5.5378873e-08
2262,MR049358,glioma,0,3,0.99999857,1.4134982e-06,1.7408656e-08
2263,MR049358,glioma,0,3,0.99999976,2.0171527e-07,8.599137e-09
2264,MR049358,glioma,0,3,0.99999976,2.2032303e-07,5.113681e-08
2265,MR049358,glioma,0,3,0.99999976,2.726689e-07,5.7910235e-08
2266,MR049358,glioma,0,3,0.9999664,2.1690892e-05,1.1977409e-05
2267,MR049358,glioma,0,3,0.99998987,7.0559886e-06,3.1199281e-06
2268,MR049358,glioma,0,3,0.9999913,7.5928433e-06,1.0449249e-06
2269,MR049358,glioma,0,3,0.99999654,3.4165303e-06,5.7055964e-08
2279,MR024780G,glioma,0,3,0.9999888,1.08289e-05,3.6087587e-07
2280,MR024780G,glioma,0,3,0.9999956,2.5301536e-06,1.9323913e-06
2281,MR024780G,glioma,0,3,0.99999917,7.738414e-08,7.533696e-07
2282,MR024780G,glioma,0,3,0.9999976,3.3826717e-07,2.0433476e-06
2283,MR024780G,glioma,0,3,0.9999949,3.3931456e-06,1.8168573e-06
2284,MR024780G,glioma,0,3,0.9999993,6.2441825e-07,1.7031635e-07
2285,MR024780G,glioma,0,3,0.99999666,3.2794344e-06,5.0916302e-08
2326,MR026175C,glioma,0,3,0.99998045,1.9046302e-05,4.2891958e-07
2327,MR026175C,glioma,0,3,0.99998116,1.846196e-05,3.5422408e-07
2328,MR026175C,glioma,0,3,0.99988604,8.36837e-05,3.024906e-05
2329,MR026175C,glioma,0,3,0.99998295,1.5966814e-05,1.0503253e-06
2330,MR026175C,glioma,0,3,0.9999871,1.1695754e-05,1.1389603e-06
2331,MR026175C,glioma,0,3,0.99997056,2.5063024e-05,4.363057e-06
2332,MR026175C,glioma,0,3,0.99998856,2.8673203e-06,8.577137e-06
2342,MR051586,glioma,0,3,0.99997115,2.6369193e-05,2.4956075e-06
2343,MR051586,glioma,0,3,0.9999615,3.7505954e-05,9.552997e-07
2349,MR024780E,glioma,0,3,0.99999285,4.5823517e-06,2.564399e-06
2373,MR040240D,glioma,0,3,0.9999248,3.1062453e-05,4.4053722e-05
2374,MR040240D,glioma,0,3,0.99998474,5.9007334e-06,9.396875e-06
2375,MR040240D,glioma,0,3,0.9999995,1.5232769e-07,3.7362398e-07
2376,MR040240D,glioma,0,3,0.9999924,1.9769357e-06,5.5528876e-06
2377,MR040240D,glioma,0,3,0.99999464,2.0778186e-06,3.3906474e-06
2378,MR040240D,glioma,0,3,0.9999975,5.7923825e-07,1.9476292e-06
2379,MR040240D,glioma,0,3,0.9999993,2.445208e-07,4.9433584e-07
2380,MR040240D,glioma,0,3,0.99999297,5.0084827e-06,2.0652449e-06
2381,MR040240D,glioma,0,3,0.9999697,2.3819865e-05,6.4261244e-06
2382,MR040240D,glioma,0,3,0.9999298,5.2402338e-05,1.7791052e-05
2383,MR040240D,glioma,0,3,0.99999917,1.1672061e-07,6.7091503e-07
2384,MR017260F,glioma,0,3,0.99994004,2.9421471e-06,5.6954486e-05
2385,MR017260F,glioma,0,3,0.9998884,1.0101317e-05,0.00010137869
2386,MR017260F,glioma,0,3,0.9999591,1.7277338e-05,2.363118e-05
2387,MR017260F,glioma,0,3,0.99997246,7.283704e-06,2.0228325e-05
2388,MR017260F,glioma,0,3,0.99965644,0.0002894478,5.4090484e-05
2389,MR017260F,glioma,0,3,0.9999727,1.3901773e-05,1.3307561e-05
2390,MR017260F,glioma,0,3,0.9999957,1.9146642e-06,2.4291955e-06
2391,MR017260F,glioma,0,3,0.9999988,7.0415814e-07,4.6459616e-07
2392,MR017260F,glioma,0,3,0.99999964,1.0723687e-07,2.438893e-07
2393,MR017260F,glioma,0,3,0.99999857,1.0690413e-06,3.482731e-07
2453,MR040240B,glioma,0,3,0.99982834,6.94063e-05,0.000102218546
2454,MR040240B,glioma,0,3,0.9999856,3.270603e-06,1.1155468e-05
2455,MR040240B,glioma,0,3,0.99993587,5.6624126e-06,5.8355505e-05
2456,MR040240B,glioma,0,3,0.99998856,9.405801e-07,1.0471871e-05
2457,MR040240B,glioma,0,3,0.9999888,8.409148e-06,2.7885435e-06
2458,MR040240B,glioma,0,3,0.99998224,3.6731599e-06,1.40834e-05
2459,MR040240B,glioma,0,3,0.9999392,4.7568657e-05,1.3284862e-05
2460,MR040240B,glioma,0,3,0.99950397,0.00048816123,7.84036e-06
2461,MR040240B,glioma,0,3,0.9999254,7.196555e-05,2.6355149e-06
2462,MR040240B,glioma,0,3,0.9999864,1.3233289e-05,3.6579806e-07
2496,MR024780E,glioma,0,3,0.99999654,2.827413e-06,5.440293e-07
2497,MR024780E,glioma,0,3,0.9999994,3.5626974e-07,2.0741055e-07
2498,MR024780E,glioma,0,3,0.9999999,1.1926635e-08,1.0296793e-07
2524,MR017260F,glioma,0,3,0.9998079,0.00018943836,2.7803017e-06
2525,MR017260F,glioma,0,3,0.9999491,4.9664013e-05,1.1606603e-06
2526,MR017260F,glioma,0,3,0.9985253,0.0014574681,1.7208657e-05
2527,MR017260F,glioma,0,3,0.9986777,0.0013154922,6.740048e-06
2528,MR017260F,glioma,0,3,0.99944407,0.0005521878,3.7323048e-06
2529,MR017260F,glioma,0,3,0.9999517,4.609049e-05,2.147928e-06
2546,MR051586,glioma,0,3,0.99826294,0.0017369789,1.0906336e-07
2547,MR051586,glioma,0,3,0.99998736,1.2567356e-05,6.3316115e-08
2548,MR051586,glioma,0,3,0.99995446,4.5401674e-05,1.744659e-07
2549,MR051586,glioma,0,3,0.9999554,4.425433e-05,3.142615e-07
2595,MR051644C,glioma,0,3,0.9999392,5.8954956e-05,1.7327245e-06
2596,MR051644C,glioma,0,3,0.9998678,0.00013190201,2.2201667e-07
2597,MR051644C,glioma,0,3,0.99998844,1.0260408e-05,1.3479702e-06
2598,MR051644C,glioma,0,3,0.99999595,3.0526653e-06,9.044778e-07
2599,MR051644C,glioma,0,3,0.99999166,7.105383e-06,1.1332339e-06
2600,MR051644C,glioma,0,3,0.9999654,3.4135173e-05,4.5204678e-07
2601,MR051644C,glioma,0,3,0.9999908,9.141557e-06,2.0999648e-08
2602,MR051644C,glioma,0,3,0.99999845,1.1936326e-06,4.133353e-07
2603,MR051644C,glioma,0,3,0.999998,1.3781214e-06,5.511111e-07
2604,MR051644C,glioma,0,3,0.99999464,2.5570237e-06,2.86458e-06
2605,MR051644C,glioma,0,3,0.999992,4.8975917e-06,3.0735396e-06
2606,MR051644C,glioma,0,3,0.9999945,8.4637975e-07,4.6917157e-06
2607,MR051644C,glioma,0,3,0.9999964,1.633903e-06,1.9092645e-06
2631,MR054683,glioma,0,3,0.99999666,2.85303e-07,3.0592246e-06
2632,MR054683,glioma,0,3,0.99995625,3.4632105e-06,4.0286843e-05
2633,MR054683,glioma,0,3,0.9992482,0.0006145874,0.000137184
2688,MR032322C,glioma,0,3,0.99996936,1.5718158e-05,1.4857178e-05
2689,MR032322C,glioma,0,3,0.99990344,9.543146e-05,1.0996157e-06
2690,MR032322C,glioma,0,3,0.99990416,9.5541895e-05,2.0148546e-07
2691,MR032322C,glioma,0,3,0.99984205,0.00015775482,8.0121374e-08
2692,MR032322C,glioma,0,3,0.99904734,0.0009523012,3.2639076e-07
2693,MR032322C,glioma,0,3,0.90634716,0.093652286,5.2755695e-07
2694,MR032322C,glioma,0,3,0.9998691,7.671052e-05,5.411035e-05
2695,MR032322C,glioma,0,3,0.99819857,0.0004271818,0.0013742773
2696,MR032322C,glioma,0,3,0.9999907,8.818815e-06,4.903743e-07
2697,MR032322C,glioma,0,3,0.99997306,2.6808724e-05,9.210289e-08
2698,MR032322C,glioma,0,3,0.9999957,4.2146094e-06,7.3712016e-08
2699,MR032322C,glioma,0,3,0.9998375,0.0001622378,2.436422e-07
2700,MR032322C,glioma,0,3,0.99983275,0.00015929446,7.990461e-06
2701,MR032322C,glioma,0,3,0.99996984,2.9602435e-05,5.9450167e-07
2702,MR037458B,glioma,0,3,0.4539346,0.5456417,0.00042365678
2703,MR037458B,glioma,0,3,0.969518,0.030313982,0.00016801555
2704,MR037458B,glioma,0,3,0.9727906,0.027176883,3.250327e-05
2705,MR037458B,glioma,0,3,0.92829084,0.07163411,7.503353e-05
2706,MR037458B,glioma,0,3,0.95975864,0.040035713,0.00020568162
2707,MR037458B,glioma,0,3,0.8100135,0.18946677,0.00051977165
2708,MR037458B,glioma,0,3,0.720528,0.27920318,0.00026881916
2709,MR037458B,glioma,0,3,0.31994504,0.67957455,0.00048039627
2710,MR039473,glioma,0,3,0.99999785,6.4898495e-07,1.5408637e-06
2711,MR039473,glioma,0,3,0.9998647,1.1269974e-05,0.00012398265
2712,MR039473,glioma,0,3,0.9999989,7.833369e-07,2.2802361e-07
2713,MR039473,glioma,0,3,0.99962723,0.00036898587,3.812457e-06
2758,MR032322C,glioma,0,3,0.99990845,9.058299e-05,1.0010008e-06
2759,MR032322C,glioma,0,3,0.9999298,6.920883e-05,9.484594e-07
2760,MR032322C,glioma,0,3,0.9999535,1.9719866e-05,2.6770696e-05
2761,MR032322C,glioma,0,3,0.975274,0.024021273,0.00070466864
2762,MR032322C,glioma,0,3,0.9995084,0.0003991419,9.2461276e-05
2763,MR032322C,glioma,0,3,0.9999691,2.3259678e-05,7.58878e-06
2764,MR032322C,glioma,0,3,0.99929273,3.676157e-05,0.0006704165
2765,MR032322C,glioma,0,3,0.99998367,1.8700974e-06,1.4414828e-05
2766,MR032322C,glioma,0,3,0.999793,6.220021e-05,0.00014479994
2767,MR032322C,glioma,0,3,0.99997747,4.817951e-06,1.7817727e-05
2768,MR032322C,glioma,0,3,0.999458,0.00032894645,0.00021305203
2769,MR037458B,glioma,0,3,0.99467564,0.0053167553,7.6157976e-06
2770,MR037458B,glioma,0,3,0.986067,0.013913746,1.9272984e-05
2771,MR037458B,glioma,0,3,0.9987527,0.0012395827,7.796618e-06
2772,MR037458B,glioma,0,3,0.99145985,0.0085277315,1.2463348e-05
2773,MR037458B,glioma,0,3,0.83391243,0.16596223,0.00012538029
2774,MR039473,glioma,0,3,0.9999845,5.0635554e-06,1.0543216e-05
2775,MR039473,glioma,0,3,0.99975437,3.6976377e-07,0.00024531843
2776,MR039473,glioma,0,3,0.9999865,1.1112543e-06,1.2382849e-05
2777,MR039473,glioma,0,3,0.99993753,7.253646e-07,6.173557e-05
2778,MR039473,glioma,0,3,0.999912,3.0049108e-08,8.793404e-05
2779,MR039473,glioma,0,3,0.9073304,7.775e-07,0.09266886
2795,MR040240B,glioma,0,3,0.9999958,1.0442363e-06,3.1339985e-06
2796,MR040240B,glioma,0,3,0.99998355,1.10013225e-05,5.5105565e-06
2797,MR040240B,glioma,0,3,0.99995756,3.7514284e-05,4.8405045e-06
2798,MR040240B,glioma,0,3,0.9999746,2.1370754e-05,4.0543177e-06
2799,MR040240B,glioma,0,3,0.99995506,4.1602194e-05,3.3017416e-06
2817,MR024780B,glioma,0,3,0.9999969,1.2030589e-06,1.8516763e-06
2818,MR024780B,glioma,0,3,0.99999404,4.5281895e-06,1.4632327e-06
2819,MR024780B,glioma,0,3,0.9999958,4.0378573e-06,1.463899e-07
2820,MR024780B,glioma,0,3,0.99995124,4.8255246e-05,4.4369636e-07
2866,MR049358,glioma,0,3,0.9999982,1.6311936e-06,1.3989492e-07
2867,MR049358,glioma,0,3,1.0,2.3878915e-08,5.667211e-08
2868,MR049358,glioma,0,3,0.99999976,1.5706535e-08,2.2790336e-07
2869,MR049358,glioma,0,3,0.9999999,1.3460625e-08,1.5248939e-07
2870,MR049358,glioma,0,3,0.9999995,7.421325e-08,4.1663762e-07
2871,MR049358,glioma,0,3,0.999997,5.9518353e-08,2.9644332e-06
2872,MR049358,glioma,0,3,0.99999833,2.0321592e-08,1.6561676e-06
2873,MR049104B,glioma,0,3,0.99996305,7.5371067e-06,2.9397173e-05
2874,MR049104B,glioma,0,3,0.99928564,0.0005877935,0.00012664152
2875,MR049104B,glioma,0,3,0.99994504,4.0087707e-05,1.4854819e-05
2885,MR024780G,glioma,0,3,0.99999976,1.6782502e-07,1.11094955e-07
2886,MR024780G,glioma,0,3,0.9999993,5.610637e-07,1.2738163e-07
2887,MR024780G,glioma,0,3,0.99997723,2.133554e-05,1.3843814e-06
2888,MR024780G,glioma,0,3,0.99999416,4.4568264e-06,1.4431492e-06
2889,MR024780G,glioma,0,3,0.9989471,0.0009405849,0.00011224491
2890,MR024780G,glioma,0,3,0.98256415,0.017383143,5.2763065e-05
2925,MR051586,glioma,0,3,0.9988772,0.0011210791,1.6765271e-06
2926,MR051586,glioma,0,3,0.99999774,2.2571148e-06,3.9384382e-08
2927,MR051586,glioma,0,3,0.99995947,4.0425868e-05,6.616255e-08
2928,MR051586,glioma,0,3,0.99943465,0.00056475546,5.5963994e-07
2929,MR051586,glioma,0,3,0.99952877,0.0004656837,5.6004264e-06
2930,MR051586,glioma,0,3,0.999944,3.940802e-05,1.6600472e-05
2931,MR051586,glioma,0,3,0.9999958,3.8934336e-06,2.4635315e-07
2932,MR051586,glioma,0,3,0.9999981,1.9642466e-06,5.5096585e-08
2933,MR051586,glioma,0,3,0.9999913,2.5099203e-07,8.4596995e-06
2983,MR051644C,glioma,0,3,0.9999907,8.303834e-06,9.4958517e-07
2984,MR051644C,glioma,0,3,0.99999774,2.5054644e-07,2.014998e-06
2985,MR051644C,glioma,0,3,0.999998,1.5886748e-07,1.870028e-06
2986,MR051644C,glioma,0,3,0.9999788,7.98516e-06,1.3193646e-05
2987,MR051644C,glioma,0,3,0.9999628,7.4497956e-07,3.6488393e-05
2988,MR051644C,glioma,0,3,0.99999833,6.7734726e-07,9.815781e-07
2989,MR051644C,glioma,0,3,0.9999975,7.3128234e-07,1.752262e-06
2990,MR051644C,glioma,0,3,0.99998987,5.1838006e-06,4.998032e-06
2991,MR051644C,glioma,0,3,0.9999839,8.196016e-06,7.894744e-06
2992,MR051644C,glioma,0,3,0.99992,7.142787e-05,8.632307e-06
3039,MR024780E,glioma,0,3,0.9999747,1.5254039e-05,1.0025522e-05
3040,MR024780E,glioma,0,3,0.99998605,1.0454362e-05,3.4207e-06
3041,MR024780E,glioma,0,3,0.9999702,2.9052235e-05,7.503091e-07
3047,MR040240D,glioma,0,3,0.99999976,1.0163752e-08,2.242804e-07
3048,MR040240D,glioma,0,3,0.9999995,4.0184993e-08,5.0180273e-07
3049,MR017260F,glioma,0,3,0.99688333,0.0031002236,1.6448237e-05
3050,MR017260F,glioma,0,3,0.999858,0.00014112257,8.042079e-07
3051,MR017260F,glioma,0,3,0.99998844,1.14968e-05,6.3815456e-08
3052,MR017260F,glioma,0,3,0.9999974,2.6527769e-06,1.0038191e-08
3053,MR017260F,glioma,0,3,0.99999917,8.651406e-07,4.306978e-08
3054,MR017260F,glioma,0,3,0.99999297,6.375784e-06,7.4058806e-07
3055,MR017260F,glioma,0,3,0.9999753,1.03955335e-05,1.4320041e-05
20,101797,meningioma,1,4,0.65306896,0.3404111,0.0065199295
21,101797,meningioma,1,4,0.040887337,0.9587125,0.0004001273
22,101797,meningioma,1,4,0.04474431,0.95401216,0.0012434734
23,101797,meningioma,1,4,0.009977259,0.98959166,0.0004310034
56,105374,meningioma,1,4,0.21790883,0.5943657,0.18772545
57,105374,meningioma,1,4,0.024429033,0.2793034,0.69626755
67,106442,meningioma,1,4,0.112619005,0.88548595,0.0018950206
68,106442,meningioma,1,4,0.041393615,0.9585585,4.78739e-05
69,106442,meningioma,1,4,0.0069370116,0.99304163,2.1301708e-05
70,106442,meningioma,1,4,0.25356168,0.746283,0.00015537518
104,108514,meningioma,1,4,0.28361613,0.71420586,0.0021779325
105,108514,meningioma,1,4,0.0023283723,0.99752253,0.00014911439
106,108514,meningioma,1,4,0.02142767,0.97647333,0.0020990025
107,108514,meningioma,1,4,0.0036005613,0.99636084,3.859261e-05
108,108514,meningioma,1,4,0.00027573426,0.99968016,4.4109824e-05
109,108514,meningioma,1,4,0.0007154623,0.9992623,2.2286371e-05
110,108514,meningioma,1,4,0.002024397,0.99788386,9.1696274e-05
115,108945,meningioma,1,4,0.000100475,0.9997836,0.0001159393
116,108945,meningioma,1,4,0.030192394,0.9697817,2.5933194e-05
117,108945,meningioma,1,4,0.10176344,0.89821476,2.185086e-05
118,108945,meningioma,1,4,0.001754974,0.99820244,4.2646618e-05
119,109411,meningioma,1,4,0.004895368,0.9899989,0.0051057995
120,109968,meningioma,1,4,0.058021244,0.89301884,0.04895995
121,109968,meningioma,1,4,0.07028758,0.89878947,0.03092298
122,109968,meningioma,1,4,0.013236662,0.81180185,0.17496154
123,109968,meningioma,1,4,0.012596942,0.8755446,0.11185836
169,114359,meningioma,1,4,0.9600916,0.039822467,8.596394e-05
170,114359,meningioma,1,4,0.9180688,0.08184869,8.2558654e-05
171,114359,meningioma,1,4,0.6128628,0.38710463,3.251071e-05
172,114359,meningioma,1,4,0.9499412,0.05005293,5.9319927e-06
173,114359,meningioma,1,4,0.59311247,0.4068711,1.6419855e-05
174,114359,meningioma,1,4,0.094284974,0.90569395,2.108503e-05
184,97875,meningioma,1,4,0.18647996,0.62606525,0.18745477
185,97875,meningioma,1,4,0.00034129623,0.83632666,0.16333212
186,97875,meningioma,1,4,0.0028456356,0.58438236,0.412772
198,99017,meningioma,1,4,0.0007604722,0.110867225,0.8883723
199,99017,meningioma,1,4,4.7928326e-05,0.062491138,0.93746096
209,100820,glioma,0,4,0.084762074,0.8564022,0.058835726
210,100820,glioma,0,4,0.017251272,0.9798345,0.002914334
231,101797,meningioma,1,4,0.099818945,0.88433564,0.015845371
232,101797,meningioma,1,4,0.0010532002,0.98315364,0.015793176
233,101797,meningioma,1,4,0.005712766,0.9855214,0.008765943
234,101797,meningioma,1,4,0.0068854974,0.99038285,0.002731653
235,101797,meningioma,1,4,0.006186941,0.9899894,0.0038235744
281,105374,meningioma,1,4,0.030507766,0.94131356,0.028178634
282,105374,meningioma,1,4,0.030799277,0.96424216,0.004958615
294,106442,meningioma,1,4,0.014678123,0.98372054,0.0016013391
295,106442,meningioma,1,4,0.0056206663,0.9942245,0.00015489607
296,106442,meningioma,1,4,0.001018142,0.9989542,2.7607994e-05
326,108514,meningioma,1,4,0.13148592,0.86767346,0.00084061024
327,108514,meningioma,1,4,0.025818596,0.97403246,0.00014896733
328,108514,meningioma,1,4,0.097016506,0.90285116,0.00013224431
329,108514,meningioma,1,4,0.002259208,0.99624157,0.0014992312
330,108514,meningioma,1,4,0.03206676,0.9605849,0.0073483894
331,108514,meningioma,1,4,0.08600111,0.9100445,0.003954397
336,108945,meningioma,1,4,0.0016087259,0.9879579,0.010433481
337,108945,meningioma,1,4,0.020937644,0.9771302,0.0019321961
338,108945,meningioma,1,4,0.055017237,0.94251406,0.0024687017
339,108945,meningioma,1,4,0.08768228,0.8997819,0.012535884
340,109411,meningioma,1,4,0.0012169619,0.99281037,0.005972587
341,109968,meningioma,1,4,0.039658476,0.9597378,0.000603749
342,109968,meningioma,1,4,0.054036666,0.9421147,0.0038486435
343,109968,meningioma,1,4,0.24451521,0.7531787,0.0023060446
344,109968,meningioma,1,4,0.11310195,0.88544804,0.0014500186
399,114359,meningioma,1,4,0.68188083,0.31799534,0.00012379796
400,114359,meningioma,1,4,0.017625032,0.9793636,0.0030113186
401,114359,meningioma,1,4,0.022472333,0.9747181,0.0028096277
402,114359,meningioma,1,4,0.18110915,0.80625874,0.012632098
403,114359,meningioma,1,4,0.038912885,0.95800567,0.003081418
404,114359,meningioma,1,4,0.4853148,0.46093678,0.05374844
414,97875,meningioma,1,4,0.00020847093,0.747638,0.25215355
415,97875,meningioma,1,4,9.73388e-05,0.773227,0.2266757
416,97875,meningioma,1,4,0.000608885,0.78456247,0.21482863
417,97875,meningioma,1,4,0.0014571304,0.92083734,0.07770555
430,99017,meningioma,1,4,0.005088497,0.9771791,0.01773241
431,99017,meningioma,1,4,0.0006110363,0.97920805,0.020180866
465,101797,meningioma,1,4,0.000121472876,0.93603355,0.06384497
466,101797,meningioma,1,4,0.0001683714,0.8235835,0.1762481
467,101797,meningioma,1,4,0.0046803094,0.42591912,0.56940055
468,101797,meningioma,1,4,0.00020884104,0.6938519,0.30593923
469,101797,meningioma,1,4,0.00048146234,0.9753891,0.024129374
470,101797,meningioma,1,4,0.0036450864,0.9895096,0.0068453946
471,101801,meningioma,1,4,0.0021205146,0.970476,0.027403537
472,101801,meningioma,1,4,0.042840853,0.78698665,0.17017253
473,101801,meningioma,1,4,0.0006447931,0.78950685,0.20984833
490,102960,meningioma,1,4,0.26202744,0.73608816,0.0018844376
491,102960,meningioma,1,4,0.5750277,0.40774226,0.017229991
492,102960,meningioma,1,4,0.16383794,0.71752644,0.1186356
493,102960,meningioma,1,4,0.008984718,0.7687573,0.22225803
494,102960,meningioma,1,4,0.035176963,0.27109528,0.69372773
517,105374,meningioma,1,4,0.00037683148,0.99903274,0.0005904231
527,106442,meningioma,1,4,0.15556717,0.84311116,0.001321704
528,106442,meningioma,1,4,0.016924456,0.98270124,0.00037423958
529,106442,meningioma,1,4,0.012411395,0.98088914,0.0066994596
532,106592,meningioma,1,4,0.14561617,0.8518375,0.0025462462
564,108514,meningioma,1,4,0.39413458,0.605716,0.00014943723
565,108514,meningioma,1,4,0.042125996,0.9577483,0.00012570551
566,108514,meningioma,1,4,0.095345244,0.90418637,0.00046831553
567,108514,meningioma,1,4,0.0012575882,0.9986578,8.453074e-05
568,108514,meningioma,1,4,0.04498183,0.95471466,0.0003035903
573,108945,meningioma,1,4,0.006970544,0.9929397,8.9779416e-05
574,108945,meningioma,1,4,0.019062268,0.9798464,0.0010912857
575,108945,meningioma,1,4,0.0048369244,0.9939714,0.00119166
576,108945,meningioma,1,4,0.046321437,0.832746,0.120932505
579,109411,meningioma,1,4,0.6505831,0.34038177,0.009035161
580,109968,meningioma,1,4,0.10606738,0.89270055,0.0012320917
581,109968,meningioma,1,4,0.05588452,0.94304776,0.0010676117
582,109968,meningioma,1,4,0.04281912,0.9551376,0.0020432903
583,109968,meningioma,1,4,0.0017276936,0.98155147,0.016720854
596,111696,meningioma,1,4,0.002148196,0.5874214,0.4104304
621,113098,meningioma,1,4,0.019977009,0.8256834,0.15433963
622,113098,meningioma,1,4,0.024815615,0.93264735,0.042536948
623,113098,meningioma,1,4,0.05643849,0.9376991,0.005862422
624,113098,meningioma,1,4,0.1221865,0.8571803,0.020633215
640,113971,meningioma,1,4,0.01174692,0.8788343,0.10941876
641,113971,meningioma,1,4,0.00057203614,0.68092614,0.3185019
648,114359,meningioma,1,4,0.05787474,0.94204456,8.073547e-05
649,114359,meningioma,1,4,0.0009714206,0.9990133,1.5221579e-05
650,114359,meningioma,1,4,0.00074869045,0.99918264,6.857275e-05
651,114359,meningioma,1,4,0.02417884,0.9754461,0.00037518365
652,114359,meningioma,1,4,0.00057816587,0.9993975,2.431799e-05
653,114359,meningioma,1,4,0.013513217,0.98585796,0.00062888814
654,114359,meningioma,1,4,0.019832317,0.959644,0.020523699
659,97374,meningioma,1,4,0.68098223,0.2131946,0.10582318
660,97374,meningioma,1,4,0.01491083,0.85121715,0.133872
661,97374,meningioma,1,4,0.0016293139,0.9873209,0.01104988
662,97374,meningioma,1,4,0.006928913,0.99015325,0.0029178269
663,97374,meningioma,1,4,0.05047449,0.94707054,0.0024549551
673,97793,meningioma,1,4,0.0012318471,0.98890835,0.009859835
674,97875,meningioma,1,4,0.0038327456,0.71729237,0.27887493
686,99017,meningioma,1,4,0.0008450809,0.98905224,0.010102653
687,99017,meningioma,1,4,0.00058865605,0.9866241,0.012787204
715,100820,glioma,0,4,0.038013037,0.96079344,0.0011934077
716,100820,glioma,0,4,0.0024275798,0.99685234,0.0007201141
717,100820,glioma,0,4,0.011628428,0.9863767,0.0019948084
718,101020,glioma,0,4,0.040195677,0.58160657,0.3781978
719,101020,glioma,0,4,0.48160592,0.50782335,0.010570755
720,101020,glioma,0,4,0.87960035,0.11706574,0.0033339234
721,101020,glioma,0,4,0.85962355,0.13788244,0.0024940171
747,100820,glioma,0,4,0.19960177,0.68304735,0.11735079
748,100820,glioma,0,4,0.2174817,0.73131645,0.051201858
749,100820,glioma,0,4,0.3299413,0.6469955,0.023063162
750,100820,glioma,0,4,0.016596815,0.85948503,0.1239181
751,100820,glioma,0,4,0.07593232,0.8611842,0.06288357
752,100820,glioma,0,4,0.04948274,0.91046196,0.040055245
753,101020,glioma,0,4,0.4743951,0.52156645,0.004038429
754,101020,glioma,0,4,0.71442294,0.28542972,0.00014737067
755,101020,glioma,0,4,0.88242996,0.11751323,5.6834324e-05
756,101020,glioma,0,4,0.8537567,0.14620689,3.6407462e-05
757,101020,glioma,0,4,0.87568545,0.124207325,0.000107185166
758,101020,glioma,0,4,0.66524833,0.3336201,0.0011315764
759,101020,glioma,0,4,0.83545965,0.16434558,0.00019476881
760,101020,glioma,0,4,0.34559348,0.6539983,0.00040823352
822,100820,glioma,0,4,0.5564098,0.4310534,0.012536842
823,100820,glioma,0,4,0.7949142,0.20135379,0.003731982
824,100820,glioma,0,4,0.46861997,0.5212678,0.010112279
825,100820,glioma,0,4,0.1368871,0.7916182,0.0714947
826,100820,glioma,0,4,0.029450582,0.90382326,0.066726126
827,100820,glioma,0,4,0.0056795124,0.44585335,0.54846716
828,101020,glioma,0,4,0.006266678,0.9782413,0.015491958
829,101020,glioma,0,4,0.27875677,0.7167098,0.0045334594
830,101020,glioma,0,4,0.18363522,0.8158343,0.0005305523
831,101020,glioma,0,4,0.09294869,0.90655893,0.00049234554
832,101020,glioma,0,4,0.07411762,0.9256089,0.0002735
833,101020,glioma,0,4,0.61350745,0.38545048,0.0010420564
892,94731,glioma,0,4,0.006300983,0.19150695,0.8021921
893,94731,glioma,0,4,0.10420668,0.5614138,0.33437958
894,94731,glioma,0,4,0.048136983,0.9473588,0.0045042727
912,98889,glioma,0,4,0.8746904,0.12395991,0.0013496602
913,98889,glioma,0,4,0.8009215,0.19390514,0.0051733716
914,98889,glioma,0,4,0.6797512,0.31622028,0.0040284176
915,98889,glioma,0,4,0.6178789,0.37777805,0.0043431395
916,98889,glioma,0,4,0.535493,0.41473603,0.049770955
917,98889,glioma,0,4,0.30200607,0.6872105,0.010783433
933,107429,pituitary,2,4,5.7711495e-05,0.004923839,0.9950185
934,107429,pituitary,2,4,2.7538726e-06,0.0022689723,0.9977283
935,107429,pituitary,2,4,8.814061e-06,0.005778699,0.99421245
936,107429,pituitary,2,4,1.1160781e-06,0.0009875452,0.9990113
937,107429,pituitary,2,4,6.890449e-07,0.0011046842,0.99889463
938,107429,pituitary,2,4,0.0009191639,0.010172757,0.9889081
966,109898,pituitary,2,4,7.291721e-07,0.00020982449,0.9997894
967,109898,pituitary,2,4,1.9540369e-06,0.0001835282,0.99981457
968,109898,pituitary,2,4,1.5139547e-06,6.7173896e-05,0.99993134
969,109898,pituitary,2,4,6.408518e-07,4.5218185e-05,0.9999541
970,109898,pituitary,2,4,3.3613995e-07,2.9602781e-05,0.9999701
971,109898,pituitary,2,4,1.1757269e-06,0.00020795659,0.99979085
972,110518,pituitary,2,4,0.0006762437,0.48912153,0.5102022
973,110518,pituitary,2,4,0.0051451502,0.46042642,0.53442836
986,111125,pituitary,2,4,5.133257e-07,3.76953e-05,0.99996173
987,111125,pituitary,2,4,1.768722e-06,2.9455714e-05,0.99996877
988,111125,pituitary,2,4,2.0099005e-06,6.520743e-05,0.99993277
989,111125,pituitary,2,4,1.1913656e-06,4.7312893e-05,0.9999515
998,112649,pituitary,2,4,7.68019e-05,0.00016235876,0.9997608
999,112649,pituitary,2,4,2.5162503e-06,3.9920727e-05,0.99995756
1000,112649,pituitary,2,4,8.723803e-07,5.1299758e-05,0.9999478
1001,112649,pituitary,2,4,4.375962e-06,2.5309359e-05,0.9999703
1002,112649,pituitary,2,4,3.023595e-05,0.0002616592,0.9997081
1010,113274,pituitary,2,4,2.2382105e-07,5.0458388e-05,0.99994934
1011,113274,pituitary,2,4,4.1120675e-08,7.1528e-05,0.9999285
1012,113274,pituitary,2,4,7.3818123e-06,0.00014545844,0.9998472
1013,113741,pituitary,2,4,1.1821077e-08,9.5234145e-06,0.99999046
1014,113741,pituitary,2,4,1.8041441e-09,2.7024755e-06,0.99999726
1047,107429,pituitary,2,4,3.8028898e-06,0.0007013205,0.9992949
1048,107429,pituitary,2,4,6.0250336e-08,5.13486e-05,0.9999486
1049,107429,pituitary,2,4,9.3179366e-08,3.0065137e-05,0.99996984
1050,107429,pituitary,2,4,4.036028e-07,0.0008785974,0.999121
1051,107429,pituitary,2,4,6.510108e-08,0.0018481093,0.99815184
1052,107429,pituitary,2,4,2.6664952e-07,0.00046472187,0.9995351
1053,107429,pituitary,2,4,3.9128204e-06,0.0038464423,0.99614966
1088,109898,pituitary,2,4,2.3431317e-06,0.00030902453,0.9996886
1089,109898,pituitary,2,4,2.5403685e-07,0.00022039165,0.9997794
1090,109898,pituitary,2,4,9.4754114e-07,0.00062760036,0.99937147
1091,109898,pituitary,2,4,3.2801204e-06,0.0009959202,0.99900085
1092,109898,pituitary,2,4,4.8340024e-07,0.00051954354,0.99947995
1093,109898,pituitary,2,4,4.5791708e-06,0.0019805096,0.9980149
1094,110518,pituitary,2,4,8.463772e-06,0.00041443543,0.9995771
1095,110518,pituitary,2,4,2.3456791e-06,0.0006518514,0.99934584
1096,110518,pituitary,2,4,2.1621179e-07,0.00013678255,0.999863
1097,110518,pituitary,2,4,2.1813462e-07,0.0003370578,0.99966276
1098,110518,pituitary,2,4,1.2288739e-06,0.00039843319,0.99960035
1099,110518,pituitary,2,4,2.1476415e-05,0.002279903,0.9976986
1118,111125,pituitary,2,4,1.7680873e-07,9.898058e-06,0.99998987
1119,111125,pituitary,2,4,9.509296e-08,7.1589e-06,0.9999927
1120,111125,pituitary,2,4,5.4512192e-08,1.2756438e-05,0.99998724
1121,111125,pituitary,2,4,1.3429919e-06,1.1939264e-05,0.99998677
1122,111125,pituitary,2,4,1.49075e-07,1.2755367e-05,0.9999871
1123,111125,pituitary,2,4,2.9197931e-06,9.461822e-05,0.9999025
1134,112649,pituitary,2,4,5.3141786e-05,5.5864857e-06,0.99994123
1135,112649,pituitary,2,4,4.6571063e-06,1.5980356e-06,0.9999938
1136,112649,pituitary,2,4,4.73455e-05,8.500789e-06,0.9999442
1137,112649,pituitary,2,4,3.5610476e-06,2.041547e-06,0.9999944
1138,112649,pituitary,2,4,0.00019531399,4.1108073e-05,0.99976355
1139,112649,pituitary,2,4,0.00016343505,3.833011e-05,0.99979824
1148,113274,pituitary,2,4,1.7293002e-07,1.3830014e-06,0.99999845
1149,113274,pituitary,2,4,1.257822e-06,1.3470673e-06,0.9999974
1150,113274,pituitary,2,4,1.8864667e-06,1.2179288e-05,0.99998593
1151,113741,pituitary,2,4,1.2696962e-07,1.4895688e-05,0.999985
1152,113741,pituitary,2,4,1.3239574e-07,2.2068896e-05,0.9999778
1153,113741,pituitary,2,4,1.8680536e-06,0.00011710937,0.999881
1182,107429,pituitary,2,4,0.00039263765,0.0040061474,0.9956012
1183,107429,pituitary,2,4,2.219032e-05,0.013654322,0.9863235
1184,107429,pituitary,2,4,2.2590057e-06,0.002474539,0.99752325
1185,107429,pituitary,2,4,2.80577e-06,0.0013315293,0.9986657
1186,107429,pituitary,2,4,3.4742266e-06,0.0029493254,0.99704725
1187,107429,pituitary,2,4,9.58218e-07,0.005865839,0.9941332
1188,107429,pituitary,2,4,4.8706956e-05,0.0033189626,0.9966323
1219,109898,pituitary,2,4,8.893722e-06,0.0003437689,0.9996474
1220,109898,pituitary,2,4,0.00048154197,0.0004438589,0.9990746
1221,109898,pituitary,2,4,0.0013777978,0.00014120695,0.998481
1222,110518,pituitary,2,4,5.3105173e-06,0.00049113325,0.9995035
1223,110518,pituitary,2,4,4.4385692e-06,9.982215e-05,0.9998957
1224,110518,pituitary,2,4,1.0580307e-05,0.00022854959,0.9997609
1225,110518,pituitary,2,4,1.3442107e-05,0.00044438947,0.99954224
1238,111125,pituitary,2,4,1.2288003e-06,0.00036580255,0.99963295
1239,111125,pituitary,2,4,6.95693e-06,0.00043614313,0.99955684
1240,111125,pituitary,2,4,1.5872933e-05,0.0010692549,0.99891484
1241,111125,pituitary,2,4,5.0717085e-07,0.00016617778,0.99983335
1251,112649,pituitary,2,4,1.6683518e-05,0.00016085096,0.99982244
1252,112649,pituitary,2,4,0.00010131126,0.00035982006,0.9995389
1253,112649,pituitary,2,4,0.000508099,0.0003805841,0.99911135
1254,112649,pituitary,2,4,2.0752022e-05,6.632685e-05,0.99991286
1255,112649,pituitary,2,4,9.512073e-06,3.0985153e-05,0.99995947
1266,113274,pituitary,2,4,8.381056e-05,0.00024525536,0.999671
1267,113274,pituitary,2,4,0.0011674732,0.0015402675,0.9972922
1268,113274,pituitary,2,4,0.0074542165,0.0049707196,0.9875751
1269,113274,pituitary,2,4,0.011352314,0.0012216496,0.98742604
1270,113741,pituitary,2,4,2.0926338e-05,0.000106961896,0.9998721
1271,113741,pituitary,2,4,6.8337126e-06,6.9512884e-05,0.9999237
1272,113741,pituitary,2,4,1.2520951e-06,6.711763e-05,0.9999316
1285,101145,pituitary,2,4,4.2896843e-07,0.00047832556,0.99952126
1286,101145,pituitary,2,4,1.2817287e-06,0.0005651659,0.9994336
1287,101145,pituitary,2,4,4.066853e-06,0.005183477,0.9948125
1288,101145,pituitary,2,4,6.5730183e-06,0.002324736,0.9976687
1289,101305,pituitary,2,4,8.7484864e-07,3.152012e-05,0.9999676
1290,101305,pituitary,2,4,2.1119413e-07,7.495635e-05,0.9999248
1291,101305,pituitary,2,4,1.5526992e-05,3.7209473e-05,0.9999473
1292,101305,pituitary,2,4,1.4001361e-06,4.07403e-05,0.9999578
1374,105187,pituitary,2,4,4.66627e-06,0.00042655805,0.99956876
1375,105187,pituitary,2,4,8.226581e-07,0.0003674323,0.99963176
1376,105187,pituitary,2,4,1.2130069e-07,0.00014467006,0.99985516
1377,105187,pituitary,2,4,7.825761e-08,0.00033706138,0.9996629
1468,101145,pituitary,2,4,9.655136e-06,0.002475568,0.9975147
1469,101145,pituitary,2,4,2.4336837e-06,0.00024087139,0.99975675
1470,101145,pituitary,2,4,3.6168376e-06,0.00086336816,0.99913305
1471,101145,pituitary,2,4,3.6472202e-06,0.002362361,0.99763393
1472,101305,pituitary,2,4,4.3568127e-07,1.3203615e-05,0.9999864
1473,101305,pituitary,2,4,2.3045725e-07,4.80708e-06,0.999995
1474,101305,pituitary,2,4,2.1033838e-07,8.596592e-06,0.9999912
1475,101305,pituitary,2,4,9.709876e-08,3.7607276e-06,0.9999962
1476,101305,pituitary,2,4,6.6799134e-06,0.00019439786,0.99979895
1477,101305,pituitary,2,4,1.5189219e-05,0.00014575484,0.99983907
1478,101305,pituitary,2,4,9.176084e-06,2.688047e-05,0.999964
1479,101305,pituitary,2,4,2.6007385e-06,9.523741e-05,0.9999021
1487,102669,pituitary,2,4,3.4767862e-07,0.00026565057,0.999734
1488,102669,pituitary,2,4,9.2081257e-07,0.00010786272,0.99989116
1557,105187,pituitary,2,4,3.474208e-08,4.0186155e-06,0.99999595
1558,105187,pituitary,2,4,1.3175425e-08,3.5160313e-06,0.9999964
1559,105187,pituitary,2,4,3.996768e-09,1.7748333e-06,0.9999982
1560,105187,pituitary,2,4,4.2129848e-08,1.3018816e-05,0.9999869
1561,105187,pituitary,2,4,1.7179799e-08,1.7397583e-06,0.9999982
1562,105187,pituitary,2,4,1.6140967e-07,1.4812774e-05,0.999985
1651,101145,pituitary,2,4,2.5618117e-05,0.0024589428,0.99751544
1652,101145,pituitary,2,4,8.425747e-05,0.005387723,0.994528
1653,101145,pituitary,2,4,0.0010933204,0.0022823985,0.99662423
1654,101145,pituitary,2,4,0.000119761826,0.01599767,0.98388255
1655,101305,pituitary,2,4,5.425127e-08,4.7934718e-05,0.99995196
1656,101305,pituitary,2,4,6.731372e-07,0.0002850119,0.9997143
1657,101305,pituitary,2,4,4.123961e-06,0.0003758485,0.99961996
1658,101305,pituitary,2,4,1.2398836e-05,0.0003643991,0.9996232
1672,102669,pituitary,2,4,3.351007e-07,8.0991784e-05,0.9999187
1748,105187,pituitary,2,4,8.276523e-07,0.00045273654,0.99954647
1749,105187,pituitary,2,4,8.742653e-06,0.00016286755,0.99982834
1750,105187,pituitary,2,4,5.329042e-06,0.00043844327,0.99955624
1751,105187,pituitary,2,4,1.04363435e-05,5.3891927e-05,0.9999356
1752,105187,pituitary,2,4,7.178506e-06,0.00022718617,0.9997657
1753,105187,pituitary,2,4,1.9957074e-06,0.00060078304,0.99939716
1841,MR048294,glioma,0,4,0.74961406,0.0055887,0.24479723
1842,MR048294,glioma,0,4,0.9472087,0.00043731745,0.05235401
1843,MR048294,glioma,0,4,0.9996822,0.00018217834,0.00013557583
1844,MR048294,glioma,0,4,0.99950767,0.00027741733,0.00021492748
1845,MR048294,glioma,0,4,0.9991855,0.00064244115,0.00017194805
1846,MR048294,glioma,0,4,0.99979705,0.00019109256,1.1912095e-05
1847,MR048294,glioma,0,4,0.999821,0.00016857802,1.0531746e-05
1848,MR048294,glioma,0,4,0.99959797,0.0003979606,4.054615e-06
1950,MR050135B,glioma,0,4,0.8548927,0.017739668,0.1273676
1951,MR050135B,glioma,0,4,0.91816884,0.0013578049,0.080473386
1952,MR050135B,glioma,0,4,0.99978656,0.00019483756,1.8622452e-05
1953,MR050135B,glioma,0,4,0.99934787,0.0006201766,3.188906e-05
1954,MR050135B,glioma,0,4,0.9993517,0.0006391081,9.217786e-06
1955,MR050135B,glioma,0,4,0.99726933,0.0027270925,3.5581372e-06
1956,MR050135B,glioma,0,4,0.9946274,0.00014121816,0.005231328
1957,MR050135B,glioma,0,4,0.9980046,0.0003419641,0.0016534388
1958,MR050135B,glioma,0,4,0.99621236,0.00013907939,0.0036485377
1959,MR050135B,glioma,0,4,0.9992593,0.000100721365,0.00063993037
1960,MR050135B,glioma,0,4,0.9995515,0.00025193387,0.0001965762
1961,MR050135B,glioma,0,4,0.9998536,0.00012885868,1.7509185e-05
1962,MR050135B,glioma,0,4,0.99977,0.00020824953,2.185222e-05
1963,MR050135B,glioma,0,4,0.9983229,0.0016439371,3.3061708e-05
1964,MR050687,glioma,0,4,0.8264501,0.14951517,0.024034766
1965,MR050687,glioma,0,4,0.16057055,0.602224,0.23720548
1966,MR050687,glioma,0,4,0.09058159,0.90075696,0.008661511
1967,MR050687,glioma,0,4,0.37282434,0.6255609,0.0016148227
1968,MR050687,glioma,0,4,0.9375236,0.061534926,0.0009414976
1969,MR050687,glioma,0,4,0.8514315,0.14742556,0.0011429613
1970,MR050687,glioma,0,4,0.62974244,0.36658835,0.0036691625
1971,MR050687,glioma,0,4,0.4136531,0.5859102,0.00043675452
1972,MR050687,glioma,0,4,0.27430868,0.7254502,0.00024113829
1973,MR050687,glioma,0,4,0.04684772,0.9530613,9.1004105e-05
2080,MR052585B,glioma,0,4,0.9990227,0.00037305232,0.0006043237
2081,MR052585B,glioma,0,4,0.99958235,5.8057038e-05,0.0003596074
2082,MR052585B,glioma,0,4,0.99681395,0.000960328,0.002225703
2093,MR034694,glioma,0,4,0.99966645,0.00019571713,0.0001378532
2094,MR034694,glioma,0,4,0.99994624,4.863533e-05,5.18481e-06
2095,MR034694,glioma,0,4,0.9997305,0.00023334425,3.6158766e-05
2096,MR034694,glioma,0,4,0.9999292,6.934409e-05,1.4211383e-06
2134,MR049019G,glioma,0,4,0.9997217,0.00023546384,4.2821404e-05
2135,MR049019G,glioma,0,4,0.99973685,0.00024657178,1.6550217e-05
2136,MR049019G,glioma,0,4,0.9996654,0.0002854029,4.9171824e-05
2137,MR049019G,glioma,0,4,0.99987483,0.00011021691,1.4867268e-05
2138,MR049019G,glioma,0,4,0.9998074,0.00018823726,4.374886e-06
2139,MR049019G,glioma,0,4,0.9997694,0.00022448476,6.03462e-06
2140,MR049019G,glioma,0,4,0.99884903,0.0011464715,4.483956e-06
2141,MR031409B,glioma,0,4,0.9996871,0.00031187275,1.1285483e-06
2142,MR031409B,glioma,0,4,0.99542636,0.0045722234,1.3820546e-06
2143,MR031409B,glioma,0,4,0.96323186,0.036766555,1.6309807e-06
2146,MR038469,glioma,0,4,0.097737126,0.5845087,0.31775412
2147,MR038469,glioma,0,4,0.3917051,0.51120937,0.09708559
2148,MR038469,glioma,0,4,0.9947411,0.003734059,0.0015248832
2149,MR038469,glioma,0,4,0.99241745,0.0046796557,0.0029029083
2150,MR038469,glioma,0,4,0.9989793,0.00029383198,0.0007268793
2151,MR038469,glioma,0,4,0.99904233,0.0006720946,0.00028556254
2152,MR038469,glioma,0,4,0.9993857,0.0002118431,0.00040245563
2179,MR039473B,glioma,0,4,0.16627209,0.0317308,0.80199707
2180,MR039473B,glioma,0,4,0.9780272,0.0020965855,0.01987614
2181,MR039473B,glioma,0,4,0.98564017,0.0002548389,0.014104962
2182,MR039473B,glioma,0,4,0.99701715,8.135328e-05,0.0029015515
2183,MR039473B,glioma,0,4,0.9997663,4.737411e-05,0.00018640578
2184,MR039473B,glioma,0,4,0.99566746,0.00034195484,0.003990614
2185,MR039473B,glioma,0,4,0.99971086,0.00010228542,0.0001868853
2196,MR040240,glioma,0,4,0.94209075,0.029473545,0.028435616
2197,MR040240,glioma,0,4,0.952035,0.0046409983,0.043324005
2198,MR040240,glioma,0,4,0.997439,0.00066281453,0.0018982332
2199,MR040240,glioma,0,4,0.98672324,0.011296806,0.0019798763
2200,MR040240,glioma,0,4,0.99644095,0.0031283796,0.00043070863
2201,MR040240,glioma,0,4,0.99887997,0.0010590062,6.0980343e-05
2202,MR040240,glioma,0,4,0.99945086,0.0004864187,6.26123e-05
2203,MR040240,glioma,0,4,0.9975872,0.002308046,0.000104716055
2204,MR040240,glioma,0,4,0.9977041,0.0022121966,8.375558e-05
2205,MR040240,glioma,0,4,0.9988003,0.0011594841,4.022546e-05
2224,MR036496B,glioma,0,4,0.9997807,0.00021910727,2.1443095e-07
2225,MR036496B,glioma,0,4,0.9982027,0.0017919648,5.3672698e-06
2226,MR036496B,glioma,0,4,0.9996978,0.00030177864,4.300429e-07
2227,MR036496B,glioma,0,4,0.99987423,0.00012538361,3.4837993e-07
2228,MR036496B,glioma,0,4,0.9998004,0.00019862005,1.0799453e-06
2229,MR036496B,glioma,0,4,0.99829,0.0017069064,3.1233665e-06
2230,MR033420,glioma,0,4,0.99885476,2.6604655e-05,0.0011186579
2231,MR033420,glioma,0,4,0.99976474,1.9556033e-05,0.00021567191
2232,MR033420,glioma,0,4,0.9989889,0.0007511046,0.000259935
2233,MR033420,glioma,0,4,0.9981937,0.001675777,0.00013053708
2234,MR033420,glioma,0,4,0.99940443,0.0005181245,7.7451754e-05
2235,MR033420,glioma,0,4,0.99983716,0.00012848193,3.4340996e-05
2236,MR033420,glioma,0,4,0.99991465,7.493015e-05,1.0378044e-05
2300,MR050135B,glioma,0,4,0.99294585,0.0065653306,0.00048886926
2301,MR050135B,glioma,0,4,0.9992411,0.00046798147,0.00029092788
2302,MR050135B,glioma,0,4,0.99988306,7.771428e-05,3.9180482e-05
2303,MR050135B,glioma,0,4,0.995773,0.0028477726,0.0013792831
2304,MR050135B,glioma,0,4,0.98492265,0.004255125,0.010822268
2305,MR050135B,glioma,0,4,0.99051356,0.0028159507,0.0066704582
2306,MR050135B,glioma,0,4,0.9975393,0.00028438718,0.002176448
2307,MR050135B,glioma,0,4,0.9969819,4.3147025e-05,0.0029749456
2308,MR050135B,glioma,0,4,0.99717087,0.00015771206,0.0026713798
2309,MR050135B,glioma,0,4,0.9996587,1.3182569e-05,0.00032801277
2310,MR050135B,glioma,0,4,0.9999715,1.4267942e-05,1.4241868e-05
2311,MR050687,glioma,0,4,0.9906365,0.008567797,0.0007957328
2312,MR050687,glioma,0,4,0.9833809,0.01629772,0.0003213652
2313,MR050687,glioma,0,4,0.9422201,0.05569108,0.0020888073
2314,MR050687,glioma,0,4,0.94292134,0.0568849,0.00019383203
2315,MR050687,glioma,0,4,0.3437407,0.6476812,0.008578038
2316,MR050687,glioma,0,4,0.54931056,0.4465963,0.004093148
2350,MR026175E,glioma,0,4,0.6404291,0.08162256,0.27794838
2351,MR026175E,glioma,0,4,0.9269735,0.010094524,0.06293199
2352,MR026175E,glioma,0,4,0.99998033,1.1356169e-05,8.285523e-06
2353,MR026175E,glioma,0,4,0.99986863,9.68958e-05,3.441289e-05
2354,MR026175E,glioma,0,4,0.9966833,0.0012226597,0.0020939829
2355,MR026175E,glioma,0,4,0.9998472,7.269174e-05,8.008783e-05
2356,MR026175E,glioma,0,4,0.9996251,0.0002834315,9.155944e-05
2357,MR026175E,glioma,0,4,0.9990289,0.00078518654,0.00018586266
2358,MR026175E,glioma,0,4,0.9996859,0.00027073186,4.3333417e-05
2359,MR026175E,glioma,0,4,0.9998708,0.00012576257,3.4773732e-06
2360,MR026175E,glioma,0,4,0.9997154,0.00028105063,3.6132933e-06
2361,MR026175E,glioma,0,4,0.9999516,4.7027603e-05,1.2638039e-06
2394,MR029209I,glioma,0,4,0.999908,1.7641865e-05,7.437462e-05
2395,MR029209I,glioma,0,4,0.9998944,8.27223e-05,2.2943876e-05
2396,MR029209I,glioma,0,4,0.9999372,5.4194756e-05,8.590162e-06
2397,MR029209I,glioma,0,4,0.9998734,0.00012341607,3.2159699e-06
2398,MR029209I,glioma,0,4,0.9997074,0.0002867127,5.816381e-06
2399,MR029209I,glioma,0,4,0.9999273,6.3333784e-05,9.372047e-06
2400,MR029209I,glioma,0,4,0.999876,0.000117105665,6.944772e-06
2401,MR029209I,glioma,0,4,0.9998652,0.00013379633,9.388259e-07
2402,MR029209I,glioma,0,4,0.9990933,0.0008991299,7.5937405e-06
2403,MR048294,glioma,0,4,0.85820675,0.0076909643,0.1341023
2404,MR048294,glioma,0,4,0.9787239,0.0018572994,0.019418826
2405,MR048294,glioma,0,4,0.99228364,0.002227227,0.0054891054
2406,MR048294,glioma,0,4,0.99439794,0.0014225536,0.0041794763
2407,MR048294,glioma,0,4,0.98014724,0.002629385,0.017223328
2408,MR048294,glioma,0,4,0.9553246,0.0056509525,0.039024476
2409,MR048294,glioma,0,4,0.98572665,0.0031143846,0.011158913
2443,MR040240,glioma,0,4,0.9848134,0.009420278,0.005766331
2444,MR040240,glioma,0,4,0.9869349,0.0031253113,0.009939841
2445,MR040240,glioma,0,4,0.97188807,0.0029508492,0.025161061
2446,MR040240,glioma,0,4,0.98318094,0.0037720618,0.013046943
2447,MR040240,glioma,0,4,0.9175231,0.05776356,0.024713363
2448,MR040240,glioma,0,4,0.92223865,0.06760921,0.010152144
2449,MR040240,glioma,0,4,0.98462766,0.0147094065,0.0006629249
2450,MR040240,glioma,0,4,0.9793859,0.016215475,0.004398637
2451,MR040240,glioma,0,4,0.9966462,0.0031317275,0.0002220799
2452,MR040240,glioma,0,4,0.9788406,0.019968404,0.0011910239
2470,MR036496B,glioma,0,4,0.99984205,0.00014522442,1.2772176e-05
2471,MR036496B,glioma,0,4,0.99921,0.00074687996,4.3152242e-05
2472,MR036496B,glioma,0,4,0.997586,0.0022588281,0.00015520988
2473,MR036496B,glioma,0,4,0.996296,0.0036843743,1.9610598e-05
2474,MR036496B,glioma,0,4,0.9989504,0.001043587,6.057446e-06
2475,MR036496B,glioma,0,4,0.9993241,0.0006473893,2.8571103e-05
2476,MR033420,glioma,0,4,0.98369586,0.016008873,0.00029525664
2477,MR033420,glioma,0,4,0.99156684,0.008242617,0.00019053256
2478,MR033420,glioma,0,4,0.99958605,3.6193145e-05,0.0003777546
2479,MR033420,glioma,0,4,0.9881704,0.010934873,0.0008948374
2480,MR033420,glioma,0,4,0.9944291,0.0051814793,0.00038946152
2481,MR033420,glioma,0,4,0.9917333,0.006360002,0.0019066645
2482,MR033420,glioma,0,4,0.8772471,0.115693465,0.00705944
2483,MR033420,glioma,0,4,0.9963337,0.0021714866,0.0014947919
2484,MR033420,glioma,0,4,0.9994648,0.00016397872,0.00037130262
2485,MR033420,glioma,0,4,0.9988024,0.00076242816,0.00043519307
2486,MR033420,glioma,0,4,0.9998833,2.511558e-05,9.152808e-05
2499,MR026175E,glioma,0,4,0.86802185,0.13115521,0.00082298013
2500,MR026175E,glioma,0,4,0.9921623,0.0075918934,0.0002457907
2501,MR026175E,glioma,0,4,0.9968629,0.0030724106,6.475634e-05
2502,MR026175E,glioma,0,4,0.959591,0.039953597,0.00045537157
2503,MR026175E,glioma,0,4,0.99898595,0.0009345084,7.9523445e-05
2504,MR026175E,glioma,0,4,0.9997631,0.00022574504,1.1157496e-05
2505,MR026175E,glioma,0,4,0.9987219,0.0010010995,0.00027688008
2506,MR026175E,glioma,0,4,0.9997428,0.00021622921,4.0942898e-05
2507,MR026175E,glioma,0,4,0.99969995,0.00018511529,0.00011498993
2508,MR026175E,glioma,0,4,0.99988353,0.00010428483,1.2127579e-05
2530,MR029209I,glioma,0,4,0.99929965,0.0005195734,0.00018073058
2531,MR029209I,glioma,0,4,0.9990169,0.00035237466,0.00063070655
2532,MR029209I,glioma,0,4,0.99930537,0.0004868217,0.00020779853
2533,MR029209I,glioma,0,4,0.99845076,0.0012168231,0.00033247238
2534,MR029209I,glioma,0,4,0.99896204,0.0008188109,0.00021909308
2535,MR029209I,glioma,0,4,0.9965126,0.0028232392,0.00066417124
2536,MR029209I,glioma,0,4,0.9948183,0.0035257947,0.0016558686
2537,MR029209I,glioma,0,4,0.9991805,0.0006558691,0.00016368525
2538,MR029209I,glioma,0,4,0.9689914,0.003076548,0.027932018
2539,MR029209I,glioma,0,4,0.9816669,0.010773238,0.0075598103
2540,MR048294,glioma,0,4,0.29000738,0.70614934,0.0038433352
2541,MR048294,glioma,0,4,0.28666186,0.71077454,0.0025636584
2542,MR048294,glioma,0,4,0.47561797,0.5217313,0.0026507261
2543,MR048294,glioma,0,4,0.7987873,0.19990978,0.0013029414
2544,MR048294,glioma,0,4,0.88058746,0.11877069,0.00064194336
2545,MR048294,glioma,0,4,0.96954465,0.029970799,0.0004845509
2624,MR034694,glioma,0,4,0.9988741,0.0005007018,0.0006251739
2625,MR034694,glioma,0,4,0.99952555,0.0002770725,0.00019749181
2626,MR034694,glioma,0,4,0.9998117,0.00013986838,4.8363363e-05
2627,MR034694,glioma,0,4,0.9999058,6.6040964e-05,2.808468e-05
2628,MR034694,glioma,0,4,0.99988854,7.483721e-05,3.664071e-05
2629,MR034694,glioma,0,4,0.99983406,0.0001474964,1.8432276e-05
2630,MR034694,glioma,0,4,0.9997516,9.170247e-05,0.0001566792
2675,MR049019G,glioma,0,4,0.998845,0.0001327461,0.0010222389
2676,MR049019G,glioma,0,4,0.9984951,5.948076e-05,0.0014453965
2677,MR049019G,glioma,0,4,0.98318255,0.00039500353,0.016422512
2678,MR031409B,glioma,0,4,0.9955461,0.000101212856,0.004352605
2679,MR031409B,glioma,0,4,0.9984773,0.00045080736,0.0010720053
2682,MR038469,glioma,0,4,0.9025494,0.013349217,0.08410144
2683,MR038469,glioma,0,4,0.9934278,0.0016855777,0.004886615
2684,MR038469,glioma,0,4,0.99818796,0.0011770432,0.000634998
2685,MR038469,glioma,0,4,0.99107975,0.002827566,0.0060926233
2686,MR038469,glioma,0,4,0.9852679,0.012185338,0.0025468618
2687,MR038469,glioma,0,4,0.7663776,0.22032575,0.013296656
2714,MR039473B,glioma,0,4,0.9985259,0.0012955823,0.00017856073
2715,MR039473B,glioma,0,4,0.99679786,0.0013385657,0.0018636305
2716,MR039473B,glioma,0,4,0.96173835,0.009383073,0.028878653
2717,MR039473B,glioma,0,4,0.9760331,0.011853487,0.012113414
2718,MR039473B,glioma,0,4,0.9802127,0.0034777562,0.016309611
2719,MR039473B,glioma,0,4,0.99629897,0.0006712408,0.003029829
2720,MR039473B,glioma,0,4,0.99843806,0.00033454376,0.0012273836
2721,MR039473B,glioma,0,4,0.9992995,0.00033008898,0.00037032997
2722,MR039473B,glioma,0,4,0.99813473,8.908744e-05,0.0017761462
2743,MR049019G,glioma,0,4,0.933177,0.0018753137,0.06494765
2744,MR049019G,glioma,0,4,0.9792158,0.014308787,0.0064754193
2745,MR049019G,glioma,0,4,0.9762481,0.00014681,0.023605172
2746,MR049019G,glioma,0,4,0.36253813,0.0033804935,0.63408136
2747,MR049019G,glioma,0,4,0.8973752,0.0022024957,0.10042226
2748,MR031409B,glioma,0,4,0.9936679,0.0038036313,0.0025285012
2749,MR031409B,glioma,0,4,0.9505495,0.0009717395,0.048478737
2753,MR038469,glioma,0,4,0.09355236,0.095770776,0.8106769
2754,MR038469,glioma,0,4,0.08311641,0.11294328,0.8039403
2755,MR038469,glioma,0,4,0.7047558,0.058253527,0.23699073
2756,MR038469,glioma,0,4,0.74337316,0.14675833,0.10986854
2757,MR038469,glioma,0,4,0.9612319,0.03441519,0.0043530003
2780,MR039473B,glioma,0,4,0.8941027,0.03552222,0.07037512
2781,MR039473B,glioma,0,4,0.97841007,0.01260892,0.008981045
2782,MR039473B,glioma,0,4,0.94810283,0.018357791,0.033539407
2783,MR039473B,glioma,0,4,0.8803632,0.0085259685,0.11111084
2784,MR039473B,glioma,0,4,0.9458133,0.005315813,0.048870925
2785,MR039473B,glioma,0,4,0.90698165,0.0012462318,0.091772094
2786,MR039473B,glioma,0,4,0.8525393,0.0010708255,0.1463899
2787,MR040240,glioma,0,4,0.25248694,0.12762482,0.6198882
2788,MR040240,glioma,0,4,0.18054758,0.30965757,0.50979483
2789,MR040240,glioma,0,4,0.8857654,0.089123525,0.025111178
2790,MR040240,glioma,0,4,0.25575525,0.7126067,0.031638004
2791,MR040240,glioma,0,4,0.10516009,0.804559,0.09028098
2792,MR040240,glioma,0,4,0.264178,0.72825736,0.0075646695
2793,MR040240,glioma,0,4,0.66244435,0.26270232,0.07485339
2794,MR040240,glioma,0,4,0.6039794,0.27555737,0.12046318
2805,MR036496B,glioma,0,4,0.9991242,0.00079700735,7.872496e-05
2806,MR036496B,glioma,0,4,0.99758613,0.0023796957,3.4158522e-05
2807,MR036496B,glioma,0,4,0.99263763,0.007291571,7.072336e-05
2808,MR036496B,glioma,0,4,0.9083226,0.09134868,0.000328714
2809,MR033420,glioma,0,4,0.9743294,0.009831255,0.01583941
2810,MR033420,glioma,0,4,0.9992268,0.00055768806,0.0002155082
2811,MR033420,glioma,0,4,0.9994677,0.00012691443,0.00040540518
2812,MR033420,glioma,0,4,0.99607,0.0024289803,0.0015009723
2813,MR033420,glioma,0,4,0.9953797,0.00094500155,0.0036752964
2814,MR033420,glioma,0,4,0.99728596,0.00016021507,0.0025538225
2815,MR033420,glioma,0,4,0.99974746,7.839178e-05,0.00017417622
2816,MR033420,glioma,0,4,0.999241,0.00042731134,0.00033174123
2822,MR048294,glioma,0,4,0.98327994,0.012701637,0.004018385
2891,MR050135B,glioma,0,4,0.9829154,0.010776401,0.0063082064
2892,MR050135B,glioma,0,4,0.82239294,0.13794677,0.039660193
2893,MR050135B,glioma,0,4,0.92832536,0.06897919,0.0026954429
2894,MR050135B,glioma,0,4,0.98865044,0.010571311,0.00077817007
2895,MR050135B,glioma,0,4,0.99815434,0.0012214088,0.0006242041
2896,MR050135B,glioma,0,4,0.9875801,0.0022428962,0.010177118
2897,MR050135B,glioma,0,4,0.9049249,0.0034257472,0.091649294
2898,MR050135B,glioma,0,4,0.9896597,0.001756569,0.008583769
2899,MR050135B,glioma,0,4,0.9508583,0.00833722,0.040804483
2900,MR050687,glioma,0,4,0.991446,0.008478915,7.5108466e-05
2901,MR050687,glioma,0,4,0.99906105,0.00093238195,6.609283e-06
2902,MR050687,glioma,0,4,0.9975413,0.0024317147,2.6942898e-05
2903,MR050687,glioma,0,4,0.9702323,0.02946899,0.00029872177
2904,MR050687,glioma,0,4,0.9941744,0.005515506,0.0003100211
2905,MR050687,glioma,0,4,0.93154085,0.064850226,0.0036089437
2996,MR052585B,glioma,0,4,0.46329314,0.025245523,0.5114613
2997,MR052585B,glioma,0,4,0.36038065,0.020259673,0.61935973
2998,MR052585B,glioma,0,4,0.98083824,0.0005065095,0.018655283
3005,MR034694,glioma,0,4,0.79519564,0.00027117305,0.20453314
3006,MR034694,glioma,0,4,0.2316998,0.0015240636,0.76677614
3007,MR034694,glioma,0,4,0.96244025,0.009124823,0.028434869
3008,MR034694,glioma,0,4,0.9187373,0.0014556636,0.07980708
3056,MR029209I,glioma,0,4,0.992273,0.007347275,0.0003798534
3057,MR029209I,glioma,0,4,0.9952251,0.0045495555,0.00022535543
3058,MR029209I,glioma,0,4,0.99794966,0.0019213696,0.0001289481
3059,MR029209I,glioma,0,4,0.9980081,0.0019389697,5.2982832e-05
3060,MR029209I,glioma,0,4,0.99967,0.0002791073,5.086985e-05
3061,MR029209I,glioma,0,4,0.9998852,9.015455e-05,2.4649607e-05
3062,MR029209I,glioma,0,4,0.9988175,0.00017404972,0.0010083797
