idx,pid,label,y,fold,p_glioma,p_meningioma,p_pituitary
1,100360,meningioma,1,0,0.883055,0.077249795,0.03969527
7,100572,meningioma,1,0,9.860528e-05,0.4364611,0.5634403
8,100572,meningioma,1,0,0.0010741629,0.20205703,0.79686886
13,101016,meningioma,1,0,5.003574e-06,0.99999475,2.076562e-07
16,101127,meningioma,1,0,0.000120538505,0.6089883,0.39089122
19,101127,meningioma,1,0,0.060915884,0.22930549,0.7097786
21,101797,meningioma,1,0,0.00010999622,0.9998789,1.110916e-05
25,102420,meningioma,1,0,0.00021759534,0.9892674,0.010514966
27,102675,meningioma,1,0,0.02654427,0.97242403,0.001031687
33,102929,meningioma,1,0,0.83502877,0.14755268,0.017418545
38,103673,meningioma,1,0,3.7436625e-06,0.4437191,0.55627716
40,103673,meningioma,1,0,0.00039081872,0.057085916,0.9425233
44,103925,meningioma,1,0,1.21015755e-05,0.087404996,0.9125829
51,104281,meningioma,1,0,0.002116378,0.99782604,5.7545498e-05
54,104281,meningioma,1,0,0.0063768537,0.99314994,0.00047320334
59,58392,pituitary,2,0,1.0649584e-06,0.00018755581,0.99981135
67,106442,meningioma,1,0,0.6344312,0.36347744,0.0020913687
76,106665,meningioma,1,0,0.0015218561,0.9984713,6.774088e-06
77,106665,meningioma,1,0,0.12107659,0.8789198,3.6922997e-06
78,106665,meningioma,1,0,0.6998888,0.29979068,0.0003204656
84,106720,meningioma,1,0,4.840153e-05,0.9999243,2.7293374e-05
88,106914,meningioma,1,0,0.009767728,0.7928466,0.19738567
89,106914,meningioma,1,0,0.0005832099,0.32025582,0.679161
104,108514,meningioma,1,0,0.83084685,0.1665011,0.0026520279
105,108514,meningioma,1,0,0.00038003476,0.9995634,5.6610188e-05
108,108514,meningioma,1,0,4.9123713e-07,0.9999969,2.6813746e-06
110,108514,meningioma,1,0,0.0002560988,0.99968994,5.4017648e-05
111,108550,meningioma,1,0,0.0004423432,0.61936367,0.38019398
114,108590,meningioma,1,0,0.0024483174,0.9973605,0.00019115518
116,108945,meningioma,1,0,0.082982086,0.9170107,7.207463e-06
129,111366,meningioma,1,0,0.00089087704,0.8082707,0.19083846
130,111366,meningioma,1,0,0.0013919274,0.7803818,0.21822628
132,111532,meningioma,1,0,0.5589154,0.44108042,4.1852413e-06
137,112002,meningioma,1,0,0.17971218,0.81423104,0.006056765
139,112062,meningioma,1,0,0.43270355,0.5671356,0.0001609231
140,112062,meningioma,1,0,0.006741658,0.99323696,2.1464568e-05
142,112252,meningioma,1,0,0.045758933,0.9538838,0.000357277
145,112552,meningioma,1,0,4.3797932e-05,0.9997453,0.00021090277
151,112648,meningioma,1,0,0.3021785,0.6810389,0.016782658
152,112648,meningioma,1,0,0.5095899,0.45588177,0.03452833
153,112648,meningioma,1,0,0.22261442,0.6301856,0.14719994
161,113554,meningioma,1,0,6.4363385e-06,0.99989855,9.500004e-05
166,114018,meningioma,1,0,0.00021453423,0.9698613,0.029924123
169,114359,meningioma,1,0,0.73670787,0.26324534,4.6793222e-05
195,98241,meningioma,1,0,2.1547352e-08,0.99999464,5.3149e-06
196,98241,meningioma,1,0,1.2130283e-06,0.9999906,8.270608e-06
200,99089,meningioma,1,0,0.009838297,0.98943955,0.00072224374
201,99089,meningioma,1,0,1.7329598e-05,0.99992573,5.6957586e-05
202,99089,meningioma,1,0,0.00029806144,0.99969184,1.0095806e-05
211,100360,meningioma,1,0,0.8871265,0.112776525,9.70016e-05
212,100360,meningioma,1,0,0.9146289,0.08529741,7.357728e-05
213,100360,meningioma,1,0,0.01811272,0.9738995,0.007987761
214,100360,meningioma,1,0,0.028260693,0.97070014,0.0010391605
215,100360,meningioma,1,0,0.038792823,0.9611875,1.9654586e-05
219,100572,meningioma,1,0,5.3130207e-05,0.8053752,0.19457169
220,100572,meningioma,1,0,0.0013286516,0.62408465,0.37458667
232,101797,meningioma,1,0,2.7464966e-06,0.9998368,0.00016043245
238,102420,meningioma,1,0,0.00080205407,0.9232234,0.075974554
239,102446,meningioma,1,0,0.00014412568,0.9992754,0.0005804511
240,102675,meningioma,1,0,0.052534558,0.947356,0.000109469474
248,102929,meningioma,1,0,0.013938478,0.10940468,0.87665683
251,102929,meningioma,1,0,0.011343178,0.05966595,0.92899084
255,103673,meningioma,1,0,0.00014790852,0.0011980722,0.998654
257,103673,meningioma,1,0,7.081402e-08,0.9710154,0.028984493
266,103925,meningioma,1,0,0.14366001,0.8424954,0.013844647
274,104167,meningioma,1,0,0.05035,0.9396585,0.009991534
276,104281,meningioma,1,0,0.006426588,0.99351645,5.6966397e-05
281,105374,meningioma,1,0,0.00029183042,0.9962627,0.0034454814
283,105555,meningioma,1,0,0.010175478,0.98451394,0.0053105927
284,105555,meningioma,1,0,0.36011812,0.6394198,0.0004620435
287,105937,meningioma,1,0,4.7055682e-06,0.9993018,0.0006934912
293,106284,meningioma,1,0,0.05173027,0.9457235,0.0025462238
306,106720,meningioma,1,0,0.004712104,0.96254516,0.032742728
311,106914,meningioma,1,0,0.05316061,0.9459044,0.0009350361
315,107190,meningioma,1,0,0.54975045,0.4484245,0.0018250273
324,107494,meningioma,1,0,0.0007341838,0.98198235,0.01728344
335,108590,meningioma,1,0,0.008874765,0.9880091,0.0031161867
338,108945,meningioma,1,0,0.010420776,0.9895711,8.11868e-06
343,109968,meningioma,1,0,0.013985614,0.985938,7.643146e-05
345,110116,meningioma,1,0,3.803862e-06,0.004006539,0.9959896
355,111366,meningioma,1,0,0.0068701333,0.97288847,0.020241393
359,111532,meningioma,1,0,5.2742555e-05,0.9999362,1.1107508e-05
363,112002,meningioma,1,0,0.0031369815,0.99680436,5.8739202e-05
367,112062,meningioma,1,0,0.11331415,0.88664764,3.8139544e-05
377,112552,meningioma,1,0,0.07256903,0.5366552,0.39077577
386,113435,meningioma,1,0,0.0011812359,0.99879223,2.650443e-05
388,113435,meningioma,1,0,0.0033217913,0.9954484,0.0012297475
392,113554,meningioma,1,0,0.04710384,0.95284456,5.157386e-05
393,113805,meningioma,1,0,0.33777532,0.6617474,0.00047723803
396,114018,meningioma,1,0,2.4425146e-05,0.10661738,0.8933582
402,114359,meningioma,1,0,0.0006330682,0.9993542,1.2751755e-05
406,97607,meningioma,1,0,8.86688e-07,0.99998784,1.1300874e-05
409,97737,meningioma,1,0,1.5836306e-08,0.9999883,1.1732512e-05
412,97737,meningioma,1,0,7.914388e-05,0.99911565,0.00080526376
431,99017,meningioma,1,0,0.0017095485,0.95058614,0.047704358
449,100572,meningioma,1,0,0.0073865675,0.07000496,0.92260844
453,100920,meningioma,1,0,2.0896938e-07,0.9996039,0.00039580083
454,100920,meningioma,1,0,0.015784899,0.98037684,0.0038382185
457,101016,meningioma,1,0,2.42902e-10,0.9999999,1.2843807e-07
458,101016,meningioma,1,0,1.0037906e-09,1.0,3.178902e-08
467,101797,meningioma,1,0,1.7205499e-05,0.9985668,0.0014159196
469,101797,meningioma,1,0,1.926649e-06,0.99995685,4.1274187e-05
471,101801,meningioma,1,0,0.010386734,0.92459965,0.06501352
477,102446,meningioma,1,0,0.00042530877,0.39205554,0.60751915
478,102675,meningioma,1,0,0.019881787,0.9800878,3.0378038e-05
496,103673,meningioma,1,0,6.4717057e-07,0.0741425,0.9258568
497,103673,meningioma,1,0,6.076691e-08,0.09250121,0.9074987
518,105555,meningioma,1,0,0.011676553,0.98093975,0.007383807
526,106284,meningioma,1,0,9.003917e-05,0.99953747,0.000372466
533,106665,meningioma,1,0,0.04711281,0.9527983,8.879252e-05
548,106914,meningioma,1,0,1.9926689e-05,0.99994695,3.312702e-05
573,108945,meningioma,1,0,0.0005841102,0.9994155,3.9886035e-07
577,109350,meningioma,1,0,0.0011994323,0.99281365,0.0059870034
583,109968,meningioma,1,0,0.00025612258,0.99523073,0.0045130397
595,111532,meningioma,1,0,4.283712e-06,0.99965906,0.00033664185
598,111710,meningioma,1,0,0.0006899441,0.9990994,0.0002107056
602,112002,meningioma,1,0,0.008953622,0.9509191,0.040127255
603,112062,meningioma,1,0,0.0011472852,0.99884903,3.659583e-06
605,112062,meningioma,1,0,0.17864466,0.75653553,0.06481982
606,112252,meningioma,1,0,0.00090293994,0.99842936,0.00066773605
616,112648,meningioma,1,0,0.02403732,0.970205,0.005757683
617,112648,meningioma,1,0,0.056856148,0.9418773,0.0012664889
619,112650,meningioma,1,0,5.5098444e-05,0.99994445,5.1236464e-07
622,113098,meningioma,1,0,0.0017460999,0.99769175,0.0005622483
623,113098,meningioma,1,0,0.033185374,0.96668196,0.00013266876
625,113435,meningioma,1,0,0.0007155862,0.9992561,2.8378534e-05
630,113435,meningioma,1,0,0.0058873734,0.9764519,0.017660758
643,114018,meningioma,1,0,1.0884537e-07,0.9573194,0.04268048
646,114018,meningioma,1,0,0.00021999606,0.5799118,0.4198682
649,114359,meningioma,1,0,2.2997489e-07,0.99999976,9.931566e-09
651,114359,meningioma,1,0,2.3371483e-06,0.9999975,7.942125e-08
656,114417,meningioma,1,0,0.00036062903,0.99963117,8.216748e-06
661,97374,meningioma,1,0,0.00042901025,0.99944276,0.00012822197
678,97943,meningioma,1,0,0.01064104,0.96166253,0.027696492
682,98241,meningioma,1,0,6.192865e-08,0.9999995,3.415672e-07
694,99162,meningioma,1,0,0.028853059,0.9408277,0.030319164
696,99288,meningioma,1,0,0.032304026,0.8557254,0.111970514
698,99308,meningioma,1,0,6.294247e-07,0.99999607,3.369323e-06
703,99815,meningioma,1,0,1.3343032e-05,0.9999863,3.014631e-07
705,99815,meningioma,1,0,9.886237e-11,1.0,1.6916736e-08
707,99815,meningioma,1,0,6.2916112e-09,0.99999976,2.1178502e-07
708,99815,meningioma,1,0,5.9681326e-05,0.9999385,1.8412547e-06
713,106062,pituitary,2,0,1.2726873e-05,0.0005835168,0.9994037
714,106062,pituitary,2,0,1.1771203e-06,0.0015229222,0.99847585
715,100820,glioma,0,0,0.9301301,0.06881681,0.0010531631
719,101020,glioma,0,0,0.5673651,0.4311102,0.0015247206
720,101020,glioma,0,0,0.9893227,0.010506476,0.00017072083
726,103148,glioma,0,0,0.76938057,0.22988454,0.0007349014
727,103148,glioma,0,0,0.9634415,0.03620872,0.00034984015
732,106494,glioma,0,0,0.99247134,0.006987441,0.000541191
739,107747,glioma,0,0,0.0763973,0.92359585,6.912634e-06
741,112105,glioma,0,0,0.62209946,0.048483294,0.3294173
745,112105,glioma,0,0,0.9908235,0.008990673,0.00018582016
749,100820,glioma,0,0,0.95744,0.042393267,0.00016669602
751,100820,glioma,0,0,0.15828633,0.8386839,0.0030297206
753,101020,glioma,0,0,0.29310665,0.70664865,0.0002445971
766,103148,glioma,0,0,0.6957934,0.30402377,0.00018285667
775,107747,glioma,0,0,0.74254256,0.24786325,0.009594207
779,112027,glioma,0,0,0.044488218,0.9554207,9.111594e-05
780,112027,glioma,0,0,0.37495983,0.62458277,0.00045741384
786,112105,glioma,0,0,0.9873673,0.01155822,0.001074569
787,112105,glioma,0,0,0.9918465,0.0072830673,0.00087050354
791,112105,glioma,0,0,0.9247493,0.075162046,8.858411e-05
792,88670,glioma,0,0,0.9049286,0.09477644,0.0002948917
793,88670,glioma,0,0,0.9053315,0.09242776,0.0022407062
796,88670,glioma,0,0,0.94010127,0.05973315,0.0001656824
799,90284,glioma,0,0,0.97073436,0.019726751,0.009538874
800,90284,glioma,0,0,0.996971,0.0005010674,0.0025278607
802,90284,glioma,0,0,0.9956055,0.0034372292,0.0009572526
805,90284,glioma,0,0,0.99532396,0.0030134504,0.001662725
806,90284,glioma,0,0,0.99472636,0.0014494461,0.0038242303
816,97609,glioma,0,0,0.98496234,0.015020177,1.7483331e-05
822,100820,glioma,0,0,0.18665746,0.81288177,0.00046074716
826,100820,glioma,0,0,0.03310911,0.938388,0.02850287
828,101020,glioma,0,0,0.03569526,0.9555968,0.008708012
834,101384,glioma,0,0,0.7960797,0.20238844,0.0015319146
835,101384,glioma,0,0,0.9966695,0.0033179075,1.2637437e-05
839,102075,glioma,0,0,0.09911727,0.9008421,4.0657214e-05
849,106494,glioma,0,0,0.9986355,0.0010475778,0.0003169422
852,106494,glioma,0,0,0.90258014,0.090375714,0.0070441286
856,107747,glioma,0,0,0.37447354,0.6109892,0.014537289
858,108479,glioma,0,0,0.079367965,0.010493755,0.9101383
859,112105,glioma,0,0,0.9968829,0.0030781545,3.9030074e-05
860,112105,glioma,0,0,0.98685545,0.013102313,4.229018e-05
861,112105,glioma,0,0,0.16322637,0.8177357,0.019038003
867,88670,glioma,0,0,0.9364864,0.06343636,7.7240344e-05
872,90284,glioma,0,0,0.9354999,0.050359283,0.014140775
875,90284,glioma,0,0,0.37049317,0.6119005,0.017606288
882,92897,glioma,0,0,0.11583177,0.84682065,0.037347596
884,93329,glioma,0,0,0.4517538,0.54712206,0.0011241578
891,93825,glioma,0,0,0.9983493,0.0013548775,0.0002959069
893,94731,glioma,0,0,0.12295018,0.79974943,0.07730035
894,94731,glioma,0,0,0.026206754,0.97313833,0.0006549202
900,95142,glioma,0,0,0.9655896,0.03439707,1.3338211e-05
901,95142,glioma,0,0,0.04489486,0.955085,2.0187115e-05
903,95142,glioma,0,0,0.7566582,0.24136585,0.0019759608
904,96587,glioma,0,0,0.6563132,0.3434594,0.0002273228
908,97609,glioma,0,0,0.9799156,0.020073904,1.0507782e-05
913,98889,glioma,0,0,0.9942847,0.005700338,1.4877695e-05
914,98889,glioma,0,0,0.9326291,0.067347705,2.3238495e-05
924,106062,pituitary,2,0,2.920273e-05,0.0005737081,0.99939704
939,107505,pituitary,2,0,8.717778e-05,8.657685e-05,0.99982625
940,107505,pituitary,2,0,6.1414234e-05,0.00027296215,0.9996656
945,107505,pituitary,2,0,2.5174728e-05,4.321257e-05,0.9999316
946,107743,pituitary,2,0,2.2604584e-07,0.00035500794,0.99964476
959,109471,pituitary,2,0,2.8844599e-05,0.15116833,0.8488028
961,109471,pituitary,2,0,0.00051707646,0.073844284,0.9256387
967,109898,pituitary,2,0,7.752559e-06,0.00866057,0.9913317
968,109898,pituitary,2,0,9.727653e-06,0.0020642239,0.997926
970,109898,pituitary,2,0,1.72384e-05,0.003297502,0.9966852
972,110518,pituitary,2,0,4.338397e-05,0.046911273,0.95304537
979,110993,pituitary,2,0,4.431193e-06,0.00047079677,0.99952483
980,111075,pituitary,2,0,4.627677e-05,0.0012986009,0.9986551
981,111075,pituitary,2,0,6.693218e-06,0.00039798178,0.99959534
984,111075,pituitary,2,0,2.4033213e-06,5.0213515e-05,0.9999474
986,111125,pituitary,2,0,2.0870118e-06,0.00021961617,0.99977833
993,111785,pituitary,2,0,2.3716336e-06,0.00141238,0.9985852
1014,113741,pituitary,2,0,2.0402865e-08,0.00010335126,0.99989665
1015,114040,pituitary,2,0,3.5800917e-05,0.0012848679,0.99867934
1035,106062,pituitary,2,0,3.9271366e-05,0.00078074343,0.99918
1036,106062,pituitary,2,0,1.30855215e-05,0.00034632103,0.9996406
1046,107495,pituitary,2,0,1.7958915e-05,4.1700016e-05,0.9999404
1047,107429,pituitary,2,0,5.2354055e-05,0.016508048,0.9834396
1048,107429,pituitary,2,0,1.0582215e-08,0.00012702547,0.9998729
1054,107505,pituitary,2,0,2.2397006e-05,2.7406288e-05,0.9999502
1066,108858,pituitary,2,0,4.6581466e-05,3.7994618e-05,0.99991536
1068,108858,pituitary,2,0,0.00017157765,0.0008346448,0.9989938
1070,108931,pituitary,2,0,7.065571e-06,0.00021560473,0.9997774
1078,109471,pituitary,2,0,3.6264282e-06,5.2275154e-05,0.9999441
1079,109471,pituitary,2,0,0.00015034646,7.346144e-05,0.9997762
1083,109769,pituitary,2,0,5.662857e-08,1.7124461e-06,0.9999982
1085,109769,pituitary,2,0,3.9406748e-07,0.00018412723,0.9998155
1091,109898,pituitary,2,0,8.29324e-06,0.0017595704,0.9982322
1095,110518,pituitary,2,0,2.833333e-05,0.0005150252,0.9994566
1108,110993,pituitary,2,0,2.2571326e-06,1.7051125e-06,0.99999607
1109,110993,pituitary,2,0,7.1117285e-07,1.283968e-05,0.9999864
1112,111075,pituitary,2,0,8.54027e-07,1.2914843e-06,0.99999785
1122,111125,pituitary,2,0,7.146077e-07,3.2576307e-05,0.99996674
1123,111125,pituitary,2,0,3.4264056e-05,0.00014659812,0.9998192
1127,111785,pituitary,2,0,0.000114514056,5.7210775e-05,0.9998282
1132,112074,pituitary,2,0,2.321746e-05,0.0035955159,0.9963813
1134,112649,pituitary,2,0,5.807248e-05,9.7778875e-06,0.99993217
1141,112746,pituitary,2,0,3.2341297e-05,9.243806e-05,0.9998752
1167,105936,pituitary,2,0,7.540303e-06,4.9711857e-06,0.9999875
1169,106062,pituitary,2,0,2.9197261e-05,2.4043115e-05,0.9999467
1171,106062,pituitary,2,0,0.00015398015,0.00030404475,0.999542
1172,106062,pituitary,2,0,0.0011521451,0.0006003495,0.9982475
1173,106062,pituitary,2,0,0.00042445792,0.0002787111,0.9992968
1174,106062,pituitary,2,0,0.00017302441,0.00013687332,0.9996902
1176,107495,pituitary,2,0,7.599189e-06,6.81911e-06,0.9999856
1185,107429,pituitary,2,0,1.2622986e-07,0.006508368,0.9934915
1208,109471,pituitary,2,0,7.664762e-06,0.00016177022,0.9998305
1212,109471,pituitary,2,0,4.9666905e-06,0.0009022819,0.9990928
1216,109769,pituitary,2,0,9.111383e-05,6.814017e-05,0.99984074
1220,109898,pituitary,2,0,0.0058504683,0.0003677485,0.99378175
1222,110518,pituitary,2,0,1.1624439e-05,0.0002447148,0.99974364
1234,111075,pituitary,2,0,6.4178033e-07,2.6065416e-05,0.9999733
1237,111075,pituitary,2,0,0.000409434,0.0035227826,0.99606776
1238,111125,pituitary,2,0,1.6530152e-05,0.00093196414,0.9990515
1242,111785,pituitary,2,0,0.001108828,0.00012997274,0.9987612
1262,112847,pituitary,2,0,3.8204147e-05,6.187334e-05,0.99989986
1263,112847,pituitary,2,0,6.6390858e-06,1.7689023e-05,0.9999757
1265,112847,pituitary,2,0,2.1488899e-05,9.774897e-06,0.99996877
1270,113741,pituitary,2,0,8.943377e-05,9.306507e-05,0.99981755
1285,101145,pituitary,2,0,2.5492889e-06,0.0054047117,0.9945927
1286,101145,pituitary,2,0,2.4904339e-05,0.021205107,0.97877
1292,101305,pituitary,2,0,7.782698e-06,0.00016063859,0.99983156
1293,101724,pituitary,2,0,5.5385317e-06,0.0016318848,0.9983626
1296,102648,pituitary,2,0,0.009963725,0.0005102433,0.98952603
1298,102648,pituitary,2,0,0.024349455,0.006206121,0.9694444
1299,102648,pituitary,2,0,0.0042635542,0.037376735,0.9583597
1301,103046,pituitary,2,0,5.3306035e-08,0.0027191446,0.99728084
1311,103478,pituitary,2,0,7.839482e-06,0.03126506,0.9687271
1314,103478,pituitary,2,0,5.288088e-05,0.059932206,0.94001496
1315,103478,pituitary,2,0,9.089227e-05,0.81064534,0.18926372
1318,103582,pituitary,2,0,0.0017299675,0.035714313,0.96255577
1335,103731,pituitary,2,0,2.7242825e-06,0.00015811525,0.9998392
1338,103731,pituitary,2,0,0.000108803746,1.4824886e-05,0.9998764
1340,103837,pituitary,2,0,2.5010632e-07,0.19418721,0.8058126
1344,103837,pituitary,2,0,2.3189166e-07,0.00025803663,0.99974173
1346,103837,pituitary,2,0,6.9491552e-06,0.0043621096,0.995631
1355,104558,pituitary,2,0,6.7246234e-05,0.115074895,0.88485783
1358,104558,pituitary,2,0,1.0422688e-06,0.7043828,0.2956162
1362,104684,pituitary,2,0,1.32491e-07,6.7237233e-06,0.9999931
1363,104684,pituitary,2,0,4.5143338e-08,2.2320493e-05,0.9999776
1365,104684,pituitary,2,0,1.5670842e-06,0.0010250349,0.99897337
1370,104912,pituitary,2,0,6.462948e-06,0.0033518258,0.99664176
1371,104912,pituitary,2,0,1.9754227e-06,0.0012852222,0.9987128
1389,97416,pituitary,2,0,9.264258e-06,0.0005847119,0.999406
1392,97416,pituitary,2,0,0.0023676865,0.047877684,0.9497546
1395,97461,pituitary,2,0,0.0038063738,0.006621562,0.98957205
1398,97461,pituitary,2,0,2.3701723e-05,0.0012881213,0.99868816
1400,97461,pituitary,2,0,2.7793789e-05,0.024010666,0.9759615
1404,97481,pituitary,2,0,0.0113333,0.03628337,0.9523834
1405,97481,pituitary,2,0,8.767748e-05,0.113262385,0.8866499
1408,97599,pituitary,2,0,3.5780584e-05,0.0043047857,0.9956594
1411,97890,pituitary,2,0,9.8431876e-08,0.00032924055,0.9996706
1418,98472,pituitary,2,0,3.1541123e-05,0.017171385,0.982797
1419,98472,pituitary,2,0,9.862174e-05,0.014152069,0.98574924
1427,98871,pituitary,2,0,4.9416353e-06,0.0033357155,0.9966594
1436,98992,pituitary,2,0,0.0006481361,0.039773468,0.95957834
1444,98995,pituitary,2,0,3.5462162e-05,0.024048278,0.9759162
1448,99223,pituitary,2,0,0.0006877134,0.008276873,0.99103534
1454,99223,pituitary,2,0,3.8129713e-06,0.00014064982,0.9998555
1461,101017,pituitary,2,0,4.248633e-07,0.00025996935,0.9997396
1464,101029,pituitary,2,0,2.005256e-06,4.6876772e-05,0.9999511
1470,101145,pituitary,2,0,2.0733823e-06,8.0717306e-05,0.99991715
1479,101305,pituitary,2,0,2.6121768e-05,8.401203e-05,0.99988985
1487,102669,pituitary,2,0,2.3945054e-07,0.00031272665,0.9996871
1490,103046,pituitary,2,0,5.5588407e-07,8.858245e-06,0.9999906
1499,103478,pituitary,2,0,1.2857966e-07,0.0003343716,0.9996655
1504,103478,pituitary,2,0,9.0417217e-07,5.5928376e-05,0.99994314
1508,103582,pituitary,2,0,4.1580645e-08,0.000343986,0.99965596
1516,103671,pituitary,2,0,5.7375206e-07,4.4902485e-05,0.9999546
1517,103671,pituitary,2,0,2.7160777e-07,1.664878e-05,0.9999831
1519,103671,pituitary,2,0,5.020542e-07,3.0127178e-05,0.99996936
1525,103731,pituitary,2,0,8.056399e-06,9.680683e-05,0.9998951
1552,104912,pituitary,2,0,9.2279615e-06,7.1067698e-06,0.99998367
1553,104912,pituitary,2,0,6.947807e-05,6.252286e-06,0.9999243
1554,104912,pituitary,2,0,2.892213e-05,0.00018234133,0.9997887
1556,104912,pituitary,2,0,0.00010111761,0.00024496202,0.99965394
1559,105187,pituitary,2,0,5.5163834e-09,2.2199315e-06,0.99999774
1562,105187,pituitary,2,0,1.0964568e-06,3.3174718e-05,0.9999658
1565,105475,pituitary,2,0,1.7256128e-06,0.00072698295,0.99927133
1566,105538,pituitary,2,0,0.011200078,0.74687946,0.24192052
1574,97416,pituitary,2,0,0.00037159352,0.0031385694,0.9964898
1585,97461,pituitary,2,0,2.4257835e-07,3.3839085e-06,0.9999964
1589,97481,pituitary,2,0,3.912827e-06,0.00013357885,0.99986243
1593,97481,pituitary,2,0,1.2998826e-06,0.00042843082,0.9995703
1596,97890,pituitary,2,0,1.4521229e-06,6.339401e-06,0.99999225
1628,98995,pituitary,2,0,7.373456e-07,0.00022660999,0.9997726
1629,98995,pituitary,2,0,9.441099e-07,0.0013573846,0.99864167
1631,98995,pituitary,2,0,1.993739e-07,0.04820563,0.95179415
1634,99223,pituitary,2,0,8.525332e-07,0.00025469833,0.9997445
1641,101017,pituitary,2,0,5.017977e-07,5.963315e-07,0.9999989
1644,101029,pituitary,2,0,4.491003e-06,6.84599e-06,0.9999887
1650,101029,pituitary,2,0,2.73676e-06,5.2519088e-05,0.9999447
1657,101305,pituitary,2,0,5.065513e-05,0.0009897932,0.99895954
1658,101305,pituitary,2,0,6.921417e-05,0.00017843429,0.99975234
1667,102648,pituitary,2,0,0.2536937,0.0016906176,0.7446157
1678,103257,pituitary,2,0,3.0699786e-05,0.000517177,0.9994522
1680,103257,pituitary,2,0,0.00020153202,0.0013258378,0.99847263
1683,103257,pituitary,2,0,3.0844658e-05,0.00043242518,0.99953675
1684,103478,pituitary,2,0,8.908655e-06,2.2237737e-05,0.9999689
1686,103478,pituitary,2,0,0.000114267976,0.00027836466,0.9996074
1689,103478,pituitary,2,0,1.0134818e-06,5.3068215e-06,0.9999937
1690,103478,pituitary,2,0,1.9599654e-06,2.6563855e-05,0.9999715
1692,103582,pituitary,2,0,1.2094193e-06,3.0482537e-05,0.9999683
1696,103582,pituitary,2,0,2.5753375e-06,3.0149387e-05,0.9999672
1707,103671,pituitary,2,0,8.151506e-06,0.00010597895,0.9998858
1712,103731,pituitary,2,0,4.329122e-06,8.954282e-05,0.99990606
1714,103837,pituitary,2,0,0.00011431525,0.0037550079,0.9961307
1724,104019,pituitary,2,0,1.3557538e-05,0.00034038303,0.99964607
1727,104558,pituitary,2,0,0.00015926738,0.0014260607,0.99841464
1729,104558,pituitary,2,0,8.0390955e-06,7.826198e-05,0.9999137
1731,104558,pituitary,2,0,4.4763783e-05,0.0012547756,0.9987004
1734,104684,pituitary,2,0,1.0105401e-05,6.1867877e-06,0.99998367
1737,104684,pituitary,2,0,8.811997e-06,2.7316302e-05,0.9999639
1742,104912,pituitary,2,0,0.00025581673,0.0006170786,0.9991271
1743,104912,pituitary,2,0,0.0042620534,8.973306e-05,0.9956482
1745,104912,pituitary,2,0,5.0413542e-05,1.1036355e-05,0.9999385
1746,104912,pituitary,2,0,8.718014e-05,2.3297296e-05,0.9998895
1748,105187,pituitary,2,0,1.8238441e-06,0.00029646463,0.9997017
1753,105187,pituitary,2,0,9.035365e-07,3.6382928e-05,0.9999627
1761,105638,pituitary,2,0,4.16685e-05,5.305619e-06,0.99995303
1768,97416,pituitary,2,0,1.507988e-05,0.0003865146,0.99959844
1770,97416,pituitary,2,0,3.1113825e-05,0.0024246494,0.9975442
1784,97481,pituitary,2,0,4.154758e-06,0.00010281198,0.99989307
1788,97599,pituitary,2,0,1.4245481e-07,0.0007632762,0.9992366
1792,97890,pituitary,2,0,1.1139268e-06,0.0001976652,0.9998012
1794,97890,pituitary,2,0,3.1158427e-07,1.2096497e-05,0.9999876
1795,98472,pituitary,2,0,5.8171436e-06,0.001012562,0.99898165
1797,98472,pituitary,2,0,0.00020148327,0.0032500746,0.9965485
1806,98871,pituitary,2,0,0.0013452679,0.00014416433,0.99851054
1807,98871,pituitary,2,0,0.000615416,0.00041093517,0.9989736
1810,98871,pituitary,2,0,0.0017349521,0.00031298786,0.99795204
1811,98871,pituitary,2,0,0.0015622749,0.000100537574,0.99833715
1812,98871,pituitary,2,0,3.1762578e-05,6.0882718e-05,0.9999074
1813,98874,pituitary,2,0,1.368875e-05,0.0012765239,0.9987098
1818,98874,pituitary,2,0,0.0006658152,0.0024179344,0.9969163
1831,98995,pituitary,2,0,5.5881156e-07,1.3996414e-05,0.99998546
1832,98995,pituitary,2,0,2.8481538e-06,0.00089002954,0.99910706
1840,99223,pituitary,2,0,1.0607185e-08,2.8454235e-05,0.9999715
1857,MR048621B,glioma,0,0,0.99780005,0.0008780016,0.0013219944
1862,MR048944,glioma,0,0,0.97736144,0.020352174,0.0022863685
1863,MR048944,glioma,0,0,0.98392385,0.015390057,0.0006859966
1870,MR048994,glioma,0,0,0.99672383,0.003224209,5.1908904e-05
1873,MR048994,glioma,0,0,0.9990183,0.000978762,2.8474933e-06
1878,MR048994,glioma,0,0,0.83737093,0.16259019,3.8796315e-05
1879,MR049104,glioma,0,0,0.99776983,0.0010581395,0.0011720229
1882,MR049142,glioma,0,0,0.9174958,0.08020138,0.0023028334
1889,MR048994B,glioma,0,0,0.99999905,6.7598296e-07,2.1990996e-07
1895,MR048944B,glioma,0,0,0.9999865,6.1906185e-06,7.2902e-06
1897,MR048944B,glioma,0,0,0.999995,2.8617876e-06,2.1280653e-06
1898,MR048944B,glioma,0,0,0.9999981,8.1303205e-07,1.1228245e-06
1902,MR049358,glioma,0,0,0.99926215,0.00041668967,0.00032113356
1905,MR049358,glioma,0,0,0.9999399,6.7666565e-06,5.334055e-05
1913,MR049104B,glioma,0,0,0.999496,6.059428e-05,0.00044330902
1918,MR049453,glioma,0,0,0.999992,6.4705823e-06,1.5452634e-06
1926,MR024780G,glioma,0,0,0.9999945,4.0714602e-07,5.093888e-06
1929,MR024780G,glioma,0,0,0.99917406,0.00033923236,0.000486644
1932,MR024780G,glioma,0,0,0.99976665,7.4448653e-06,0.00022591082
1940,MR049453B,glioma,0,0,0.9999994,1.2126543e-07,4.7455381e-07
1947,MR048294B,glioma,0,0,0.99998426,5.2498704e-06,1.0481198e-05
1954,MR050135B,glioma,0,0,0.9999672,3.0202713e-05,2.6045466e-06
1958,MR050135B,glioma,0,0,0.999876,6.70317e-07,0.00012326936
1959,MR050135B,glioma,0,0,0.9999598,5.1051023e-07,3.966307e-05
1974,MR050791B,glioma,0,0,0.8679487,0.13044646,0.0016048134
1977,MR050791B,glioma,0,0,0.9161977,0.07443851,0.009363767
1980,MR050791B,glioma,0,0,0.9993524,0.0005336279,0.00011398625
1988,MR026175C,glioma,0,0,0.99927324,0.00045651017,0.00027030543
1992,MR026175C,glioma,0,0,0.9998286,5.1855684e-05,0.000119529555
1995,MR026175C,glioma,0,0,0.9999665,2.4977116e-05,8.414632e-06
1999,MR051461,glioma,0,0,0.9999982,1.7979823e-06,2.982676e-08
2002,MR051461,glioma,0,0,0.9999981,1.6962376e-06,2.3508491e-07
2003,MR051461,glioma,0,0,0.99999535,3.6915428e-06,8.9488407e-07
2030,MR051644,glioma,0,0,0.99607784,0.0034060983,0.0005160093
2031,MR051644,glioma,0,0,0.9470872,0.05211614,0.00079664966
2041,MR051796,glioma,0,0,0.99999774,1.9686001e-06,2.2528383e-07
2043,MR051796,glioma,0,0,0.9989017,0.0010977015,5.8970727e-07
2056,MR051644B,glioma,0,0,0.99998856,9.478898e-06,1.9013038e-06
2057,MR051644B,glioma,0,0,0.99993527,6.104267e-05,3.6553856e-06
2061,MR052550,glioma,0,0,0.9996463,0.00031084515,4.290303e-05
2062,MR052550,glioma,0,0,0.9998443,0.00013078326,2.4926096e-05
2064,MR052550,glioma,0,0,0.9999826,8.882682e-06,8.434364e-06
2079,MR049942B,glioma,0,0,0.9999263,2.1529155e-05,5.212006e-05
2086,MR047953C,glioma,0,0,0.999841,2.0314394e-05,0.00013874428
2088,MR053110B,glioma,0,0,0.9949169,0.0048023476,0.00028068203
2089,MR053110B,glioma,0,0,0.9992735,0.0005696238,0.00015684342
2093,MR034694,glioma,0,0,0.9998919,8.474479e-05,2.3319892e-05
2097,MR054683,glioma,0,0,0.99669826,0.0003244858,0.0029773198
2100,MR054875,glioma,0,0,0.99839157,0.00046277203,0.0011456569
2105,MR050687C,glioma,0,0,0.9995968,0.00022301519,0.00018018205
2109,MR056144,glioma,0,0,0.99999785,4.1941192e-07,1.718702e-06
2119,MR029209E,glioma,0,0,0.99998474,1.5100122e-06,1.3703193e-05
2132,MR053110E,glioma,0,0,0.9996618,4.4229695e-05,0.00029403134
2134,MR049019G,glioma,0,0,0.99994314,3.5183413e-05,2.1659362e-05
2136,MR049019G,glioma,0,0,0.99999094,5.07029e-06,3.911047e-06
2140,MR049019G,glioma,0,0,0.99985826,0.0001358437,5.893711e-06
2142,MR031409B,glioma,0,0,0.9997942,0.00020466294,1.1427004e-06
2145,MR024780D,glioma,0,0,0.9999981,8.2928597e-07,1.1207062e-06
2146,MR038469,glioma,0,0,0.14905822,0.84495056,0.0059913243
2147,MR038469,glioma,0,0,0.47799712,0.5200874,0.0019154946
2152,MR038469,glioma,0,0,0.99994826,5.9836148e-06,4.5812758e-05
2153,MR032322C,glioma,0,0,0.9999014,8.5232554e-05,1.3339521e-05
2156,MR032322C,glioma,0,0,0.9999677,3.231623e-05,5.7846776e-08
2162,MR032322C,glioma,0,0,0.99982315,0.00014957794,2.7282233e-05
2163,MR032322C,glioma,0,0,0.9995877,0.00039653323,1.5781376e-05
2164,MR032322C,glioma,0,0,0.9984693,0.0011791519,0.00035143332
2165,MR032322C,glioma,0,0,0.9946896,0.0052358103,7.453077e-05
2172,MR037458B,glioma,0,0,0.8883621,0.111579865,5.7994555e-05
2175,MR039473,glioma,0,0,0.999816,1.535638e-05,0.00016859485
2177,MR039473,glioma,0,0,0.9999101,1.0528055e-05,7.940216e-05
2186,MR037458C,glioma,0,0,0.9625985,0.0078303935,0.029571136
2202,MR040240,glioma,0,0,0.99997747,1.475618e-05,7.75774e-06
2213,MR040240B,glioma,0,0,0.9999988,8.888838e-07,3.7746122e-07
2225,MR036496B,glioma,0,0,0.99998164,1.8173265e-05,2.4919842e-07
2228,MR036496B,glioma,0,0,0.9999621,3.6158413e-05,1.7688401e-06
2232,MR033420,glioma,0,0,0.9998975,7.218797e-05,3.0315716e-05
2242,MR048994,glioma,0,0,0.99153954,0.008455114,5.2641553e-06
2251,MR048994B,glioma,0,0,0.99998844,4.892738e-06,6.6549487e-06
2252,MR048994B,glioma,0,0,0.9999925,2.281728e-06,5.2428536e-06
2253,MR048994B,glioma,0,0,0.9999465,5.8025453e-06,4.7678186e-05
2256,MR048944B,glioma,0,0,0.9996904,5.445281e-07,0.0003090336
2264,MR049358,glioma,0,0,0.99999785,1.9536944e-06,2.496987e-07
2265,MR049358,glioma,0,0,0.9999982,1.5144428e-06,2.3885352e-07
2267,MR049358,glioma,0,0,0.99994063,5.2019455e-05,7.430016e-06
2275,MR049453,glioma,0,0,0.9998925,0.000100722726,6.7574624e-06
2293,MR049453B,glioma,0,0,0.99965286,0.00024931983,9.784516e-05
2294,MR049453B,glioma,0,0,0.9976927,0.00039471965,0.0019125321
2295,MR049453B,glioma,0,0,0.99984276,2.3409008e-05,0.00013388129
2301,MR050135B,glioma,0,0,0.9999969,1.9507806e-06,1.1740542e-06
2305,MR050135B,glioma,0,0,0.9999583,2.8472943e-05,1.3237386e-05
2312,MR050687,glioma,0,0,0.99872106,0.0012780891,8.794731e-07
2318,MR050791B,glioma,0,0,0.9959459,0.003969098,8.5040505e-05
2321,MR049019C,glioma,0,0,0.9839665,8.415051e-05,0.015949365
2323,MR049019C,glioma,0,0,0.9941148,6.928304e-06,0.0058783577
2329,MR026175C,glioma,0,0,0.9999802,1.9309848e-05,4.3041553e-07
2332,MR026175C,glioma,0,0,0.9999403,3.921091e-05,2.0551308e-05
2335,MR051461,glioma,0,0,0.9941725,0.00582716,3.2636086e-07
2339,MR051461,glioma,0,0,0.9999999,1.2951038e-07,5.8648997e-08
2340,MR051461,glioma,0,0,0.9999975,2.1049175e-06,3.336166e-07
2343,MR051586,glioma,0,0,0.9999455,5.388085e-05,5.950096e-07
2367,MR040240C,glioma,0,0,0.9998343,1.951499e-05,0.00014615279
2369,MR040240C,glioma,0,0,0.999851,3.6676814e-05,0.000112309
2377,MR040240D,glioma,0,0,0.9999726,1.3430734e-05,1.3955356e-05
2381,MR040240D,glioma,0,0,0.9999759,2.002803e-05,3.9940937e-06
2383,MR040240D,glioma,0,0,0.9999987,2.6372155e-07,1.0555151e-06
2384,MR017260F,glioma,0,0,0.99960476,5.5169934e-05,0.00034004432
2385,MR017260F,glioma,0,0,0.99960893,0.000103815866,0.00028732
2387,MR017260F,glioma,0,0,0.999814,8.184419e-05,0.00010422071
2389,MR017260F,glioma,0,0,0.9999466,3.7600337e-05,1.582026e-05
2401,MR029209I,glioma,0,0,0.9999882,1.1578053e-05,2.7058152e-07
2404,MR048294,glioma,0,0,0.9998424,1.6208649e-05,0.00014131215
2405,MR048294,glioma,0,0,0.9999465,2.1620861e-05,3.199625e-05
2409,MR048294,glioma,0,0,0.99994946,2.6219344e-05,2.437471e-05
2411,MR048297,glioma,0,0,0.99943894,0.00055730983,3.6540941e-06
2414,MR048297,glioma,0,0,0.9999714,1.8616605e-05,9.996285e-06
2415,MR048294B,glioma,0,0,0.9999262,2.7687852e-07,7.3597366e-05
2421,MR048621B,glioma,0,0,0.999931,4.1178686e-05,2.7914168e-05
2424,MR048621B,glioma,0,0,0.9999509,6.55982e-07,4.8414586e-05
2428,MR048944,glioma,0,0,0.9994672,0.0005290066,3.755746e-06
2447,MR040240,glioma,0,0,0.99979025,0.00019854077,1.115265e-05
2458,MR040240B,glioma,0,0,0.99994504,9.050948e-06,4.5907036e-05
2461,MR040240B,glioma,0,0,0.9998411,0.00013410061,2.4828389e-05
2464,MR029209G,glioma,0,0,0.99990475,9.088707e-05,4.3622294e-06
2465,MR029209G,glioma,0,0,0.99955183,0.00043193175,1.6155549e-05
2473,MR036496B,glioma,0,0,0.99980026,0.00019906073,7.5627736e-07
2489,MR033389B,glioma,0,0,0.99999547,4.480749e-06,1.4072315e-08
2495,MR033389B,glioma,0,0,0.99911255,0.00083868625,4.8664067e-05
2503,MR026175E,glioma,0,0,0.999954,4.487493e-05,1.206316e-06
2504,MR026175E,glioma,0,0,0.9999802,1.9459496e-05,4.003322e-07
2507,MR026175E,glioma,0,0,0.9999771,2.1278396e-05,1.5835662e-06
2510,MR040240C,glioma,0,0,0.998841,0.0005022284,0.0006568121
2512,MR040240C,glioma,0,0,0.9999113,8.586037e-05,2.8668774e-06
2523,MR040240C,glioma,0,0,0.9999455,5.176845e-05,2.695466e-06
2526,MR017260F,glioma,0,0,0.9969553,0.0030415205,3.2559005e-06
2537,MR029209I,glioma,0,0,0.9999865,1.2588494e-05,8.904578e-07
2542,MR048294,glioma,0,0,0.98493123,0.015047719,2.0981073e-05
2556,MR051644,glioma,0,0,0.9978447,0.0021540693,1.2095759e-06
2559,MR051644,glioma,0,0,0.9981779,0.001811901,1.0174607e-05
2563,MR051644,glioma,0,0,0.99987864,0.00012054156,8.768774e-07
2573,MR051796,glioma,0,0,0.9983847,0.00012647295,0.0014887801
2583,MR051651B,glioma,0,0,0.99638355,0.0024936614,0.0011228283
2585,MR051651B,glioma,0,0,0.9887263,0.005806737,0.00546696
2586,MR051796B,glioma,0,0,0.99998033,1.0661166e-05,9.075894e-06
2587,MR051796B,glioma,0,0,0.99996865,2.1320861e-06,2.9232922e-05
2591,MR052550,glioma,0,0,0.9999976,7.964027e-07,1.5614756e-06
2595,MR051644C,glioma,0,0,0.99954695,0.00043659518,1.6493554e-05
2596,MR051644C,glioma,0,0,0.9994723,0.00052668387,1.0932225e-06
2604,MR051644C,glioma,0,0,0.9999708,1.1587451e-05,1.7590944e-05
2607,MR051644C,glioma,0,0,0.9999778,1.6204891e-05,5.947114e-06
2609,MR049942B,glioma,0,0,0.9999541,9.363231e-06,3.646762e-05
2611,MR049942B,glioma,0,0,0.99995196,2.600593e-06,4.5364468e-05
2612,MR047953C,glioma,0,0,0.9989225,0.0009171967,0.0001603099
2621,MR053110B,glioma,0,0,0.9999937,1.1451693e-06,5.181166e-06
2628,MR034694,glioma,0,0,0.99999905,7.927355e-07,1.1615937e-07
2633,MR054683,glioma,0,0,0.9988912,0.00017869422,0.0009300913
2641,MR049242C,glioma,0,0,0.99994063,9.799076e-06,4.962941e-05
2643,MR049242C,glioma,0,0,0.9999707,1.2485745e-05,1.675876e-05
2656,MR034997,glioma,0,0,0.9999981,1.609584e-06,2.1046004e-07
2667,MR053110E,glioma,0,0,0.99064857,0.0077860965,0.0015653095
2670,MR053110E,glioma,0,0,0.998044,0.0017968277,0.00015918366
2686,MR038469,glioma,0,0,0.9997944,0.00016196026,4.3642554e-05
2690,MR032322C,glioma,0,0,0.9984894,0.0015095982,9.4059965e-07
2696,MR032322C,glioma,0,0,0.9999865,1.3106388e-05,4.0053334e-07
2719,MR039473B,glioma,0,0,0.9999924,5.2881853e-07,7.1380496e-06
2741,MR053110E,glioma,0,0,0.9956388,0.004335569,2.5577798e-05
2744,MR049019G,glioma,0,0,0.9998579,0.000107865606,3.422923e-05
2748,MR031409B,glioma,0,0,0.99935204,0.00021935908,0.00042859084
2755,MR038469,glioma,0,0,0.99233466,0.0029374533,0.0047279308
2760,MR032322C,glioma,0,0,0.9999454,4.582215e-05,8.825306e-06
2761,MR032322C,glioma,0,0,0.988052,0.011424903,0.0005230582
2764,MR032322C,glioma,0,0,0.99969447,2.8434824e-05,0.00027703293
2772,MR037458B,glioma,0,0,0.9609697,0.038994107,3.6224974e-05
2774,MR039473,glioma,0,0,0.9988784,0.00057198375,0.00054952514
2777,MR039473,glioma,0,0,0.99987423,1.0595534e-05,0.00011517484
2784,MR039473B,glioma,0,0,0.9989736,0.00023142587,0.00079505326
2786,MR039473B,glioma,0,0,0.9988452,5.704074e-06,0.00114909
2795,MR040240B,glioma,0,0,0.99999285,3.5468406e-06,3.622188e-06
2799,MR040240B,glioma,0,0,0.99964964,0.00034629364,4.0965856e-06
2806,MR036496B,glioma,0,0,0.99999654,3.5153075e-06,1.1252614e-08
2807,MR036496B,glioma,0,0,0.9999883,1.1623071e-05,4.2824304e-08
2808,MR036496B,glioma,0,0,0.998459,0.0015389593,2.0387272e-06
2812,MR033420,glioma,0,0,0.999801,0.00019280783,6.243311e-06
2814,MR033420,glioma,0,0,0.9999645,1.4540122e-05,2.0974347e-05
2830,MR048297,glioma,0,0,0.99997926,2.0408552e-05,3.5121556e-07
2837,MR048621B,glioma,0,0,0.99986494,4.1757557e-05,9.3333554e-05
2848,MR048994,glioma,0,0,0.38032484,0.61961544,5.966505e-05
2855,MR049104,glioma,0,0,0.9983228,2.4919253e-05,0.0016522696
2857,MR049104,glioma,0,0,0.9995432,0.00011534793,0.0003415069
2861,MR048994B,glioma,0,0,0.99998426,8.1045533e-07,1.4929525e-05
2863,MR048994B,glioma,0,0,0.9999294,4.6287416e-05,2.4259869e-05
2881,MR049453,glioma,0,0,0.99999857,1.7828981e-07,1.3359793e-06
2886,MR024780G,glioma,0,0,0.9999138,8.4785854e-05,1.4588769e-06
2898,MR050135B,glioma,0,0,0.9997944,6.315108e-05,0.00014241472
2900,MR050687,glioma,0,0,0.9997168,0.00028240896,7.0654767e-07
2901,MR050687,glioma,0,0,0.99997866,2.132786e-05,2.5761452e-08
2905,MR050687,glioma,0,0,0.99637127,0.0036088498,1.998566e-05
2908,MR050791B,glioma,0,0,0.9289605,0.07091359,0.0001259284
2913,MR050791B,glioma,0,0,0.85420626,0.14025804,0.005535636
2915,MR049019C,glioma,0,0,0.9993068,5.745578e-05,0.0006358232
2916,MR049019C,glioma,0,0,0.99938023,0.00025380895,0.00036593198
2917,MR049019C,glioma,0,0,0.89402395,0.00065488013,0.10532117
2920,MR051461,glioma,0,0,0.9651067,0.034880795,1.2578776e-05
2923,MR051461,glioma,0,0,0.9986841,0.001308064,7.818822e-06
2926,MR051586,glioma,0,0,0.99993,6.975811e-05,2.4646053e-07
2927,MR051586,glioma,0,0,0.9964485,0.0035509751,4.4286128e-07
2928,MR051586,glioma,0,0,0.9791693,0.020826977,3.7920804e-06
2932,MR051586,glioma,0,0,0.9995827,0.0004126636,4.6005316e-06
2940,MR051644,glioma,0,0,0.99793977,0.001983186,7.69705e-05
2942,MR051644,glioma,0,0,0.9979825,0.0020166528,8.7324185e-07
2945,MR051651,glioma,0,0,0.9997403,0.00025316217,6.5717522e-06
2946,MR051651,glioma,0,0,0.9977035,0.002296073,5.0040336e-07
2949,MR051796,glioma,0,0,0.99481577,0.00071986765,0.004464416
2950,MR051796,glioma,0,0,0.99823403,0.0015689222,0.00019700728
2956,MR051651B,glioma,0,0,0.95161575,0.041617066,0.006767235
2966,MR051644B,glioma,0,0,0.9991326,4.8340858e-06,0.00086257065
2977,MR052550,glioma,0,0,0.99997854,1.1433324e-05,1.0067967e-05
2985,MR051644C,glioma,0,0,0.9999863,1.7908437e-06,1.194255e-05
2996,MR052585B,glioma,0,0,0.8161086,0.004702332,0.17918912
2999,MR053110B,glioma,0,0,0.9998493,0.0001429103,7.794735e-06
3009,MR054875,glioma,0,0,0.9093355,0.0076776342,0.082986884
3013,MR054875,glioma,0,0,0.99971384,0.00023841596,4.763156e-05
3022,MR034997,glioma,0,0,0.9998022,0.0001975702,2.786953e-07
3026,MR034997,glioma,0,0,0.99969184,0.00030738537,8.104239e-07
3035,MR033389B,glioma,0,0,0.99992657,3.1525266e-05,4.198259e-05
3040,MR024780E,glioma,0,0,0.99979335,0.00016587092,4.073022e-05
3043,MR040240C,glioma,0,0,0.9991998,0.0007549465,4.5233784e-05
3050,MR017260F,glioma,0,0,0.99979585,0.000203864,3.62112e-07
3057,MR029209I,glioma,0,0,0.99988294,0.00011339151,3.7278094e-06
3059,MR029209I,glioma,0,0,0.99998164,1.8289511e-05,1.18653546e-07
3064,88510,meningioma,1,0,0.85670286,0.14254817,0.0007489988
2,100360,meningioma,1,1,0.037221648,0.95401555,0.008762824
4,100360,meningioma,1,1,0.12099333,0.878993,1.3715802e-05
12,101016,meningioma,1,1,3.8131576e-10,0.9999999,1.3286565e-07
22,101797,meningioma,1,1,0.00010583315,0.999889,5.0675453e-06
23,101797,meningioma,1,1,2.7949854e-06,0.9999969,3.582805e-07
30,102714,meningioma,1,1,5.941527e-11,0.99998736,1.2626872e-05
35,102985,meningioma,1,1,0.042862408,0.95711297,2.4625811e-05
39,103673,meningioma,1,1,3.4127697e-07,0.007816618,0.992183
43,103925,meningioma,1,1,0.00012262988,0.9114263,0.088451006
46,104167,meningioma,1,1,1.5104593e-08,0.9999995,5.1743353e-07
69,106442,meningioma,1,1,1.5791059e-06,0.99999845,1.2693875e-09
71,106534,meningioma,1,1,8.071841e-06,0.99999046,1.4391169e-06
79,106665,meningioma,1,1,1.786674e-09,1.0,3.5133818e-10
82,106720,meningioma,1,1,7.400562e-05,0.99992585,9.5544195e-08
83,106720,meningioma,1,1,6.6986875e-05,0.99993277,1.9995086e-07
85,106720,meningioma,1,1,7.648446e-07,0.9999963,2.9744701e-06
87,106914,meningioma,1,1,0.0014385912,0.99845266,0.00010881027
91,107190,meningioma,1,1,0.000112402195,0.9998871,5.110065e-07
99,107494,meningioma,1,1,0.028960861,0.5061043,0.4649349
100,107494,meningioma,1,1,0.00013849429,0.825698,0.17416348
103,107494,meningioma,1,1,0.0015403156,0.9643347,0.034124967
115,108945,meningioma,1,1,2.274086e-09,1.0,2.8205427e-09
123,109968,meningioma,1,1,0.033439845,0.9467586,0.019801449
126,111077,meningioma,1,1,0.6990806,0.30083328,8.611106e-05
127,111077,meningioma,1,1,0.010667675,0.98927164,6.0743e-05
133,111532,meningioma,1,1,9.5121806e-11,1.0,6.2549924e-11
135,112002,meningioma,1,1,0.0010068433,0.998978,1.5112573e-05
148,112552,meningioma,1,1,2.898456e-08,1.0,5.3284515e-09
154,113435,meningioma,1,1,6.736689e-05,0.99993265,1.5635273e-08
160,113554,meningioma,1,1,0.0025581412,0.99744177,6.844363e-08
171,114359,meningioma,1,1,0.00033327338,0.9996667,8.592436e-09
172,114359,meningioma,1,1,0.0007448828,0.9992551,7.952969e-09
178,97607,meningioma,1,1,1.1304001e-08,1.0,3.6030298e-10
182,97737,meningioma,1,1,3.9268668e-11,1.0,1.2284662e-08
183,97737,meningioma,1,1,6.7443553e-09,1.0,7.615872e-09
184,97875,meningioma,1,1,0.19060197,0.2736223,0.5357757
185,97875,meningioma,1,1,3.3401666e-05,0.9587338,0.041232813
188,97943,meningioma,1,1,0.02085727,0.9791052,3.763126e-05
209,100820,glioma,0,1,0.9806074,0.01833927,0.0010533949
216,100360,meningioma,1,1,0.009687899,0.99030906,3.0335896e-06
221,101016,meningioma,1,1,1.3416228e-06,0.9999987,4.657295e-09
223,101016,meningioma,1,1,6.660967e-12,1.0,2.8530706e-10
229,101127,meningioma,1,1,0.00011693379,0.98694056,0.012942498
233,101797,meningioma,1,1,2.3749878e-06,0.9999193,7.8282574e-05
236,102420,meningioma,1,1,3.6101764e-07,0.9998399,0.00015970478
245,102714,meningioma,1,1,0.00030044763,0.9996549,4.4708606e-05
252,102935,meningioma,1,1,0.0077879177,0.9919634,0.000248705
253,102985,meningioma,1,1,0.0023265297,0.99684346,0.00082999445
256,103673,meningioma,1,1,6.9759004e-08,0.9899823,0.010017551
259,103673,meningioma,1,1,7.7751416e-08,0.9977233,0.0022766187
264,103925,meningioma,1,1,0.00040238912,0.9981654,0.0014321988
270,104167,meningioma,1,1,0.0008756197,0.998904,0.00022044241
273,104167,meningioma,1,1,4.2999886e-06,0.99999535,3.139814e-07
278,104281,meningioma,1,1,0.044501673,0.95549804,2.1943467e-07
279,104281,meningioma,1,1,0.010974866,0.9890246,4.387886e-07
280,104281,meningioma,1,1,0.039565098,0.9604321,2.753772e-06
286,105937,meningioma,1,1,0.010455815,0.98804665,0.0014975214
292,106284,meningioma,1,1,0.014645537,0.98437655,0.0009778208
294,106442,meningioma,1,1,5.252775e-05,0.9999474,3.1153508e-08
297,106534,meningioma,1,1,5.8567985e-05,0.99990547,3.6038637e-05
299,106665,meningioma,1,1,5.4295693e-08,0.9999999,1.7018998e-07
304,106720,meningioma,1,1,8.1969365e-06,0.99882275,0.0011690713
307,106720,meningioma,1,1,6.329392e-07,0.99998903,1.0370257e-05
308,106720,meningioma,1,1,8.09212e-05,0.99991846,5.5341036e-07
319,107248,meningioma,1,1,0.7405812,0.25906563,0.00035314797
323,107494,meningioma,1,1,0.0005766039,0.82217205,0.17725134
327,108514,meningioma,1,1,6.9186576e-06,0.9999931,1.3278616e-08
334,108590,meningioma,1,1,0.00050352083,0.99667525,0.002821186
339,108945,meningioma,1,1,0.34567684,0.65394306,0.00038010164
347,110116,meningioma,1,1,7.862159e-06,0.8861073,0.11388482
350,111077,meningioma,1,1,0.00010646973,0.9998921,1.4424213e-06
353,111366,meningioma,1,1,0.017244855,0.98261225,0.00014289588
354,111366,meningioma,1,1,1.9074052e-05,0.9999019,7.902078e-05
361,111532,meningioma,1,1,0.00013314595,0.9998654,1.4881589e-06
365,112002,meningioma,1,1,0.11938714,0.8805692,4.3702057e-05
366,112062,meningioma,1,1,0.020825751,0.97917366,5.8721645e-07
370,112252,meningioma,1,1,0.33662653,0.66323805,0.00013541194
373,112552,meningioma,1,1,0.0036788885,0.9962961,2.5117117e-05
378,112552,meningioma,1,1,0.00010988762,0.9998858,4.2563297e-06
391,113554,meningioma,1,1,1.6021629e-07,0.99999976,8.917065e-08
401,114359,meningioma,1,1,1.8089533e-08,1.0,2.162915e-09
405,97607,meningioma,1,1,5.009637e-13,1.0,1.8905707e-08
408,97737,meningioma,1,1,7.3500166e-09,1.0,2.2315096e-09
411,97737,meningioma,1,1,1.2661217e-09,0.99999535,4.656483e-06
413,97737,meningioma,1,1,0.0013913065,0.99857163,3.707842e-05
414,97875,meningioma,1,1,1.6230903e-06,0.99651945,0.0034788596
418,97943,meningioma,1,1,8.726131e-11,0.99999917,7.86067e-07
422,97943,meningioma,1,1,0.002738546,0.99726105,3.5337914e-07
433,99089,meningioma,1,1,8.4102605e-05,0.9998735,4.226171e-05
435,99089,meningioma,1,1,0.00013215176,0.9689735,0.030894307
437,99288,meningioma,1,1,0.0020757553,0.9922799,0.005644449
443,100360,meningioma,1,1,0.060448296,0.9395133,3.8382394e-05
446,100360,meningioma,1,1,0.0031413294,0.99681216,4.6453337e-05
459,101082,meningioma,1,1,0.76747394,0.23251323,1.2845653e-05
462,101127,meningioma,1,1,1.4954081e-05,0.9986865,0.0012985023
472,101801,meningioma,1,1,0.0004385473,0.9983223,0.0012391761
482,102714,meningioma,1,1,1.1244696e-06,0.9998505,0.0001483376
487,102818,meningioma,1,1,4.2055755e-05,0.9988914,0.0010665881
492,102960,meningioma,1,1,0.0010153961,0.9986986,0.00028597683
502,103925,meningioma,1,1,0.14980446,0.71725196,0.13294359
505,104167,meningioma,1,1,0.02032774,0.97962964,4.260342e-05
512,104281,meningioma,1,1,3.8495522e-09,1.0,1.7094614e-08
517,105374,meningioma,1,1,2.8389044e-09,1.0,3.798948e-08
520,105937,meningioma,1,1,0.0008427389,0.9986773,0.000479908
522,105937,meningioma,1,1,1.8297813e-05,0.9999434,3.828708e-05
523,106284,meningioma,1,1,0.0013742727,0.95851225,0.040113464
527,106442,meningioma,1,1,0.28996623,0.7100335,3.4542077e-07
528,106442,meningioma,1,1,2.256214e-07,0.99999976,1.323821e-09
530,106534,meningioma,1,1,0.0002724891,0.9996296,9.783262e-05
537,106665,meningioma,1,1,4.222425e-09,0.99999976,2.359649e-07
545,106914,meningioma,1,1,0.00016895388,0.99948573,0.0003452857
549,106914,meningioma,1,1,0.001515748,0.9978916,0.0005926557
552,107248,meningioma,1,1,2.6147727e-05,0.3052154,0.6947585
558,107494,meningioma,1,1,6.9919133e-06,0.99650025,0.0034926694
559,107494,meningioma,1,1,1.9708252e-05,0.9075615,0.09241879
562,107946,meningioma,1,1,0.37636644,0.6236334,1.9592507e-07
574,108945,meningioma,1,1,0.02007398,0.9799249,1.1849415e-06
575,108945,meningioma,1,1,0.0023443568,0.9976433,1.2357296e-05
579,109411,meningioma,1,1,0.5397784,0.45797977,0.0022418578
585,110808,meningioma,1,1,0.18969671,0.81030315,1.6907316e-07
590,111366,meningioma,1,1,0.0046254117,0.99537426,3.4193835e-07
594,111532,meningioma,1,1,6.9235284e-07,0.9999993,1.5057186e-08
604,112062,meningioma,1,1,4.3677897e-05,0.99995637,3.7739106e-08
608,112552,meningioma,1,1,0.0016684849,0.9982862,4.5350487e-05
624,113098,meningioma,1,1,0.06155395,0.9379488,0.00049725943
628,113435,meningioma,1,1,3.9140923e-05,0.93253654,0.06742435
629,113435,meningioma,1,1,0.059421573,0.93970156,0.000876761
633,113554,meningioma,1,1,1.2806261e-05,0.99992085,6.636003e-05
637,113614,meningioma,1,1,0.0006365577,0.99936324,2.2271516e-07
638,113614,meningioma,1,1,0.6762946,0.3234954,0.0002100213
639,113805,meningioma,1,1,0.0010805547,0.99891865,7.845141e-07
650,114359,meningioma,1,1,1.8820545e-08,1.0,9.878066e-09
660,97374,meningioma,1,1,0.0011231822,0.9978569,0.0010198869
665,97607,meningioma,1,1,4.5064677e-08,0.99999976,1.9326161e-07
666,97607,meningioma,1,1,1.1380767e-08,0.9999989,1.1197873e-06
672,97737,meningioma,1,1,2.9492406e-07,0.9999912,8.614178e-06
675,97943,meningioma,1,1,0.008820417,0.9911781,1.4081837e-06
681,98241,meningioma,1,1,6.563739e-09,0.9999999,1.2588085e-07
685,98241,meningioma,1,1,0.0012342596,0.99194324,0.006822543
686,99017,meningioma,1,1,5.2122896e-06,0.9998363,0.00015840608
687,99017,meningioma,1,1,4.2518705e-06,0.9999267,6.9028e-05
701,99308,meningioma,1,1,9.7989e-06,0.9999902,2.385278e-08
718,101020,glioma,0,1,0.77057433,0.18595432,0.043471266
723,102075,glioma,0,1,0.97484004,0.0009768218,0.024183035
729,106494,glioma,0,1,0.99799395,0.0009878556,0.0010183023
737,107747,glioma,0,1,0.97769403,0.022302855,3.092749e-06
740,112105,glioma,0,1,0.9854194,0.011704756,0.0028759553
746,112105,glioma,0,1,0.989456,0.010528983,1.5029233e-05
748,100820,glioma,0,1,0.97190374,0.027948761,0.00014752398
758,101020,glioma,0,1,0.9934522,0.0065401006,7.649715e-06
761,102075,glioma,0,1,0.9730858,0.026894087,2.0015485e-05
762,102075,glioma,0,1,0.95052063,0.04943059,4.8668087e-05
763,102075,glioma,0,1,0.080946326,0.9187262,0.0003274588
764,103148,glioma,0,1,0.996772,0.0030083477,0.00021961809
769,106494,glioma,0,1,0.12909578,0.87089485,9.34605e-06
770,106494,glioma,0,1,0.99545777,0.0045420774,9.5058496e-08
772,106494,glioma,0,1,0.060759746,0.93923634,3.8633193e-06
781,112105,glioma,0,1,0.16396199,0.83594227,9.5742034e-05
782,112105,glioma,0,1,0.99968994,0.000288847,2.1238391e-05
785,112105,glioma,0,1,0.967887,0.032100506,1.2432056e-05
790,112105,glioma,0,1,0.99513334,0.004866495,1.2069364e-07
794,88670,glioma,0,1,0.9742032,0.025748728,4.8007212e-05
801,90284,glioma,0,1,0.99984145,0.00015688274,1.6910009e-06
803,90284,glioma,0,1,0.9999026,8.135874e-05,1.5942725e-05
807,92897,glioma,0,1,0.7081581,0.29180747,3.4414425e-05
809,93825,glioma,0,1,0.99941015,0.00057033636,1.9487747e-05
812,97609,glioma,0,1,0.99220043,0.007797724,1.8672916e-06
821,100416,glioma,0,1,0.87466,0.12532811,1.1925206e-05
829,101020,glioma,0,1,0.9974458,0.0025540625,1.4822355e-07
830,101020,glioma,0,1,0.21736823,0.7826314,3.733755e-07
831,101020,glioma,0,1,0.52486897,0.47513086,1.7666538e-07
837,102075,glioma,0,1,0.95812535,0.04119501,0.00067963125
845,105653,glioma,0,1,0.027850093,0.35436344,0.61778647
850,106494,glioma,0,1,0.9817492,0.017871276,0.0003794932
854,107747,glioma,0,1,0.99985564,0.00010373865,4.0658124e-05
863,112105,glioma,0,1,0.9993387,0.000634345,2.6911304e-05
865,88670,glioma,0,1,0.99871516,0.0012842113,5.7704744e-07
868,88670,glioma,0,1,0.9985826,0.0014169647,4.943879e-07
871,90284,glioma,0,1,0.14954066,0.8472796,0.00317969
873,90284,glioma,0,1,0.97341305,0.010722126,0.01586491
877,90284,glioma,0,1,0.99999547,2.2514693e-07,4.2954193e-06
885,93329,glioma,0,1,0.93442315,0.06547736,9.943268e-05
887,93329,glioma,0,1,0.8791578,0.12077224,7.004752e-05
889,93825,glioma,0,1,0.98906624,0.010932304,1.4357707e-06
899,95142,glioma,0,1,0.99485445,0.0051330067,1.26297e-05
905,96587,glioma,0,1,0.97895515,0.021043902,9.87937e-07
911,97609,glioma,0,1,0.9999881,8.986375e-06,2.9392204e-06
920,105936,pituitary,2,1,1.6526903e-05,1.9780451e-05,0.99996364
928,107495,pituitary,2,1,3.083739e-07,2.4008755e-06,0.99999726
930,107495,pituitary,2,1,5.932758e-09,4.745385e-06,0.99999523
931,107495,pituitary,2,1,2.8254625e-08,2.9949751e-06,0.999997
932,107495,pituitary,2,1,3.1918468e-08,2.600143e-06,0.9999974
933,107429,pituitary,2,1,1.3287803e-05,0.000254241,0.99973243
937,107429,pituitary,2,1,7.3945237e-09,0.00011785175,0.9998821
942,107505,pituitary,2,1,1.1603413e-06,4.128019e-07,0.99999845
947,107743,pituitary,2,1,7.136126e-09,1.0757374e-06,0.9999989
960,109471,pituitary,2,1,1.4943248e-05,0.00073727104,0.9992478
974,110537,pituitary,2,1,1.0924372e-07,1.36389635e-05,0.9999863
991,111785,pituitary,2,1,4.4188564e-06,0.00017075134,0.9998248
994,112074,pituitary,2,1,0.01551358,0.07480493,0.9096815
997,112074,pituitary,2,1,1.6127868e-05,0.2003799,0.799604
1006,112847,pituitary,2,1,2.4481022e-07,4.8363663e-06,0.9999949
1008,112847,pituitary,2,1,6.913628e-08,4.55965e-05,0.99995434
1009,112847,pituitary,2,1,9.644859e-07,0.00017956186,0.99981946
1020,114361,pituitary,2,1,2.5962328e-07,9.763597e-07,0.9999988
1022,114094,pituitary,2,1,5.035269e-07,0.0004817039,0.9995178
1028,101017,pituitary,2,1,2.524171e-06,2.3170265e-05,0.99997425
1030,101029,pituitary,2,1,0.0007286429,0.00070056197,0.9985708
1039,106062,pituitary,2,1,5.226682e-08,0.001122003,0.99887794
1043,107495,pituitary,2,1,1.4331049e-06,8.4911214e-08,0.99999845
1045,107495,pituitary,2,1,3.3106855e-07,1.5725082e-06,0.9999981
1049,107429,pituitary,2,1,2.089554e-09,9.843622e-06,0.9999901
1053,107429,pituitary,2,1,1.4450866e-06,0.0042348094,0.9957638
1056,107505,pituitary,2,1,0.00027553755,0.0006793298,0.9990451
1061,107743,pituitary,2,1,4.2128949e-07,0.00034730957,0.99965227
1063,107743,pituitary,2,1,1.5856631e-07,0.0002523548,0.99974746
1064,107743,pituitary,2,1,7.1465996e-07,0.0031816477,0.9968176
1073,108931,pituitary,2,1,3.1584427e-06,1.0774916e-06,0.9999957
1076,108931,pituitary,2,1,1.4794181e-05,1.7720085e-07,0.999985
1087,109769,pituitary,2,1,1.7389806e-07,4.8526006e-05,0.99995124
1089,109898,pituitary,2,1,6.0701336e-07,0.0023642795,0.9976351
1090,109898,pituitary,2,1,5.903576e-07,0.05174139,0.948258
1104,110537,pituitary,2,1,4.220289e-06,0.00012767447,0.99986804
1105,110537,pituitary,2,1,4.7747153e-07,0.00043950032,0.99956006
1110,110993,pituitary,2,1,1.7655081e-08,7.0903315e-07,0.9999993
1118,111125,pituitary,2,1,1.0322549e-06,1.25928755e-05,0.9999864
1125,111785,pituitary,2,1,4.7854104e-05,5.892555e-06,0.99994624
1128,111785,pituitary,2,1,4.1888693e-06,7.3185374e-06,0.99998844
1131,112074,pituitary,2,1,4.4084246e-07,0.00013260645,0.99986696
1133,112074,pituitary,2,1,5.1744497e-05,6.9778995e-05,0.9998784
1136,112649,pituitary,2,1,7.834498e-06,3.200726e-07,0.9999919
1137,112649,pituitary,2,1,8.5597026e-07,5.6313567e-08,0.99999905
1140,112746,pituitary,2,1,6.230746e-07,0.00020208885,0.9997973
1146,112847,pituitary,2,1,5.5561127e-06,0.00015299665,0.99984145
1148,113274,pituitary,2,1,2.6920327e-07,7.7235967e-07,0.9999989
1151,113741,pituitary,2,1,5.6905023e-08,3.2070984e-06,0.9999968
1155,114040,pituitary,2,1,1.4366557e-06,0.00016725603,0.9998313
1157,114361,pituitary,2,1,6.148655e-06,0.00072416815,0.99926966
1159,114361,pituitary,2,1,2.1710382e-06,2.5408639e-05,0.99997246
1160,114361,pituitary,2,1,1.97158e-05,4.4122084e-05,0.9999361
1170,106062,pituitary,2,1,2.0288924e-05,0.00016204236,0.99981767
1181,107495,pituitary,2,1,2.2131431e-07,8.499417e-07,0.9999989
1189,107505,pituitary,2,1,5.5443685e-05,3.850186e-05,0.99990606
1192,107505,pituitary,2,1,0.00047949856,0.00054067303,0.99897975
1203,108931,pituitary,2,1,4.8850747e-05,3.728417e-05,0.9999138
1204,108931,pituitary,2,1,3.7458308e-06,2.2693033e-05,0.99997354
1206,108931,pituitary,2,1,0.00010155665,0.00059329264,0.9993051
1211,109471,pituitary,2,1,3.3668682e-06,0.00013906331,0.99985754
1213,109471,pituitary,2,1,2.3733809e-07,3.1892563e-05,0.9999678
1217,109769,pituitary,2,1,0.00014220356,0.00041789212,0.9994399
1218,109769,pituitary,2,1,0.0001087002,0.0014903174,0.998401
1223,110518,pituitary,2,1,4.3190803e-06,6.8135814e-06,0.9999889
1228,110537,pituitary,2,1,0.0020407985,0.013289186,0.98467004
1230,110993,pituitary,2,1,2.7309093e-06,0.0014697623,0.9985275
1232,110993,pituitary,2,1,1.4736307e-06,4.269021e-05,0.9999559
1244,111785,pituitary,2,1,0.00031510106,7.755405e-05,0.9996074
1255,112649,pituitary,2,1,2.1173266e-05,3.0968964e-05,0.9999479
1256,112746,pituitary,2,1,3.5501677e-07,3.322517e-06,0.9999963
1257,112746,pituitary,2,1,1.6139777e-06,0.0013960238,0.99860233
1258,112746,pituitary,2,1,0.00013345094,9.7253214e-05,0.9997693
1260,112746,pituitary,2,1,1.0830505e-06,5.689352e-07,0.99999833
1266,113274,pituitary,2,1,6.528413e-06,3.582128e-05,0.9999577
1275,114040,pituitary,2,1,0.000439249,0.0038612206,0.9956995
1278,114361,pituitary,2,1,1.265085e-07,0.0004612885,0.99953866
1280,114094,pituitary,2,1,4.2234146e-06,2.645312e-05,0.99996936
1282,114094,pituitary,2,1,4.1596327e-06,4.78446e-05,0.999948
1283,101029,pituitary,2,1,0.00010319363,0.00021699126,0.9996798
1288,101145,pituitary,2,1,2.1096494e-05,0.00019121985,0.99978775
1290,101305,pituitary,2,1,1.4074948e-08,5.192195e-07,0.9999995
1294,101724,pituitary,2,1,2.8704077e-08,4.440497e-07,0.9999995
1303,103046,pituitary,2,1,5.42107e-10,1.6726308e-06,0.99999833
1306,103257,pituitary,2,1,7.7169534e-07,3.6917998e-05,0.99996233
1326,103671,pituitary,2,1,0.061758425,0.016978009,0.9212636
1327,103671,pituitary,2,1,7.039791e-05,0.0003682515,0.99956137
1328,103671,pituitary,2,1,0.03153745,0.007008084,0.9614545
1329,103671,pituitary,2,1,0.5425137,0.13259465,0.3248916
1341,103837,pituitary,2,1,3.3608277e-08,1.646776e-05,0.99998355
1342,103837,pituitary,2,1,1.3806875e-08,6.5303524e-05,0.9999347
1343,103837,pituitary,2,1,9.015486e-09,3.386274e-05,0.99996614
1345,103837,pituitary,2,1,5.4692762e-08,2.0693557e-05,0.99997926
1348,104019,pituitary,2,1,3.650474e-06,1.4293422e-05,0.999982
1354,104558,pituitary,2,1,3.3930964e-06,0.0002544625,0.9997421
1366,104684,pituitary,2,1,9.813032e-07,0.0006287684,0.9993703
1368,104684,pituitary,2,1,8.779675e-08,3.0288771e-05,0.9999696
1373,104912,pituitary,2,1,4.2273895e-09,7.889196e-08,0.9999999
1377,105187,pituitary,2,1,8.03135e-09,7.7841556e-05,0.99992216
1379,105475,pituitary,2,1,0.0019800118,0.024914064,0.9731059
1381,105538,pituitary,2,1,0.018553294,0.72948855,0.25195807
1384,105638,pituitary,2,1,2.444929e-05,0.0062761046,0.99369943
1387,97416,pituitary,2,1,0.0012846239,0.002758114,0.9959572
1391,97416,pituitary,2,1,0.0005064982,0.015579914,0.98391354
1397,97461,pituitary,2,1,1.1192996e-08,3.8014743e-06,0.9999962
1403,97461,pituitary,2,1,0.00027570347,6.8117e-05,0.9996562
1406,97481,pituitary,2,1,4.43016e-05,0.0029175524,0.9970381
1414,98472,pituitary,2,1,1.8634097e-07,5.7186822e-05,0.99994266
1415,98472,pituitary,2,1,1.4601414e-08,6.4049977e-06,0.99999356
1420,98472,pituitary,2,1,0.0005747147,0.0084096175,0.9910157
1426,98871,pituitary,2,1,1.3012063e-07,1.6052589e-05,0.9999838
1428,98871,pituitary,2,1,1.8038535e-06,6.530521e-05,0.9999329
1430,98874,pituitary,2,1,7.9880215e-07,1.2588291e-05,0.99998665
1432,98874,pituitary,2,1,1.5804072e-06,0.00016422545,0.9998342
1434,98874,pituitary,2,1,0.0020410419,0.00012430147,0.9978346
1441,98992,pituitary,2,1,0.031431634,0.013905629,0.95466274
1451,99223,pituitary,2,1,0.00024765634,0.00019929488,0.999553
1453,99223,pituitary,2,1,1.8193232e-07,3.599283e-07,0.9999994
1455,99223,pituitary,2,1,2.434029e-05,1.26031055e-05,0.99996305
1458,101017,pituitary,2,1,3.5701694e-07,3.8830217e-07,0.9999993
1466,101029,pituitary,2,1,1.4755528e-06,1.4117197e-05,0.9999844
1467,101029,pituitary,2,1,2.1771075e-05,7.001846e-05,0.9999082
1471,101145,pituitary,2,1,1.8357449e-06,0.000775961,0.99922216
1483,102648,pituitary,2,1,0.00038357158,0.00015977911,0.9994567
1484,102648,pituitary,2,1,0.0018452195,9.603767e-05,0.99805874
1502,103478,pituitary,2,1,1.8913295e-07,8.353537e-05,0.9999163
1513,103670,pituitary,2,1,2.6609706e-09,0.0002931785,0.9997068
1526,103731,pituitary,2,1,2.2503961e-07,0.003287082,0.9967127
1527,103731,pituitary,2,1,2.4959249e-05,0.020256732,0.9797183
1529,103837,pituitary,2,1,4.6084924e-08,0.00010444492,0.99989545
1532,103837,pituitary,2,1,5.6361948e-08,0.00020653961,0.99979347
1539,104558,pituitary,2,1,1.594341e-07,0.0029357816,0.99706405
1541,104558,pituitary,2,1,4.0724593e-08,0.0012331471,0.9987668
1547,104684,pituitary,2,1,1.209239e-06,2.1651463e-06,0.99999666
1549,104684,pituitary,2,1,1.5141227e-07,7.508519e-07,0.99999905
1550,104684,pituitary,2,1,2.371443e-06,9.826736e-06,0.99998784
1555,104912,pituitary,2,1,3.9565693e-05,2.3965056e-05,0.99993646
1557,105187,pituitary,2,1,5.2330908e-08,2.1299334e-06,0.99999785
1568,105638,pituitary,2,1,1.1001345e-06,1.572474e-06,0.9999974
1571,105638,pituitary,2,1,0.00020341943,0.00033265902,0.999464
1573,97416,pituitary,2,1,0.10763753,0.014890864,0.8774717
1578,97416,pituitary,2,1,2.3109836e-08,0.00034670217,0.9996532
1588,97461,pituitary,2,1,1.1825463e-07,1.2904351e-06,0.99999857
1590,97481,pituitary,2,1,3.8803722e-07,2.7741478e-05,0.99997187
1595,97599,pituitary,2,1,2.4558955e-09,2.9169603e-05,0.9999708
1606,98652,pituitary,2,1,1.0124813e-05,0.00019374049,0.9997962
1609,98871,pituitary,2,1,0.00081968994,1.244796e-05,0.9991679
1611,98871,pituitary,2,1,1.3706004e-07,2.6391301e-06,0.99999726
1613,98871,pituitary,2,1,0.00014762963,5.1905254e-06,0.9998472
1614,98871,pituitary,2,1,0.00021860929,1.0200864e-05,0.9997712
1621,98992,pituitary,2,1,4.3271528e-05,0.06374026,0.9362165
1626,98992,pituitary,2,1,1.3165334e-06,0.0011140961,0.9988846
1635,99223,pituitary,2,1,3.4034778e-07,7.990389e-06,0.99999166
1642,101017,pituitary,2,1,0.00039083176,3.1143856e-05,0.99957806
1643,101017,pituitary,2,1,0.0008549467,3.9473784e-05,0.9991055
1649,101029,pituitary,2,1,9.930707e-07,9.4486495e-07,0.9999981
1653,101145,pituitary,2,1,0.0042637,0.0015427349,0.9941936
1655,101305,pituitary,2,1,5.1633872e-08,0.00019735168,0.99980265
1659,101724,pituitary,2,1,2.6716443e-05,0.0001600483,0.99981326
1663,101724,pituitary,2,1,0.00014717763,0.00096757064,0.9988852
1665,102648,pituitary,2,1,0.00036334523,3.48771e-05,0.9996018
1676,103046,pituitary,2,1,4.074075e-05,1.231354e-05,0.99994695
1679,103257,pituitary,2,1,1.5460695e-06,0.0026685956,0.99732983
1681,103257,pituitary,2,1,0.0029135502,0.00020923768,0.9968772
1685,103478,pituitary,2,1,1.4840714e-07,4.4265457e-06,0.99999547
1687,103478,pituitary,2,1,0.0010494767,1.33768635e-05,0.9989372
1688,103478,pituitary,2,1,0.0001989946,0.00024887282,0.9995521
1697,103582,pituitary,2,1,1.6620099e-05,7.967265e-06,0.99997544
1699,103582,pituitary,2,1,3.113044e-07,0.0003356747,0.99966407
1717,103837,pituitary,2,1,7.812008e-06,0.0053952364,0.99459696
1718,103837,pituitary,2,1,1.6584796e-05,0.009058589,0.99092484
1720,103837,pituitary,2,1,3.1330844e-06,0.0007064081,0.99929047
1732,104558,pituitary,2,1,2.476638e-06,1.4693171e-06,0.99999607
1740,104684,pituitary,2,1,1.43770985e-05,1.1598495e-06,0.9999845
1754,105475,pituitary,2,1,2.2060732e-08,1.492807e-05,0.9999851
1755,105475,pituitary,2,1,1.7341914e-05,0.0009807048,0.9990019
1758,105475,pituitary,2,1,1.6331448e-08,1.6504424e-05,0.99998343
1773,97461,pituitary,2,1,5.0230364e-07,4.5647463e-05,0.99995387
1774,97461,pituitary,2,1,6.574641e-09,3.7783605e-06,0.9999962
1775,97461,pituitary,2,1,1.0997672e-05,0.00013908428,0.9998499
1783,97481,pituitary,2,1,6.778729e-09,3.2472801e-06,0.9999968
1785,97481,pituitary,2,1,0.00019700832,4.310358e-05,0.99975985
1786,97599,pituitary,2,1,1.4375019e-06,0.01841355,0.981585
1791,97890,pituitary,2,1,1.2221342e-07,0.00017667521,0.9998233
1796,98472,pituitary,2,1,1.7198792e-08,0.001666733,0.9983333
1839,99223,pituitary,2,1,2.570142e-08,2.1682587e-05,0.9999783
1844,MR048294,glioma,0,1,0.99997735,1.4248172e-05,8.351087e-06
1851,MR048297,glioma,0,1,0.9999814,1.8460712e-05,1.11725726e-07
1865,MR048944,glioma,0,1,0.9983631,0.001634422,2.478191e-06
1874,MR048994,glioma,0,1,0.99988437,0.00011550556,8.0913836e-08
1883,MR049142,glioma,0,1,0.6088649,0.39105228,8.2816594e-05
1884,MR049142,glioma,0,1,0.16617446,0.83378166,4.389373e-05
1891,MR048994B,glioma,0,1,0.99999356,6.4333785e-06,1.0089827e-08
1899,MR049358,glioma,0,1,0.99987674,1.1833352e-05,0.00011145509
1903,MR049358,glioma,0,1,0.9999589,9.943589e-06,3.1214637e-05
1906,MR049358,glioma,0,1,0.9999963,5.6437256e-07,3.1189008e-06
1907,MR049358,glioma,0,1,0.99999785,2.110013e-06,5.3478082e-08
1909,MR049104B,glioma,0,1,0.99984956,4.269341e-05,0.00010773918
1910,MR049104B,glioma,0,1,0.99990344,3.821156e-06,9.2721966e-05
1916,MR049453,glioma,0,1,0.9999995,3.03462e-07,8.574916e-08
1922,MR024780G,glioma,0,1,0.9999951,1.8426765e-06,3.0749507e-06
1923,MR024780G,glioma,0,1,0.9999999,1.0320722e-07,6.593879e-09
1925,MR024780G,glioma,0,1,0.99999976,1.4046063e-07,1.4385628e-07
1935,MR024780G,glioma,0,1,0.999995,4.1732187e-06,8.5673685e-07
1939,MR049453B,glioma,0,1,0.99999905,1.79105e-07,7.09495e-07
1941,MR049453B,glioma,0,1,0.9999999,7.868442e-08,2.0713342e-08
1942,MR049453B,glioma,0,1,1.0,9.512408e-09,2.322011e-08
1952,MR050135B,glioma,0,1,0.99999964,2.3324205e-07,6.00248e-08
1955,MR050135B,glioma,0,1,0.99996185,3.8086357e-05,1.3418734e-09
1956,MR050135B,glioma,0,1,0.99988306,7.2433454e-07,0.00011616867
1960,MR050135B,glioma,0,1,0.999995,4.1514145e-06,7.992104e-07
1961,MR050135B,glioma,0,1,0.9999995,5.0308114e-07,5.0711655e-08
1967,MR050687,glioma,0,1,0.42347315,0.57652307,3.7690909e-06
1978,MR050791B,glioma,0,1,0.9986563,0.00085476594,0.00048892177
1987,MR026175C,glioma,0,1,0.99944633,0.00016216427,0.0003915028
1993,MR026175C,glioma,0,1,0.99998724,1.0450647e-05,2.2768183e-06
1994,MR026175C,glioma,0,1,0.99999857,1.206867e-06,1.8543804e-07
1998,MR051461,glioma,0,1,0.9999926,7.3065307e-06,7.513438e-08
2000,MR051461,glioma,0,1,0.9999945,5.4333527e-06,4.0710137e-09
2001,MR051461,glioma,0,1,0.9999902,9.727743e-06,2.1688603e-08
2012,MR051461B,glioma,0,1,0.9981571,0.0018427873,8.063045e-08
2024,MR051644,glioma,0,1,0.985379,0.014515301,0.00010568225
2026,MR051644,glioma,0,1,0.99707615,0.0022307837,0.00069309806
2035,MR051651,glioma,0,1,0.97576267,0.02423563,1.725367e-06
2040,MR051796,glioma,0,1,1.0,3.5807133e-08,5.5646613e-08
2044,MR051796,glioma,0,1,0.84860677,0.15139316,1.7855413e-08
2047,MR051651B,glioma,0,1,0.6550387,0.34496057,7.238146e-07
2059,MR051796B,glioma,0,1,0.9999542,2.034569e-06,4.3775843e-05
2060,MR051796B,glioma,0,1,0.99993896,6.52167e-06,5.4533408e-05
2068,MR051644C,glioma,0,1,0.9999999,1.4825658e-07,9.714163e-10
2074,MR051644C,glioma,0,1,0.9999995,5.30164e-07,2.9155098e-08
2076,MR051644C,glioma,0,1,0.99998283,1.7187196e-05,2.3005205e-08
2090,MR053110B,glioma,0,1,0.9999856,9.904994e-06,4.560694e-06
2091,MR053110B,glioma,0,1,0.9999976,1.0917826e-06,1.2750847e-06
2092,MR053110B,glioma,0,1,0.99999714,2.3016e-06,5.494135e-07
2098,MR054683,glioma,0,1,0.99968755,5.201911e-06,0.0003072481
2108,MR050687C,glioma,0,1,0.9999752,2.984796e-06,2.1865026e-05
2111,MR056144,glioma,0,1,0.9999628,3.6255227e-05,9.617555e-07
2115,MR034997,glioma,0,1,0.99788946,0.0021104799,1.3705343e-07
2117,MR034997,glioma,0,1,0.9997601,0.00023996286,9.740239e-09
2122,MR029209E,glioma,0,1,0.99999976,1.1121304e-07,6.79321e-08
2137,MR049019G,glioma,0,1,0.99999964,3.0497708e-07,1.42213175e-08
2141,MR031409B,glioma,0,1,0.9999677,3.226976e-05,3.5554228e-09
2149,MR038469,glioma,0,1,0.99993014,5.6776535e-05,1.3161725e-05
2151,MR038469,glioma,0,1,0.99997795,1.3446133e-05,8.6345935e-06
2170,MR037458B,glioma,0,1,0.9722502,0.027644025,0.00010575316
2179,MR039473B,glioma,0,1,0.98176974,0.00041960465,0.017810626
2181,MR039473B,glioma,0,1,0.9999757,9.358232e-07,2.3370027e-05
2185,MR039473B,glioma,0,1,0.99999607,1.986093e-06,1.910178e-06
2187,MR037458C,glioma,0,1,0.99836904,0.00021804449,0.0014129155
2190,MR037458C,glioma,0,1,0.9999982,9.1826524e-07,7.882974e-07
2195,MR037458C,glioma,0,1,0.9990859,0.00091184635,2.2796637e-06
2197,MR040240,glioma,0,1,0.9996679,3.101623e-05,0.00030112336
2207,MR040240B,glioma,0,1,0.9999844,1.3379322e-05,2.2317186e-06
2209,MR040240B,glioma,0,1,0.99998367,3.718037e-06,1.2688593e-05
2211,MR040240B,glioma,0,1,0.9999999,1.7150688e-08,5.966799e-08
2216,MR029209G,glioma,0,1,0.99998975,2.3957992e-07,9.972559e-06
2220,MR029209G,glioma,0,1,0.99999845,9.0269623e-07,5.770604e-07
2221,MR029209G,glioma,0,1,0.9999989,9.468673e-07,1.1988597e-07
2222,MR029209G,glioma,0,1,0.99999845,1.5470708e-06,5.261729e-08
2223,MR029209G,glioma,0,1,0.99999833,1.6557048e-06,8.850743e-09
2224,MR036496B,glioma,0,1,0.99999344,6.5012155e-06,7.0644424e-10
2229,MR036496B,glioma,0,1,0.99992394,7.607186e-05,4.927994e-09
2235,MR033420,glioma,0,1,0.99999964,3.4694085e-07,4.0222343e-08
2236,MR033420,glioma,0,1,0.99999976,2.2509272e-07,2.1109186e-08
2240,MR024780B,glioma,0,1,0.9999994,8.487713e-08,4.4294532e-07
2246,MR049104,glioma,0,1,0.99999976,9.751057e-08,8.674838e-08
2258,MR048944B,glioma,0,1,0.9999999,9.0759364e-09,1.4060552e-07
2263,MR049358,glioma,0,1,1.0,1.9871587e-09,2.427131e-10
2278,MR049453,glioma,0,1,0.999995,4.966778e-06,4.150717e-08
2279,MR024780G,glioma,0,1,0.9999993,7.1307875e-07,9.647798e-09
2285,MR024780G,glioma,0,1,0.99999905,9.216517e-07,1.2552105e-08
2286,MR049453B,glioma,0,1,0.9980866,0.0019132881,9.3201706e-08
2291,MR049453B,glioma,0,1,0.9989011,0.0008650393,0.00023384455
2296,MR049453B,glioma,0,1,0.9999969,2.944772e-07,2.829526e-06
2306,MR050135B,glioma,0,1,0.99999976,2.4766283e-08,2.433127e-07
2313,MR050687,glioma,0,1,0.9998994,0.000100264944,3.0936877e-07
2320,MR050791B,glioma,0,1,0.998092,0.0019076095,4.0406667e-07
2324,MR049019C,glioma,0,1,0.9854198,3.4092204e-07,0.014579874
2325,MR049019C,glioma,0,1,0.99768984,4.453276e-07,0.002309749
2327,MR026175C,glioma,0,1,0.9999403,5.953187e-05,2.3872443e-07
2337,MR051461,glioma,0,1,0.9999887,1.1190453e-05,1.0213158e-07
2341,MR051461,glioma,0,1,1.0,1.5833441e-08,4.7026083e-10
2342,MR051586,glioma,0,1,0.99999547,4.56658e-06,3.8155967e-08
2346,MR033389B,glioma,0,1,0.9922984,0.0077015776,3.9620995e-09
2352,MR026175E,glioma,0,1,0.99999964,2.545939e-07,9.573275e-08
2359,MR026175E,glioma,0,1,0.9999982,1.7438962e-06,1.1632616e-08
2360,MR026175E,glioma,0,1,0.9999949,5.0695803e-06,6.1693726e-09
2363,MR040240C,glioma,0,1,0.99999976,1.2981457e-07,1.1432782e-07
2373,MR040240D,glioma,0,1,0.99997306,1.8013945e-05,8.975594e-06
2374,MR040240D,glioma,0,1,0.99999774,1.4539738e-06,8.369376e-07
2379,MR040240D,glioma,0,1,0.9999999,1.02844666e-07,1.12197975e-08
2386,MR017260F,glioma,0,1,0.99991643,7.310076e-05,1.04508845e-05
2388,MR017260F,glioma,0,1,0.99797875,0.0020130416,8.2671095e-06
2395,MR029209I,glioma,0,1,0.9999999,1.1836931e-07,4.7558043e-08
2402,MR029209I,glioma,0,1,0.99998176,1.8230949e-05,1.0681459e-08
2406,MR048294,glioma,0,1,0.9999974,9.80864e-07,1.6760287e-06
2416,MR048294B,glioma,0,1,0.9997942,5.249638e-08,0.00020580321
2423,MR048621B,glioma,0,1,0.9999968,1.7578694e-08,3.1839286e-06
2429,MR048944,glioma,0,1,0.9999875,1.257569e-05,2.1265711e-09
2432,MR048944,glioma,0,1,0.9995808,0.00041800705,1.178867e-06
2438,MR048994,glioma,0,1,0.9976985,0.002300819,7.5031284e-07
2443,MR040240,glioma,0,1,0.99999464,4.929027e-06,4.5887245e-07
2444,MR040240,glioma,0,1,0.99999917,1.09641334e-07,7.0599475e-07
2450,MR040240,glioma,0,1,0.9998661,0.000133479,4.1355702e-07
2451,MR040240,glioma,0,1,0.99999404,5.9439053e-06,6.5686727e-09
2454,MR040240B,glioma,0,1,0.9999924,2.962934e-07,7.430188e-06
2456,MR040240B,glioma,0,1,0.99999535,3.147462e-07,4.3036193e-06
2463,MR029209G,glioma,0,1,0.9999957,4.218872e-06,8.2590866e-08
2466,MR029209G,glioma,0,1,0.99998295,1.7081964e-05,3.433714e-08
2470,MR036496B,glioma,0,1,0.9999999,7.8210704e-08,2.2270363e-09
2476,MR033420,glioma,0,1,0.9998884,0.000110749344,8.104797e-07
2482,MR033420,glioma,0,1,0.9998903,0.000109499575,1.0586199e-07
2484,MR033420,glioma,0,1,1.0,2.6279382e-08,1.2748859e-08
2485,MR033420,glioma,0,1,0.99999964,2.4772245e-07,1.3159138e-07
2486,MR033420,glioma,0,1,1.0,5.504876e-09,2.5497243e-08
2492,MR033389B,glioma,0,1,0.99999774,2.2278166e-06,1.583072e-08
2493,MR033389B,glioma,0,1,0.99999917,5.515966e-07,2.1067936e-07
2502,MR026175E,glioma,0,1,0.99831784,0.0016803585,1.751681e-06
2508,MR026175E,glioma,0,1,1.0,5.74996e-08,9.043607e-09
2514,MR040240C,glioma,0,1,0.999767,0.00023238848,5.422668e-07
2522,MR040240C,glioma,0,1,0.99965096,0.0003447827,4.2826236e-06
2540,MR048294,glioma,0,1,0.70179164,0.29802075,0.0001876686
2547,MR051586,glioma,0,1,0.9999889,1.1038964e-05,2.1970283e-08
2548,MR051586,glioma,0,1,0.9998516,0.00014824427,6.949776e-08
2554,MR051644,glioma,0,1,0.9999862,1.3762436e-05,1.0232554e-07
2557,MR051644,glioma,0,1,0.99998224,1.77088e-05,8.784288e-09
2558,MR051644,glioma,0,1,0.9999939,6.0400757e-06,1.4281418e-08
2562,MR051644,glioma,0,1,0.99986863,0.00013124624,7.875171e-08
2565,MR051644,glioma,0,1,0.9999999,6.485182e-08,5.7537854e-09
2568,MR051651,glioma,0,1,0.9997147,0.00028518573,6.499441e-08
2575,MR051796,glioma,0,1,0.9999943,3.2121008e-08,5.691991e-06
2576,MR051796,glioma,0,1,0.9999968,7.073591e-07,2.5121913e-06
2580,MR051651B,glioma,0,1,0.9971227,0.0028769665,3.3026333e-07
2589,MR052550,glioma,0,1,0.9999994,4.0642644e-07,1.7939054e-07
2617,MR053110B,glioma,0,1,0.9999974,1.7647237e-06,8.78701e-07
2618,MR053110B,glioma,0,1,0.9999994,3.131316e-07,2.8682086e-07
2620,MR053110B,glioma,0,1,1.0,1.343046e-09,1.4376889e-08
2622,MR053110B,glioma,0,1,0.99998844,1.1109159e-05,4.192588e-07
2626,MR034694,glioma,0,1,0.9999999,1.549114e-07,1.5902991e-08
2630,MR034694,glioma,0,1,0.9999999,1.392444e-07,5.7360158e-08
2642,MR049242C,glioma,0,1,0.99999654,6.6986604e-07,2.739657e-06
2645,MR049242C,glioma,0,1,0.99889356,0.00087323424,0.00023332638
2662,MR029209E,glioma,0,1,0.9999925,1.4309264e-06,6.0611633e-06
2666,MR053110E,glioma,0,1,0.9999294,7.0578266e-05,3.3111196e-08
2669,MR053110E,glioma,0,1,0.99999964,1.00292816e-07,1.7971439e-07
2673,MR053110E,glioma,0,1,0.99988663,0.000113337104,5.691482e-08
2674,MR053110E,glioma,0,1,0.9997003,0.00029950577,2.5496084e-07
2677,MR049019G,glioma,0,1,0.9999826,1.9676368e-07,1.7142207e-05
2682,MR038469,glioma,0,1,0.99725765,0.00035978714,0.0023826505
2683,MR038469,glioma,0,1,0.99986136,0.00012195187,1.6708338e-05
2684,MR038469,glioma,0,1,0.9999652,3.4089004e-05,7.456459e-07
2689,MR032322C,glioma,0,1,0.9999844,1.5673757e-05,5.4453945e-08
2693,MR032322C,glioma,0,1,0.02843297,0.97156703,1.3749482e-08
2695,MR032322C,glioma,0,1,0.99966395,0.00010549758,0.00023061257
2705,MR037458B,glioma,0,1,0.8009557,0.19903308,1.115247e-05
2720,MR039473B,glioma,0,1,1.0,7.8143386e-10,2.7441716e-08
2722,MR039473B,glioma,0,1,0.99999905,2.1826905e-08,9.197665e-07
2730,MR037458C,glioma,0,1,0.999936,6.329195e-05,6.729963e-07
2736,MR029209E,glioma,0,1,0.99999785,2.129515e-06,1.2113782e-08
2743,MR049019G,glioma,0,1,0.99999905,1.4764775e-07,8.93182e-07
2745,MR049019G,glioma,0,1,0.99999976,2.153103e-08,2.8090398e-07
2753,MR038469,glioma,0,1,0.07277209,0.18493316,0.7422948
2754,MR038469,glioma,0,1,0.86164325,0.03312028,0.10523645
2757,MR038469,glioma,0,1,0.99996567,3.3802902e-05,4.978822e-07
2758,MR032322C,glioma,0,1,0.99996066,3.93805e-05,1.8842254e-08
2765,MR032322C,glioma,0,1,0.9999988,6.292316e-08,1.0168667e-06
2771,MR037458B,glioma,0,1,0.999772,0.00022800025,1.8650358e-08
2779,MR039473,glioma,0,1,0.991227,5.625888e-08,0.00877309
2785,MR039473B,glioma,0,1,0.99961025,3.4016833e-07,0.00038943457
2792,MR040240,glioma,0,1,0.9532094,0.046789426,1.099711e-06
2793,MR040240,glioma,0,1,0.9983267,0.0016698046,3.415962e-06
2802,MR029209G,glioma,0,1,0.99999666,3.2592677e-06,7.026898e-08
2804,MR029209G,glioma,0,1,0.99999964,3.882884e-08,4.0767654e-07
2815,MR033420,glioma,0,1,0.99999976,8.220741e-08,1.082434e-07
2818,MR024780B,glioma,0,1,0.9999908,8.978946e-06,2.6855025e-07
2822,MR048294,glioma,0,1,0.9999932,6.5260488e-06,2.8958272e-07
2823,MR048297,glioma,0,1,0.9414651,0.058534224,6.434699e-07
2825,MR048297,glioma,0,1,0.9997162,0.00028371369,4.418235e-09
2826,MR048297,glioma,0,1,0.9860677,0.013932218,1.1448039e-07
2828,MR048297,glioma,0,1,0.99996877,3.12865e-05,5.2174385e-09
2835,MR048294B,glioma,0,1,0.9999994,2.75116e-09,5.875525e-07
2839,MR048621B,glioma,0,1,1.0,3.5401715e-08,3.9214667e-09
2845,MR048944,glioma,0,1,0.9999862,1.0246782e-05,3.581528e-06
2850,MR048994,glioma,0,1,0.99998355,1.6463096e-05,1.6260202e-09
2854,MR049104,glioma,0,1,0.98594636,0.004378871,0.0096748
2860,MR049142,glioma,0,1,0.9395512,0.06031425,0.0001345198
2862,MR048994B,glioma,0,1,0.99999464,1.1306217e-06,4.258478e-06
2868,MR049358,glioma,0,1,0.99999976,7.507528e-09,2.1570933e-07
2869,MR049358,glioma,0,1,0.9999999,4.8063495e-09,8.747714e-08
2872,MR049358,glioma,0,1,0.999997,1.4706579e-09,3.0118688e-06
2873,MR049104B,glioma,0,1,0.99998176,5.1042243e-06,1.3056262e-05
2875,MR049104B,glioma,0,1,0.9999988,3.544236e-07,8.066071e-07
2890,MR024780G,glioma,0,1,0.99829394,0.0017022776,3.8661346e-06
2892,MR050135B,glioma,0,1,0.9999883,1.0431699e-05,1.172594e-06
2899,MR050135B,glioma,0,1,0.999987,1.0509573e-05,2.5299628e-06
2904,MR050687,glioma,0,1,0.9999993,5.4197596e-07,1.4246487e-07
2910,MR050791B,glioma,0,1,0.8579895,0.14197993,3.063153e-05
2911,MR050791B,glioma,0,1,0.7315648,0.2684257,9.388833e-06
2948,MR051796,glioma,0,1,0.99949694,0.00022121958,0.00028183058
2953,MR051796,glioma,0,1,0.9975284,0.00047796336,0.0019937367
2955,MR051651B,glioma,0,1,0.9974746,0.002350788,0.00017461304
2957,MR051651B,glioma,0,1,0.9999739,2.481405e-05,1.2812285e-06
2962,MR051644B,glioma,0,1,0.9999981,5.382189e-09,1.8961773e-06
2965,MR051644B,glioma,0,1,0.9999851,2.7434607e-08,1.4861777e-05
2969,MR051644B,glioma,0,1,0.9996667,0.00013363258,0.00019967921
2972,MR051796B,glioma,0,1,0.99997985,1.9750442e-07,1.994995e-05
2975,MR052550,glioma,0,1,0.999997,2.3629766e-06,6.163694e-07
2976,MR052550,glioma,0,1,0.9999994,4.308203e-08,5.611788e-07
2980,MR052550,glioma,0,1,0.999671,0.00012282848,0.00020614988
2983,MR051644C,glioma,0,1,0.99999964,1.917245e-07,9.11379e-08
2986,MR051644C,glioma,0,1,0.9999937,3.918398e-06,2.4294409e-06
2998,MR052585B,glioma,0,1,0.9999672,1.0837623e-07,3.2632695e-05
3014,MR050687C,glioma,0,1,0.96876043,0.031239271,3.3410373e-07
3016,MR050687C,glioma,0,1,0.9999764,2.0876376e-05,2.7526728e-06
3019,MR050687C,glioma,0,1,0.99998903,7.3753085e-06,3.5793803e-06
3020,MR056144,glioma,0,1,0.9491839,0.001996438,0.048819717
3028,MR034997,glioma,0,1,0.99999857,5.7104943e-09,1.3909246e-06
3029,MR029209E,glioma,0,1,0.97331595,0.026684122,3.2267817e-08
3030,53669,meningioma,1,1,1.5731246e-05,0.9999833,9.480263e-07
3039,MR024780E,glioma,0,1,0.9999603,3.8785256e-05,9.90917e-07
3042,MR040240C,glioma,0,1,0.9999964,1.3210012e-06,2.225393e-06
3046,MR040240C,glioma,0,1,0.99849844,0.001458295,4.3372103e-05
3048,MR040240D,glioma,0,1,0.99999976,5.7706884e-09,1.948084e-07
3054,MR017260F,glioma,0,1,0.999995,4.8126853e-06,2.4711298e-07
3061,MR029209I,glioma,0,1,0.9999999,9.492148e-08,1.0811254e-08
3,100360,meningioma,1,2,0.8483228,0.11946074,0.03221646
6,100572,meningioma,1,2,0.009940851,0.02775766,0.9623015
14,101016,meningioma,1,2,0.00017562912,0.99981743,6.8668646e-06
17,101127,meningioma,1,2,0.0029246293,0.82680184,0.17027357
20,101797,meningioma,1,2,0.9615482,0.037257858,0.0011939507
26,102446,meningioma,1,2,0.9496738,0.03203977,0.018286498
29,102714,meningioma,1,2,0.00031810725,0.6510064,0.34867546
32,102929,meningioma,1,2,0.04440014,0.91916645,0.0364334
37,103673,meningioma,1,2,2.630761e-05,0.006412989,0.9935607
41,103673,meningioma,1,2,0.00019560335,0.007428034,0.9923764
49,104281,meningioma,1,2,0.674756,0.3031706,0.022073425
53,104281,meningioma,1,2,0.362783,0.6366773,0.00053965015
56,105374,meningioma,1,2,0.74644494,0.16628271,0.08727239
61,105937,meningioma,1,2,3.18228e-05,0.99992573,4.247184e-05
62,106284,meningioma,1,2,0.0018465115,0.99106544,0.0070880516
63,106284,meningioma,1,2,0.11177938,0.86469984,0.023520755
68,106442,meningioma,1,2,0.41405544,0.5854288,0.0005158292
72,106534,meningioma,1,2,0.070009336,0.92814994,0.001840637
74,106665,meningioma,1,2,0.7328155,0.26524454,0.0019400101
81,106720,meningioma,1,2,0.37134743,0.6106056,0.01804698
95,107248,meningioma,1,2,1.992731e-06,0.019494168,0.9805038
97,107248,meningioma,1,2,0.08281737,0.42113858,0.496044
112,108550,meningioma,1,2,0.0003193805,0.057838153,0.94184244
113,108590,meningioma,1,2,0.024229497,0.9722911,0.00347942
119,109411,meningioma,1,2,0.11369842,0.81841516,0.067886434
120,109968,meningioma,1,2,0.18654074,0.63169396,0.18176527
125,111077,meningioma,1,2,0.5478758,0.057149056,0.39497507
128,111366,meningioma,1,2,0.014113726,0.39108372,0.59480256
134,111532,meningioma,1,2,0.0026719668,0.9973239,4.128982e-06
136,112002,meningioma,1,2,0.11028163,0.8869394,0.0027789667
138,112002,meningioma,1,2,0.7622948,0.23135632,0.0063488595
147,112552,meningioma,1,2,0.005630272,0.99398464,0.00038508893
149,112552,meningioma,1,2,0.016009914,0.9837785,0.0002117329
150,112552,meningioma,1,2,0.27548108,0.72430307,0.00021584031
157,113435,meningioma,1,2,0.10365699,0.89627695,6.61438e-05
165,114018,meningioma,1,2,0.0003232917,0.27923998,0.7204367
167,114018,meningioma,1,2,0.003909809,0.67414665,0.32194355
168,114018,meningioma,1,2,0.0028698505,0.9705118,0.026618347
177,97607,meningioma,1,2,0.002089387,0.9979061,4.5420825e-06
180,97737,meningioma,1,2,1.526862e-05,0.9999784,6.3532334e-06
189,97943,meningioma,1,2,0.05348906,0.9344961,0.012014918
192,98241,meningioma,1,2,0.002752236,0.9967445,0.0005031708
193,98241,meningioma,1,2,0.00632504,0.99320364,0.00047139928
204,99308,meningioma,1,2,0.015816357,0.98317367,0.0010099286
210,100820,glioma,0,2,0.7287311,0.26377925,0.0074896007
217,100360,meningioma,1,2,0.3488025,0.6499145,0.0012829903
225,101016,meningioma,1,2,4.7952435e-06,0.9999949,3.8540065e-07
227,101127,meningioma,1,2,0.040831205,0.21002616,0.7491426
242,102714,meningioma,1,2,0.0056931376,0.7443828,0.24992411
244,102714,meningioma,1,2,0.021171993,0.954784,0.024044057
246,102929,meningioma,1,2,0.0060332534,0.04070429,0.9532625
247,102929,meningioma,1,2,0.065784924,0.2822179,0.65199715
249,102929,meningioma,1,2,0.016673867,0.026724566,0.9566016
250,102929,meningioma,1,2,0.39205256,0.30133805,0.30660945
254,103673,meningioma,1,2,8.516352e-05,0.00084902125,0.9990658
258,103673,meningioma,1,2,3.0568277e-05,0.012919501,0.98705
262,103925,meningioma,1,2,0.52176064,0.40044957,0.07778983
267,103925,meningioma,1,2,0.19752972,0.7695292,0.032941006
268,103925,meningioma,1,2,0.35979524,0.62760055,0.012604232
272,104167,meningioma,1,2,0.2205994,0.7703799,0.009020711
275,104281,meningioma,1,2,0.45867488,0.54003763,0.0012873986
277,104281,meningioma,1,2,0.69877553,0.30053514,0.00068927737
289,105937,meningioma,1,2,0.024575671,0.9752695,0.00015483651
296,106442,meningioma,1,2,0.005252993,0.9947391,7.924962e-06
300,106665,meningioma,1,2,0.8007049,0.19911397,0.0001811411
314,106914,meningioma,1,2,0.0029581613,0.99627846,0.0007633062
316,107248,meningioma,1,2,0.54246956,0.12509018,0.33244032
320,107494,meningioma,1,2,0.110539764,0.8352806,0.05417962
329,108514,meningioma,1,2,0.07443278,0.9240376,0.0015296683
331,108514,meningioma,1,2,0.8510888,0.14771304,0.0011980856
332,108550,meningioma,1,2,0.8031741,0.19266465,0.0041612545
336,108945,meningioma,1,2,0.4159541,0.5790723,0.0049735676
337,108945,meningioma,1,2,0.8301002,0.16975257,0.00014726516
341,109968,meningioma,1,2,0.25754407,0.7405965,0.0018595025
344,109968,meningioma,1,2,0.6343933,0.3647916,0.00081515755
351,111077,meningioma,1,2,0.52614194,0.45034298,0.023515128
357,111532,meningioma,1,2,0.9840635,0.008984205,0.006952381
358,111532,meningioma,1,2,0.9240334,0.046415906,0.029550785
360,111532,meningioma,1,2,0.9564693,0.04260992,0.00092076353
369,112062,meningioma,1,2,0.9643753,0.035244033,0.00038065176
376,112552,meningioma,1,2,0.98394233,0.013712969,0.0023446984
379,112648,meningioma,1,2,0.8859109,0.0965801,0.017509006
389,113435,meningioma,1,2,0.63535905,0.3582899,0.006351067
399,114359,meningioma,1,2,0.9742852,0.025685603,2.9252618e-05
403,114359,meningioma,1,2,0.36817262,0.6316477,0.00017970591
404,114359,meningioma,1,2,0.9977043,0.001680594,0.00061508146
410,97737,meningioma,1,2,0.000110524896,0.9929125,0.0069769425
416,97875,meningioma,1,2,0.022183156,0.19662738,0.7811895
417,97875,meningioma,1,2,0.08674303,0.74848974,0.16476725
436,99089,meningioma,1,2,0.03456059,0.26182207,0.7036174
439,99308,meningioma,1,2,0.030192954,0.96973366,7.344e-05
440,99308,meningioma,1,2,0.00569331,0.98977983,0.004526834
450,100639,meningioma,1,2,0.97558093,0.024376577,4.2444743e-05
455,101016,meningioma,1,2,5.6511726e-06,0.99971133,0.0002830402
460,101082,meningioma,1,2,0.22075722,0.7661145,0.013128333
473,101801,meningioma,1,2,0.019108761,0.59488136,0.38600987
476,102446,meningioma,1,2,0.027781328,0.97211593,0.000102828955
484,102714,meningioma,1,2,0.89365363,0.09059159,0.015754778
486,102818,meningioma,1,2,0.03785494,0.9539394,0.008205727
494,102960,meningioma,1,2,0.6904518,0.11455862,0.19498956
498,103673,meningioma,1,2,0.00020278028,0.000752364,0.99904484
499,103673,meningioma,1,2,9.5971955e-05,0.0005076616,0.9993963
501,103925,meningioma,1,2,0.039701845,0.056299698,0.9039985
503,103925,meningioma,1,2,0.19824499,0.26495597,0.536799
509,104167,meningioma,1,2,0.045049913,0.9513153,0.0036347972
514,104695,meningioma,1,2,0.31137943,0.68851477,0.00010577486
516,104695,meningioma,1,2,0.8885081,0.110312395,0.0011794871
524,106284,meningioma,1,2,0.17547701,0.6542661,0.17025687
525,106284,meningioma,1,2,0.026771726,0.95911986,0.0141084045
531,106534,meningioma,1,2,0.07550321,0.92153066,0.0029660335
534,106665,meningioma,1,2,0.06995618,0.9299681,7.5747026e-05
542,106720,meningioma,1,2,0.79772955,0.20156251,0.000707903
551,107248,meningioma,1,2,0.06375214,0.7158679,0.22037993
554,107248,meningioma,1,2,0.057096787,0.91543674,0.027466465
555,107248,meningioma,1,2,0.002924744,0.98671675,0.010358434
557,107494,meningioma,1,2,0.05109372,0.9417023,0.0072039464
560,107946,meningioma,1,2,0.9127913,0.087063275,0.00014541735
561,107946,meningioma,1,2,0.94745445,0.052501857,4.370199e-05
566,108514,meningioma,1,2,0.54209524,0.45765227,0.0002525073
591,111366,meningioma,1,2,0.022388762,0.9766283,0.0009829596
592,111366,meningioma,1,2,0.061101317,0.9370754,0.0018233509
600,112002,meningioma,1,2,0.8774493,0.1038373,0.018713446
610,112552,meningioma,1,2,0.009872218,0.9890109,0.0011169364
611,112552,meningioma,1,2,0.03693554,0.9629971,6.738902e-05
612,112552,meningioma,1,2,0.5750424,0.41983068,0.0051269126
613,112552,meningioma,1,2,0.51252395,0.48523405,0.002241951
627,113435,meningioma,1,2,0.02934443,0.92698675,0.04366884
631,113554,meningioma,1,2,0.08198933,0.9177024,0.00030823235
632,113554,meningioma,1,2,2.2441423e-05,0.99777967,0.0021978267
641,113971,meningioma,1,2,0.14793432,0.5991325,0.2529333
645,114018,meningioma,1,2,0.004268673,0.33054754,0.6651838
655,114417,meningioma,1,2,0.55143154,0.44842315,0.0001452974
657,114417,meningioma,1,2,0.82745147,0.14913028,0.023418188
659,97374,meningioma,1,2,0.9897187,0.005333912,0.0049473685
662,97374,meningioma,1,2,0.12477085,0.87495625,0.00027290397
664,97607,meningioma,1,2,0.12660818,0.87337464,1.715506e-05
683,98241,meningioma,1,2,0.003882927,0.9959513,0.0001656908
688,99089,meningioma,1,2,0.018118322,0.16829085,0.8135908
689,99089,meningioma,1,2,0.069054544,0.46995497,0.46099046
691,99089,meningioma,1,2,0.56114024,0.4359097,0.0029500762
692,99089,meningioma,1,2,0.8056964,0.19408816,0.00021543175
697,99308,meningioma,1,2,0.77965504,0.12757951,0.09276545
700,99308,meningioma,1,2,0.03417509,0.9655976,0.00022735547
709,105936,pituitary,2,2,2.8429582e-07,1.46813345e-05,0.999985
717,100820,glioma,0,2,0.5845926,0.39708513,0.01832231
722,102075,glioma,0,2,0.98427975,0.00414346,0.011576775
724,102075,glioma,0,2,0.19083497,0.120758004,0.688407
728,103148,glioma,0,2,0.9981432,0.0013806865,0.0004760358
734,106494,glioma,0,2,0.67495507,0.32357234,0.0014725777
735,107747,glioma,0,2,0.6164699,0.36757976,0.015950352
743,112105,glioma,0,2,0.99504143,0.0011998519,0.0037587273
744,112105,glioma,0,2,0.92362905,0.036102876,0.04026811
747,100820,glioma,0,2,0.68613434,0.23831142,0.075554214
754,101020,glioma,0,2,0.9946852,0.005309631,5.268893e-06
755,101020,glioma,0,2,0.99828833,0.0017101924,1.4331231e-06
756,101020,glioma,0,2,0.99826354,0.0017353357,1.2051844e-06
765,103148,glioma,0,2,0.9987545,0.0008491109,0.00039638032
767,103148,glioma,0,2,0.954502,0.04515997,0.00033802647
768,106494,glioma,0,2,0.99488187,0.004596075,0.00052211387
773,107747,glioma,0,2,0.9522139,0.008460604,0.039325584
774,107747,glioma,0,2,0.96791583,0.031091934,0.0009921703
776,107747,glioma,0,2,0.98481816,0.014425278,0.0007566584
777,107747,glioma,0,2,0.99899393,0.00092214847,8.398904e-05
783,112105,glioma,0,2,0.9949032,0.005010948,8.591221e-05
784,112105,glioma,0,2,0.9972842,0.0023610622,0.00035475104
788,112105,glioma,0,2,0.9933001,0.0065390584,0.0001608507
795,88670,glioma,0,2,0.9995554,0.00038698115,5.7594458e-05
797,88670,glioma,0,2,0.96790856,0.031078948,0.0010124699
798,88670,glioma,0,2,0.9265304,0.071471676,0.0019978967
819,100416,glioma,0,2,0.9970745,0.0029116794,1.3777042e-05
836,101384,glioma,0,2,0.99508804,0.004843589,6.835703e-05
843,103148,glioma,0,2,0.91067225,0.03339999,0.055927765
844,105653,glioma,0,2,0.26921088,0.49025962,0.24052945
846,106494,glioma,0,2,0.43090683,0.5518434,0.017249778
864,112105,glioma,0,2,0.99818426,0.0013404306,0.00047521055
869,88670,glioma,0,2,0.999035,0.0009442422,2.0676303e-05
876,90284,glioma,0,2,0.99389064,9.123305e-05,0.0060181296
878,90284,glioma,0,2,0.99800605,0.0015013603,0.00049267797
879,90284,glioma,0,2,0.99183345,0.0068749674,0.0012916167
880,90284,glioma,0,2,0.9955521,0.001386144,0.0030616843
881,92897,glioma,0,2,0.6278978,0.21210964,0.15999249
883,93329,glioma,0,2,0.94570816,0.05408489,0.0002069923
890,93825,glioma,0,2,0.99981517,0.00016241729,2.244123e-05
892,94731,glioma,0,2,0.84215117,0.0454764,0.112372465
912,98889,glioma,0,2,0.9864115,0.013406811,0.0001817343
915,98889,glioma,0,2,0.99156415,0.008314256,0.00012167553
925,106062,pituitary,2,2,4.390775e-06,5.246174e-05,0.99994314
927,107495,pituitary,2,2,1.28238e-06,2.7634253e-05,0.99997103
934,107429,pituitary,2,2,2.1482638e-06,9.665833e-05,0.9999012
935,107429,pituitary,2,2,6.3324264e-06,0.0010586883,0.9989349
936,107429,pituitary,2,2,6.8016743e-06,0.0033460583,0.9966472
938,107429,pituitary,2,2,0.02370939,0.006942078,0.9693485
944,107505,pituitary,2,2,1.35624505e-05,1.7273162e-05,0.9999691
948,107743,pituitary,2,2,2.5750157e-06,0.0002657346,0.9997317
949,107743,pituitary,2,2,3.7175164e-06,0.00025184074,0.9997445
950,108858,pituitary,2,2,1.9386982e-06,0.0006472425,0.99935085
951,108858,pituitary,2,2,7.082923e-06,0.00046535677,0.9995276
954,108858,pituitary,2,2,0.00012236719,0.0018844956,0.9979931
955,108931,pituitary,2,2,9.997045e-08,3.4310015e-05,0.99996555
956,108931,pituitary,2,2,9.1546354e-08,2.2261142e-05,0.9999776
958,109471,pituitary,2,2,1.0103175e-05,0.0049178805,0.99507195
963,109769,pituitary,2,2,3.359335e-06,4.4472374e-05,0.9999522
964,109769,pituitary,2,2,2.6430314e-05,3.9840932e-05,0.9999337
966,109898,pituitary,2,2,2.702537e-07,0.00010990053,0.99988985
969,109898,pituitary,2,2,1.2275715e-05,0.0007223672,0.9992654
973,110518,pituitary,2,2,0.071386054,0.12778188,0.80083203
978,110993,pituitary,2,2,9.467905e-07,2.0297168e-05,0.9999788
987,111125,pituitary,2,2,3.977638e-05,2.1004285e-05,0.9999392
988,111125,pituitary,2,2,1.9745272e-05,5.1376926e-05,0.99992883
995,112074,pituitary,2,2,3.9151382e-05,0.0021648745,0.99779594
996,112074,pituitary,2,2,2.888459e-05,0.01852566,0.9814455
1017,114040,pituitary,2,2,0.00014843514,0.00015634859,0.9996953
1018,114361,pituitary,2,2,0.000115988354,5.805076e-05,0.999826
1021,114094,pituitary,2,2,0.024400953,0.010482995,0.965116
1023,114094,pituitary,2,2,0.00048740942,0.04208944,0.9574231
1025,101017,pituitary,2,2,8.380633e-06,0.000225832,0.9997658
1029,101017,pituitary,2,2,3.9850374e-06,8.5289365e-05,0.9999107
1038,106062,pituitary,2,2,7.323645e-05,2.6956935e-05,0.99989974
1040,106062,pituitary,2,2,7.991778e-05,0.00022431544,0.9996958
1044,107495,pituitary,2,2,2.5770605e-06,2.2212832e-06,0.99999523
1050,107429,pituitary,2,2,7.919853e-06,0.0001526157,0.9998394
1052,107429,pituitary,2,2,8.561478e-06,0.0011723869,0.99881905
1058,107505,pituitary,2,2,0.0056868736,0.00055858906,0.99375457
1060,107743,pituitary,2,2,3.251044e-05,2.868588e-05,0.99993885
1062,107743,pituitary,2,2,2.6822283e-05,5.4368684e-05,0.9999188
1065,108858,pituitary,2,2,0.21712424,0.0004968509,0.7823789
1071,108931,pituitary,2,2,2.2831688e-05,9.3948605e-05,0.9998832
1072,108931,pituitary,2,2,0.00013172557,4.681155e-05,0.9998215
1080,109471,pituitary,2,2,0.00063709135,9.3853654e-05,0.99926907
1084,109769,pituitary,2,2,1.1694201e-06,6.672341e-06,0.99999213
1086,109769,pituitary,2,2,1.3778717e-06,0.0001360704,0.99986255
1092,109898,pituitary,2,2,5.3517015e-06,0.0001684487,0.99982625
1099,110518,pituitary,2,2,0.00013548059,0.0007130912,0.99915147
1101,110537,pituitary,2,2,9.7696775e-06,5.4019592e-06,0.99998486
1113,111075,pituitary,2,2,0.00037521232,2.899716e-05,0.9995958
1114,111075,pituitary,2,2,0.0016710683,0.0002099193,0.99811894
1124,111785,pituitary,2,2,0.0016211729,6.408168e-06,0.9983725
1129,112074,pituitary,2,2,0.00055349624,0.0025515896,0.99689496
1130,112074,pituitary,2,2,0.0015252136,0.0030707843,0.995404
1138,112649,pituitary,2,2,0.0072617196,1.8894556e-05,0.9927194
1149,113274,pituitary,2,2,9.679036e-05,2.7808326e-06,0.99990046
1156,114040,pituitary,2,2,0.002485179,0.0003196421,0.9971951
1161,114094,pituitary,2,2,0.00028492403,0.0002410983,0.999474
1162,114094,pituitary,2,2,0.0003046958,0.0046473653,0.99504787
1163,114094,pituitary,2,2,5.3829215e-05,0.0004375444,0.9995086
1168,105936,pituitary,2,2,3.833075e-06,7.276749e-06,0.9999889
1177,107495,pituitary,2,2,1.5046238e-05,2.499275e-05,0.99995995
1178,107495,pituitary,2,2,1.0251153e-05,4.8296904e-05,0.99994147
1193,107505,pituitary,2,2,1.6626032e-05,2.6691525e-05,0.9999567
1195,107743,pituitary,2,2,0.00027318983,0.00010290582,0.9996239
1197,107743,pituitary,2,2,2.1407182e-05,2.121144e-05,0.9999573
1198,108858,pituitary,2,2,2.0566433e-05,6.0680697e-05,0.9999187
1199,108858,pituitary,2,2,1.8436205e-05,8.117278e-05,0.99990034
1201,108858,pituitary,2,2,0.0049509713,0.0013331982,0.9937158
1202,108858,pituitary,2,2,0.0024454,0.0014395514,0.9961151
1209,109471,pituitary,2,2,3.6486738e-06,0.00010317954,0.9998932
1215,109769,pituitary,2,2,9.516104e-05,9.152517e-05,0.9998134
1233,111075,pituitary,2,2,1.2748974e-05,1.5998941e-05,0.9999713
1236,111075,pituitary,2,2,0.0005940206,0.00017249075,0.9992335
1239,111125,pituitary,2,2,0.0008114862,0.0007163526,0.99847215
1240,111125,pituitary,2,2,0.0011037047,0.0007349991,0.99816126
1247,112074,pituitary,2,2,0.009564022,0.028974766,0.96146125
1248,112074,pituitary,2,2,0.060581923,0.01679678,0.92262125
1249,112074,pituitary,2,2,0.0008313049,0.0071904683,0.99197817
1253,112649,pituitary,2,2,0.008812232,0.000115456634,0.99107224
1264,112847,pituitary,2,2,5.116722e-06,2.896364e-05,0.9999659
1267,113274,pituitary,2,2,0.0014034625,0.0003302972,0.9982663
1269,113274,pituitary,2,2,0.29284176,0.00051823724,0.70664006
1276,114361,pituitary,2,2,1.5769142e-06,0.005055367,0.9949431
1277,114361,pituitary,2,2,2.0412555e-05,0.0008090842,0.99917054
1281,114094,pituitary,2,2,5.3008016e-06,0.00024919843,0.99974555
1297,102648,pituitary,2,2,0.0012759927,1.1813078e-05,0.9987122
1302,103046,pituitary,2,2,5.2548902e-08,1.2631449e-05,0.99998736
1308,103257,pituitary,2,2,1.1159215e-06,5.0908515e-05,0.999948
1312,103478,pituitary,2,2,0.00026915182,0.20139924,0.79833156
1320,103582,pituitary,2,2,3.3204155e-06,0.0033721032,0.9966246
1336,103731,pituitary,2,2,0.00029316745,0.00027897238,0.99942786
1337,103731,pituitary,2,2,0.0043008304,0.00024079307,0.99545836
1339,103731,pituitary,2,2,0.0018457846,3.494822e-06,0.99815065
1347,103837,pituitary,2,2,2.8179634e-06,6.873056e-05,0.9999285
1364,104684,pituitary,2,2,7.0328264e-07,4.894839e-06,0.9999944
1367,104684,pituitary,2,2,3.1665493e-06,4.6039313e-05,0.99995077
1369,104912,pituitary,2,2,4.177714e-06,0.0007206908,0.99927515
1374,105187,pituitary,2,2,1.8727902e-05,0.000118495795,0.9998628
1378,105475,pituitary,2,2,0.00016123931,0.0026535275,0.9971852
1385,105638,pituitary,2,2,3.9585735e-05,0.00057502126,0.99938536
1390,97416,pituitary,2,2,6.480192e-05,0.0057676965,0.99416745
1394,97416,pituitary,2,2,0.0074519874,0.0010509598,0.991497
1396,97461,pituitary,2,2,3.3904337e-06,1.5485948e-05,0.99998116
1401,97461,pituitary,2,2,9.812072e-07,3.52296e-05,0.99996376
1409,97599,pituitary,2,2,5.3668045e-06,0.00021401142,0.9997806
1417,98472,pituitary,2,2,2.2000642e-05,0.00060269743,0.9993753
1421,98652,pituitary,2,2,3.335102e-07,5.4008906e-05,0.99994564
1422,98652,pituitary,2,2,2.5821612e-06,2.3737504e-05,0.99997365
1429,98871,pituitary,2,2,0.0002930001,9.569444e-05,0.9996113
1433,98874,pituitary,2,2,3.1365624e-05,0.00021408466,0.9997546
1438,98992,pituitary,2,2,1.7934059e-06,0.010491567,0.98950666
1440,98992,pituitary,2,2,0.04479179,0.0031642981,0.9520439
1443,98995,pituitary,2,2,5.083866e-06,0.0003121952,0.9996828
1446,98995,pituitary,2,2,1.3569812e-05,0.0008865443,0.99909985
1452,99223,pituitary,2,2,0.000623345,0.0023616203,0.997015
1456,101017,pituitary,2,2,2.291597e-06,7.5143225e-06,0.9999902
1481,101724,pituitary,2,2,0.0008719569,0.000104517785,0.99902356
1482,101724,pituitary,2,2,0.00051583303,3.1990898e-05,0.9994522
1486,102648,pituitary,2,2,0.00017474106,0.00023897507,0.9995863
1491,103046,pituitary,2,2,1.1097466e-05,3.6952344e-05,0.99995196
1493,103257,pituitary,2,2,4.688147e-06,8.347601e-06,0.999987
1496,103257,pituitary,2,2,3.0770987e-06,6.37124e-06,0.9999906
1497,103257,pituitary,2,2,3.2135922e-05,6.8940535e-06,0.999961
1500,103478,pituitary,2,2,2.9543542e-05,4.285993e-05,0.99992764
1515,103671,pituitary,2,2,0.00016693589,2.7537028e-05,0.9998055
1523,103731,pituitary,2,2,8.00248e-06,7.428688e-05,0.99991775
1534,104019,pituitary,2,2,2.8359462e-05,0.0001311671,0.9998405
1537,104019,pituitary,2,2,3.7906422e-05,1.6094244e-05,0.999946
1538,104558,pituitary,2,2,0.0018713305,0.0004591604,0.9976695
1545,104684,pituitary,2,2,8.838537e-05,0.0003168207,0.99959487
1560,105187,pituitary,2,2,1.0889827e-06,4.635746e-06,0.9999943
1567,105538,pituitary,2,2,0.59789366,0.38749546,0.014610937
1570,105638,pituitary,2,2,0.0005587716,8.642081e-05,0.9993548
1577,97416,pituitary,2,2,1.0511037e-06,9.461549e-06,0.9999895
1579,97416,pituitary,2,2,5.0996994e-05,1.8228211e-05,0.99993074
1581,97461,pituitary,2,2,3.326873e-05,0.00013888742,0.99982786
1587,97461,pituitary,2,2,0.00011603255,2.1265676e-05,0.9998627
1591,97481,pituitary,2,2,1.01076885e-05,1.250913e-05,0.99997735
1594,97599,pituitary,2,2,9.53973e-08,9.3373393e-07,0.9999989
1602,98472,pituitary,2,2,6.271221e-06,2.0987327e-05,0.9999727
1604,98472,pituitary,2,2,0.00022458055,0.0009024955,0.99887294
1610,98871,pituitary,2,2,0.0011962197,1.3576194e-05,0.9987902
1612,98871,pituitary,2,2,0.00061255635,7.248619e-05,0.999315
1618,98874,pituitary,2,2,2.163596e-05,0.00033691083,0.9996414
1619,98874,pituitary,2,2,0.00020026202,0.0042582415,0.9955415
1624,98992,pituitary,2,2,0.00096650893,0.00020620585,0.9988273
1632,98995,pituitary,2,2,7.6983014e-07,0.00047785693,0.9995214
1636,99223,pituitary,2,2,1.171431e-06,0.00012349873,0.9998753
1638,99223,pituitary,2,2,2.1110998e-05,0.0003535263,0.9996253
1647,101029,pituitary,2,2,9.598708e-08,4.036764e-06,0.9999958
1652,101145,pituitary,2,2,0.00016308505,0.006630176,0.99320674
1664,101724,pituitary,2,2,0.03377253,0.0012399302,0.9649876
1668,102648,pituitary,2,2,0.051403392,0.0012683931,0.94732815
1669,102648,pituitary,2,2,0.5272114,0.0033174453,0.46947113
1698,103582,pituitary,2,2,0.00017320584,2.9927187e-05,0.9997969
1701,103670,pituitary,2,2,3.7893315e-05,6.642903e-05,0.9998957
1703,103670,pituitary,2,2,6.318032e-05,0.00037179308,0.99956506
1706,103671,pituitary,2,2,1.4873733e-06,3.467439e-05,0.9999639
1709,103731,pituitary,2,2,0.0003608729,8.348287e-05,0.99955565
1721,104019,pituitary,2,2,0.00032066618,0.0010338927,0.9986455
1722,104019,pituitary,2,2,4.3516873e-05,0.00023832514,0.9997181
1733,104558,pituitary,2,2,0.6943478,0.0057605742,0.29989162
1736,104684,pituitary,2,2,9.7440374e-05,6.333203e-06,0.99989617
1738,104684,pituitary,2,2,1.2040581e-05,4.415467e-06,0.99998355
1750,105187,pituitary,2,2,2.04618e-05,0.000135394,0.9998441
1752,105187,pituitary,2,2,3.5042307e-05,2.5495472e-05,0.99993944
1756,105475,pituitary,2,2,0.0019007613,0.00042523135,0.99767405
1767,97416,pituitary,2,2,0.006570626,0.0002699944,0.9931593
1769,97416,pituitary,2,2,0.0003221172,0.0010635183,0.9986143
1778,97461,pituitary,2,2,0.00011357549,0.0006727142,0.9992137
1782,97481,pituitary,2,2,1.1001805e-06,7.223938e-05,0.9999267
1789,97890,pituitary,2,2,1.381661e-05,7.5781914e-05,0.99991035
1793,97890,pituitary,2,2,7.1047856e-05,0.00028691356,0.999642
1799,98472,pituitary,2,2,4.5095853e-06,0.0001577054,0.99983776
1801,98652,pituitary,2,2,0.00088533695,0.00028828715,0.9988263
1802,98652,pituitary,2,2,4.0365354e-05,2.2778582e-05,0.9999368
1809,98871,pituitary,2,2,0.00034030696,5.690103e-05,0.99960285
1814,98874,pituitary,2,2,0.00034762154,0.0003461692,0.9993062
1819,98992,pituitary,2,2,0.024302851,0.33046165,0.64523554
1825,98992,pituitary,2,2,2.0900488e-05,0.00015676366,0.9998223
1826,98992,pituitary,2,2,0.0030382024,0.0008940702,0.99606764
1828,98992,pituitary,2,2,4.992586e-05,0.00037288043,0.9995772
1829,98992,pituitary,2,2,0.00018062135,0.00047374883,0.9993456
1830,98995,pituitary,2,2,4.911414e-06,1.5192356e-05,0.99997985
1834,98995,pituitary,2,2,2.1031867e-05,0.00014449637,0.9998344
1841,MR048294,glioma,0,2,0.96759415,0.0005052753,0.031900443
1845,MR048294,glioma,0,2,0.99985826,8.2853534e-05,5.893928e-05
1846,MR048294,glioma,0,2,0.9999174,6.267547e-05,1.9916997e-05
1853,MR048294B,glioma,0,2,0.99887747,0.00022177743,0.00090081507
1855,MR048621B,glioma,0,2,0.99348676,0.00071473187,0.0057985224
1859,MR048621B,glioma,0,2,0.99816185,0.0013430985,0.0004951592
1860,MR048621B,glioma,0,2,0.9899434,0.009576599,0.00048012263
1864,MR048944,glioma,0,2,0.93170047,0.06286107,0.005438459
1866,MR048944,glioma,0,2,0.77718216,0.22196098,0.0008568833
1871,MR048994,glioma,0,2,0.9996897,0.00029903025,1.1320077e-05
1872,MR048994,glioma,0,2,0.9992618,0.0007265064,1.1709943e-05
1875,MR048994,glioma,0,2,0.9882009,0.011783459,1.572332e-05
1876,MR048994,glioma,0,2,0.9933084,0.0066847582,6.7367664e-06
1880,MR049104,glioma,0,2,0.99981624,6.749563e-05,0.000116271185
1881,MR049142,glioma,0,2,0.9120111,0.080326505,0.007662412
1892,MR048994B,glioma,0,2,0.999595,0.0004018594,3.2648325e-06
1900,MR049358,glioma,0,2,0.7199015,0.00012203358,0.27997652
1908,MR049358,glioma,0,2,0.999912,5.2722567e-05,3.5284433e-05
1912,MR049104B,glioma,0,2,0.99969745,4.548958e-05,0.00025705626
1914,MR049453,glioma,0,2,0.9996847,2.6548056e-05,0.00028872152
1915,MR049453,glioma,0,2,0.99962306,2.7389693e-05,0.00034945316
1919,MR049453,glioma,0,2,0.999895,8.679718e-05,1.8202909e-05
1924,MR024780G,glioma,0,2,0.999948,3.1637952e-05,2.0356327e-05
1928,MR024780G,glioma,0,2,0.9999702,2.6765474e-05,2.9944579e-06
1931,MR024780G,glioma,0,2,0.9995633,3.0311016e-05,0.0004064327
1944,MR049453B,glioma,0,2,0.99998164,1.1747738e-05,6.57211e-06
1953,MR050135B,glioma,0,2,0.9998838,6.5624394e-05,5.05262e-05
1971,MR050687,glioma,0,2,0.9532236,0.04599596,0.0007804727
1972,MR050687,glioma,0,2,0.853233,0.14595194,0.0008149848
1973,MR050687,glioma,0,2,0.4545224,0.54462457,0.00085305155
1982,MR050791B,glioma,0,2,0.9987551,0.001012588,0.00023234243
1991,MR026175C,glioma,0,2,0.99889094,0.00012292227,0.0009862385
2007,MR051586,glioma,0,2,0.9997094,0.00025520683,3.5426536e-05
2009,MR051586,glioma,0,2,0.9996921,0.00029983427,8.1267835e-06
2011,MR051586,glioma,0,2,0.99992895,3.55475e-05,3.5491605e-05
2014,MR051461B,glioma,0,2,0.9886518,0.011339928,8.261562e-06
2015,MR051461B,glioma,0,2,0.9936154,0.0063785193,5.996777e-06
2018,MR051644,glioma,0,2,0.7032426,0.02770705,0.2690504
2019,MR051644,glioma,0,2,0.97724974,0.017246397,0.005503859
2021,MR051644,glioma,0,2,0.9973947,0.0024831898,0.00012206252
2022,MR051644,glioma,0,2,0.99825245,0.0017220995,2.5523219e-05
2027,MR051644,glioma,0,2,0.9926214,0.006465674,0.0009129243
2028,MR051644,glioma,0,2,0.99899834,0.0006110121,0.00039061217
2034,MR051651,glioma,0,2,0.97510195,0.024754161,0.0001439301
2037,MR051651,glioma,0,2,0.8519373,0.14790286,0.00015980298
2042,MR051796,glioma,0,2,0.9999261,6.926654e-05,4.59527e-06
2050,MR051651B,glioma,0,2,0.99828905,0.0017064612,4.465133e-06
2052,MR051644B,glioma,0,2,0.9999547,2.2147027e-05,2.313175e-05
2058,MR051796B,glioma,0,2,0.99965763,2.7595822e-06,0.00033961507
2063,MR052550,glioma,0,2,0.9998105,6.0855804e-05,0.0001286206
2067,MR051644C,glioma,0,2,0.99990284,8.420684e-05,1.295303e-05
2072,MR051644C,glioma,0,2,0.99937063,0.0004358569,0.00019351108
2077,MR049942B,glioma,0,2,0.99832875,0.00013759418,0.0015337195
2085,MR047953C,glioma,0,2,0.9991295,4.236147e-05,0.0008281814
2087,MR053110B,glioma,0,2,0.9855263,0.000670683,0.013802992
2096,MR034694,glioma,0,2,0.9999707,2.6066891e-05,3.1628338e-06
2103,MR054875,glioma,0,2,0.99828523,0.0002706536,0.0014440801
2104,MR050687C,glioma,0,2,0.9951054,0.003876014,0.0010186088
2106,MR050687C,glioma,0,2,0.99739146,0.00055321003,0.0020552245
2110,MR056144,glioma,0,2,0.99990296,2.7884918e-05,6.918895e-05
2113,MR034997,glioma,0,2,0.9992028,0.0003402725,0.00045690106
2118,MR034997,glioma,0,2,0.9998048,0.00019006082,5.073743e-06
2120,MR029209E,glioma,0,2,0.99978083,5.118323e-06,0.00021408784
2121,MR029209E,glioma,0,2,0.9998777,1.5141499e-05,0.00010721557
2123,MR029209E,glioma,0,2,0.9998574,9.174638e-05,5.0784038e-05
2127,MR029209E,glioma,0,2,0.99990344,6.0810584e-05,3.5726305e-05
2154,MR032322C,glioma,0,2,0.99946374,0.00016399793,0.00037234294
2160,MR032322C,glioma,0,2,0.9998246,8.090959e-05,9.454726e-05
2161,MR032322C,glioma,0,2,0.9990336,0.00025967506,0.00070681435
2169,MR037458B,glioma,0,2,0.97447735,0.013497407,0.012025285
2173,MR037458B,glioma,0,2,0.9303803,0.06912631,0.0004934043
2178,MR039473,glioma,0,2,0.9997967,0.00013209529,7.126257e-05
2182,MR039473B,glioma,0,2,0.99930465,2.5141147e-05,0.000670165
2183,MR039473B,glioma,0,2,0.9998173,2.1923894e-05,0.00016082115
2184,MR039473B,glioma,0,2,0.9990388,5.234311e-05,0.0009088317
2196,MR040240,glioma,0,2,0.9968887,0.0012466641,0.0018647506
2205,MR040240,glioma,0,2,0.9997186,0.00018840766,9.301079e-05
2226,MR036496B,glioma,0,2,0.9999795,1.963874e-05,7.9147816e-07
2227,MR036496B,glioma,0,2,0.9999672,3.2319545e-05,5.352218e-07
2233,MR033420,glioma,0,2,0.99901426,0.0008291942,0.00015644023
2234,MR033420,glioma,0,2,0.99971586,0.00020594554,7.8158344e-05
2238,MR024780B,glioma,0,2,0.99989533,6.774882e-05,3.6982896e-05
2241,MR033389B,glioma,0,2,0.9993741,0.00054987404,7.597073e-05
2254,MR048944B,glioma,0,2,0.99995494,1.9726617e-06,4.3058e-05
2268,MR049358,glioma,0,2,0.9999689,1.3121815e-05,1.7992426e-05
2276,MR049453,glioma,0,2,0.9999918,4.830774e-06,3.391168e-06
2277,MR049453,glioma,0,2,0.9999746,2.1133625e-05,4.3177706e-06
2280,MR024780G,glioma,0,2,0.9999671,1.0374431e-05,2.2586983e-05
2282,MR024780G,glioma,0,2,0.99996495,2.9094267e-06,3.2125816e-05
2302,MR050135B,glioma,0,2,0.99999225,3.5883877e-06,4.157659e-06
2303,MR050135B,glioma,0,2,0.9999548,1.637008e-05,2.8875065e-05
2307,MR050135B,glioma,0,2,0.9998987,1.7844559e-06,9.948061e-05
2308,MR050135B,glioma,0,2,0.99983597,1.8917377e-06,0.00016205691
2311,MR050687,glioma,0,2,0.9999236,6.517904e-05,1.1246962e-05
2315,MR050687,glioma,0,2,0.9941022,0.0058636703,3.4177738e-05
2316,MR050687,glioma,0,2,0.99612564,0.0038510126,2.3427756e-05
2326,MR026175C,glioma,0,2,0.9999578,3.8452075e-05,3.6878191e-06
2328,MR026175C,glioma,0,2,0.9994067,0.00032011888,0.00027323287
2330,MR026175C,glioma,0,2,0.9999845,8.939364e-06,6.5115505e-06
2338,MR051461,glioma,0,2,0.9999883,2.338119e-06,9.3079225e-06
2345,MR033389B,glioma,0,2,0.9972631,0.0027241276,1.28659885e-05
2349,MR024780E,glioma,0,2,0.99993694,5.0925282e-05,1.2165713e-05
2350,MR026175E,glioma,0,2,0.990054,0.0007320369,0.009214023
2351,MR026175E,glioma,0,2,0.9933136,0.00051443436,0.0061720344
2353,MR026175E,glioma,0,2,0.99994063,3.232559e-05,2.7073049e-05
2355,MR026175E,glioma,0,2,0.9998154,5.6486064e-05,0.0001281519
2358,MR026175E,glioma,0,2,0.99987185,7.637218e-05,5.1768882e-05
2368,MR040240C,glioma,0,2,0.999851,1.4827113e-05,0.0001341943
2376,MR040240D,glioma,0,2,0.99990356,2.9906325e-05,6.6537075e-05
2391,MR017260F,glioma,0,2,0.9999559,3.789646e-05,6.2034537e-06
2393,MR017260F,glioma,0,2,0.99998224,1.619191e-05,1.5945857e-06
2394,MR029209I,glioma,0,2,0.99993014,2.5942766e-06,6.7192144e-05
2403,MR048294,glioma,0,2,0.99903107,2.3342698e-05,0.00094557175
2407,MR048294,glioma,0,2,0.99996996,5.460506e-06,2.4558094e-05
2408,MR048294,glioma,0,2,0.9999305,6.9966045e-06,6.24551e-05
2425,MR048621B,glioma,0,2,0.99990654,1.8534839e-06,9.158924e-05
2427,MR048944,glioma,0,2,0.99993753,2.9865927e-05,3.255728e-05
2430,MR048944,glioma,0,2,0.9999527,4.5852255e-05,1.4225033e-06
2435,MR048994,glioma,0,2,0.99829,0.0016942926,1.574651e-05
2437,MR048994,glioma,0,2,0.9991202,0.00086630275,1.3622045e-05
2439,MR048994,glioma,0,2,0.99617416,0.0038147997,1.1055781e-05
2440,MR048994,glioma,0,2,0.9902008,0.009785759,1.3404846e-05
2446,MR040240,glioma,0,2,0.9999864,3.7801906e-06,9.829355e-06
2448,MR040240,glioma,0,2,0.99988294,8.9982634e-05,2.7047152e-05
2449,MR040240,glioma,0,2,0.99962866,0.00032374007,4.758455e-05
2455,MR040240B,glioma,0,2,0.9994417,1.4502559e-05,0.0005437351
2462,MR040240B,glioma,0,2,0.99996305,2.4739396e-05,1.2188572e-05
2467,MR029209G,glioma,0,2,0.99993145,6.013436e-05,8.430434e-06
2471,MR036496B,glioma,0,2,0.9999616,2.6069489e-05,1.2289669e-05
2477,MR033420,glioma,0,2,0.99984205,0.00014359054,1.4285454e-05
2483,MR033420,glioma,0,2,0.9999821,1.4021831e-05,3.822834e-06
2491,MR033389B,glioma,0,2,0.99995935,3.6363177e-05,4.293687e-06
2496,MR024780E,glioma,0,2,0.9999651,9.092501e-06,2.5852229e-05
2499,MR026175E,glioma,0,2,0.99599457,0.0039791367,2.6219333e-05
2506,MR026175E,glioma,0,2,0.9999962,2.7311569e-06,1.026611e-06
2509,MR040240C,glioma,0,2,0.999793,8.6012464e-05,0.000121028024
2511,MR040240C,glioma,0,2,0.99987614,0.000114801995,9.031865e-06
2517,MR040240C,glioma,0,2,0.9996525,0.00012904352,0.00021839872
2521,MR040240C,glioma,0,2,0.9995523,0.00044174207,5.939314e-06
2529,MR017260F,glioma,0,2,0.9998661,6.735857e-05,6.6523986e-05
2532,MR029209I,glioma,0,2,0.99999666,1.3571577e-06,2.070289e-06
2541,MR048294,glioma,0,2,0.78271705,0.21653989,0.0007430069
2544,MR048294,glioma,0,2,0.9998543,0.0001411615,4.50905e-06
2549,MR051586,glioma,0,2,0.99981743,0.00017739035,5.2279815e-06
2551,MR051461B,glioma,0,2,0.9997662,0.00017347808,6.0248633e-05
2553,MR051461B,glioma,0,2,0.9999784,1.4289909e-05,7.2367407e-06
2555,MR051644,glioma,0,2,0.99989593,8.708098e-05,1.6881e-05
2560,MR051644,glioma,0,2,0.99995565,3.7435162e-05,6.889035e-06
2561,MR051644,glioma,0,2,0.9999771,1.7989247e-05,4.8330303e-06
2566,MR051651,glioma,0,2,0.99995697,4.1577445e-05,1.4044276e-06
2570,MR051651,glioma,0,2,0.99993145,6.126961e-05,7.232013e-06
2571,MR051651,glioma,0,2,0.9999311,6.1330293e-06,6.2859806e-05
2578,MR051796,glioma,0,2,0.9998491,6.2277126e-05,8.861915e-05
2581,MR051651B,glioma,0,2,0.99528474,0.0046422007,7.302967e-05
2588,MR051796B,glioma,0,2,0.99993646,1.7416827e-06,6.1705185e-05
2590,MR052550,glioma,0,2,0.99998844,2.6443597e-06,8.932019e-06
2592,MR052550,glioma,0,2,0.99999464,1.1912966e-06,4.154688e-06
2597,MR051644C,glioma,0,2,0.9998129,7.731549e-05,0.00010982491
2600,MR051644C,glioma,0,2,0.99999654,3.0553174e-06,3.2937092e-07
2602,MR051644C,glioma,0,2,0.99995923,1.03412585e-05,3.0434796e-05
2624,MR034694,glioma,0,2,0.9999902,3.0809001e-06,6.701075e-06
2636,MR050687C,glioma,0,2,0.9999685,1.2362696e-05,1.9065901e-05
2640,MR050687C,glioma,0,2,0.9999708,1.962505e-05,9.554129e-06
2648,MR053241C,glioma,0,2,0.99995506,4.7071626e-06,4.0250616e-05
2652,MR034997,glioma,0,2,0.99998474,7.0518076e-06,8.217412e-06
2653,MR034997,glioma,0,2,0.9999937,2.2265797e-06,4.0684704e-06
2657,MR029209E,glioma,0,2,0.99999297,4.8520556e-06,2.1262535e-06
2660,MR029209E,glioma,0,2,0.99998116,1.6200063e-05,2.6319044e-06
2665,MR053110E,glioma,0,2,0.9987453,9.954949e-05,0.0011550977
2668,MR053110E,glioma,0,2,0.99941325,0.000366267,0.00022050097
2671,MR053110E,glioma,0,2,0.9996675,0.0003197145,1.2736463e-05
2676,MR049019G,glioma,0,2,0.99987805,2.981661e-06,0.00011901143
2687,MR038469,glioma,0,2,0.99794084,0.001724162,0.00033503663
2691,MR032322C,glioma,0,2,0.99966156,0.00033593003,2.4478081e-06
2692,MR032322C,glioma,0,2,0.99931073,0.0006880069,1.2660969e-06
2694,MR032322C,glioma,0,2,0.9995115,0.00017066332,0.00031790952
2700,MR032322C,glioma,0,2,0.9997762,0.00019322494,3.0655196e-05
2706,MR037458B,glioma,0,2,0.98093307,0.018037535,0.0010293535
2708,MR037458B,glioma,0,2,0.9932887,0.0065594036,0.00015191497
2709,MR037458B,glioma,0,2,0.9802901,0.019599415,0.000110393696
2712,MR039473,glioma,0,2,0.9999846,1.1178983e-05,4.185439e-06
2713,MR039473,glioma,0,2,0.99986815,0.00010272004,2.9058108e-05
2715,MR039473B,glioma,0,2,0.9999567,6.4896717e-06,3.6842277e-05
2716,MR039473B,glioma,0,2,0.9996414,3.194506e-05,0.0003266112
2724,MR037458C,glioma,0,2,0.9999715,2.0558498e-05,7.949443e-06
2725,MR037458C,glioma,0,2,0.99991834,4.8018897e-05,3.3651806e-05
2726,MR037458C,glioma,0,2,0.99982774,3.4569963e-05,0.00013767298
2727,MR037458C,glioma,0,2,0.99994826,2.0402142e-05,3.130028e-05
2735,MR029209E,glioma,0,2,0.99983215,0.0001588314,8.989825e-06
2739,MR053110E,glioma,0,2,0.99919015,0.00044510016,0.00036468144
2746,MR049019G,glioma,0,2,0.99841464,1.3821306e-05,0.0015715086
2752,MR024780D,glioma,0,2,0.99995494,3.7910555e-05,7.125928e-06
2767,MR032322C,glioma,0,2,0.9999641,4.4388557e-06,3.1505857e-05
2783,MR039473B,glioma,0,2,0.9988576,1.09592775e-05,0.0011314518
2791,MR040240,glioma,0,2,0.99866986,0.0012368397,9.3360264e-05
2797,MR040240B,glioma,0,2,0.99989784,9.198076e-05,1.0181629e-05
2800,MR029209G,glioma,0,2,0.9997304,0.00021060558,5.8985606e-05
2811,MR033420,glioma,0,2,0.99996924,1.3369311e-05,1.7371753e-05
2821,MR033389B,glioma,0,2,0.9999578,3.9439925e-05,2.7066685e-06
2829,MR048297,glioma,0,2,0.99996805,2.9933937e-05,1.9799932e-06
2831,MR048294B,glioma,0,2,0.94911975,0.050551053,0.0003291054
2836,MR048294B,glioma,0,2,0.9994425,1.607516e-05,0.0005413947
2842,MR048944,glioma,0,2,0.999889,9.3538525e-05,1.7390019e-05
2846,MR048994,glioma,0,2,0.99926895,0.00031611146,0.00041493124
2851,MR048994,glioma,0,2,0.9969332,0.0030627053,4.078703e-06
2853,MR048994,glioma,0,2,0.99689084,0.003106708,2.4417266e-06
2864,MR048994B,glioma,0,2,0.99991155,5.6071654e-05,3.2383155e-05
2870,MR049358,glioma,0,2,0.999992,2.6530815e-06,5.3641375e-06
2874,MR049104B,glioma,0,2,0.9998191,2.5775367e-05,0.00015518052
2876,MR049453,glioma,0,2,0.999828,3.3855722e-06,0.00016869337
2877,MR049453,glioma,0,2,0.9999654,2.232777e-06,3.2354277e-05
2888,MR024780G,glioma,0,2,0.9998492,0.00011306008,3.765617e-05
2907,MR050791B,glioma,0,2,0.98549205,0.014426066,8.1834114e-05
2909,MR050791B,glioma,0,2,0.9458893,0.05393155,0.0001791948
2924,MR051461,glioma,0,2,0.9997733,0.00017876814,4.793516e-05
2930,MR051586,glioma,0,2,0.99758685,0.0022544935,0.00015869582
2931,MR051586,glioma,0,2,0.9996574,0.0003269168,1.5674133e-05
2934,MR051644,glioma,0,2,0.9990663,0.0009310035,2.746621e-06
2937,MR051644,glioma,0,2,0.999175,0.0007673564,5.769032e-05
2941,MR051644,glioma,0,2,0.9991186,0.0008730959,8.271108e-06
2943,MR051644,glioma,0,2,0.99981314,0.00017410895,1.2725265e-05
2944,MR051651,glioma,0,2,0.9996519,0.00028742963,6.0707396e-05
2947,MR051651,glioma,0,2,0.9993056,0.00068892364,5.4649354e-06
2951,MR051796,glioma,0,2,0.99990284,5.3572512e-05,4.3638633e-05
2954,MR051796,glioma,0,2,0.9883769,0.00017754258,0.0114455605
2959,MR051651B,glioma,0,2,0.99856335,0.0013746852,6.2003906e-05
2967,MR051644B,glioma,0,2,0.9994386,9.355566e-06,0.0005519752
2973,MR051796B,glioma,0,2,0.9999629,1.2524312e-05,2.4529274e-05
2979,MR052550,glioma,0,2,0.9995753,2.8859095e-05,0.00039581573
2988,MR051644C,glioma,0,2,0.999954,1.5634361e-05,3.0342359e-05
2989,MR051644C,glioma,0,2,0.9999093,2.570096e-05,6.5022345e-05
3001,MR053110B,glioma,0,2,0.9997125,0.00024591762,4.1546038e-05
3002,MR053110B,glioma,0,2,0.9997497,2.7115368e-05,0.00022304888
3010,MR054875,glioma,0,2,0.9995732,0.00013491734,0.00029190627
3018,MR050687C,glioma,0,2,0.9997179,0.0002613092,2.0729702e-05
3033,MR033389B,glioma,0,2,0.99961853,0.00035081894,3.061799e-05
3034,MR033389B,glioma,0,2,0.9997595,0.00022148607,1.9075665e-05
3036,MR033389B,glioma,0,2,0.9998665,1.0203374e-05,0.00012319192
3037,MR033389B,glioma,0,2,0.9999001,7.352956e-05,2.629653e-05
3044,MR040240C,glioma,0,2,0.99971956,0.00020888627,7.156156e-05
3051,MR017260F,glioma,0,2,0.9999567,4.29971e-05,1.9113995e-07
3062,MR029209I,glioma,0,2,0.9999758,8.9046825e-06,1.5315218e-05
9,101016,meningioma,1,3,0.25689954,0.7429634,0.00013713831
11,101016,meningioma,1,3,3.887876e-14,1.0,3.5508222e-08
15,101016,meningioma,1,3,4.0462517e-05,0.9999596,4.0202917e-09
18,101127,meningioma,1,3,7.549397e-10,0.9999999,8.0988194e-08
28,102714,meningioma,1,3,7.6906996e-05,0.91013354,0.089789525
34,102935,meningioma,1,3,0.00021331468,0.99833196,0.0014547795
36,103673,meningioma,1,3,8.2274925e-09,0.01584606,0.9841539
45,104167,meningioma,1,3,0.0060979556,0.993885,1.7023907e-05
52,104281,meningioma,1,3,8.132303e-05,0.99991846,2.7482076e-07
55,104281,meningioma,1,3,0.0002055102,0.999757,3.750068e-05
70,106442,meningioma,1,3,0.28956202,0.7103272,0.00011074618
94,107248,meningioma,1,3,9.981738e-06,0.9701783,0.02981175
101,107494,meningioma,1,3,2.8924512e-06,0.8576588,0.14233835
102,107494,meningioma,1,3,0.0009293238,0.99723345,0.0018373328
107,108514,meningioma,1,3,8.656745e-11,1.0,9.536164e-10
122,109968,meningioma,1,3,0.011104799,0.96987367,0.019021533
124,110116,meningioma,1,3,1.35885605e-08,0.0007483623,0.99925154
143,112252,meningioma,1,3,7.337348e-05,0.99992657,2.2986804e-08
144,112552,meningioma,1,3,0.0048592323,0.99504685,9.3991235e-05
146,112552,meningioma,1,3,2.1178517e-08,1.0,4.0115705e-08
156,113435,meningioma,1,3,9.605611e-09,1.0,4.0845047e-10
159,113435,meningioma,1,3,0.0011114809,0.9988882,3.04006e-07
162,113554,meningioma,1,3,1.9216002e-07,0.99999976,7.2107946e-09
163,113805,meningioma,1,3,7.009487e-05,0.99858725,0.0013426942
164,114018,meningioma,1,3,2.6861977e-07,0.9994562,0.0005435138
173,114359,meningioma,1,3,3.3942993e-07,0.99999964,9.67651e-10
174,114359,meningioma,1,3,2.218257e-09,1.0,4.6441815e-09
181,97737,meningioma,1,3,1.0569416e-12,1.0,1.7226915e-08
186,97875,meningioma,1,3,0.017723162,0.872472,0.109804794
191,97943,meningioma,1,3,0.0076240487,0.9906474,0.0017285099
194,98241,meningioma,1,3,7.2240052e-12,0.9999968,3.2704402e-06
198,99017,meningioma,1,3,3.4710167e-05,0.0875186,0.9124467
203,99288,meningioma,1,3,7.629126e-05,0.9996407,0.00028307474
205,99308,meningioma,1,3,3.980771e-09,0.9999989,1.0977802e-06
206,99308,meningioma,1,3,3.7837413e-09,0.9999951,4.879863e-06
207,99308,meningioma,1,3,1.6725337e-09,0.99999917,8.8355284e-07
226,101016,meningioma,1,3,4.6658665e-06,0.99999535,3.6308654e-09
228,101127,meningioma,1,3,1.3208997e-05,0.7514266,0.24856028
230,101127,meningioma,1,3,0.0020900154,0.25079876,0.7471112
231,101797,meningioma,1,3,0.11464715,0.8853426,1.0207985e-05
234,101797,meningioma,1,3,1.5585833e-07,0.9999999,6.633325e-09
243,102714,meningioma,1,3,3.1366097e-11,0.99999964,3.9621398e-07
260,103673,meningioma,1,3,7.9493175e-06,0.98806447,0.011927672
265,103925,meningioma,1,3,0.0064272606,0.993204,0.0003687461
269,104167,meningioma,1,3,0.0008121405,0.98168933,0.017498476
291,106284,meningioma,1,3,1.1803484e-06,0.9989374,0.0010613723
295,106442,meningioma,1,3,3.1082147e-11,1.0,1.1219424e-10
298,106534,meningioma,1,3,0.00042965624,0.99956685,3.4522943e-06
301,106665,meningioma,1,3,7.273533e-10,1.0,1.0400866e-09
303,106665,meningioma,1,3,4.159896e-05,0.9999584,5.3500962e-08
312,106914,meningioma,1,3,7.7241204e-08,0.99999475,5.158483e-06
313,106914,meningioma,1,3,0.000101329075,0.9998728,2.5924275e-05
321,107494,meningioma,1,3,3.9311626e-06,0.9999589,3.7251164e-05
325,107494,meningioma,1,3,9.628035e-08,0.9999795,2.0330193e-05
328,108514,meningioma,1,3,1.9046647e-06,0.9999981,8.244351e-10
346,110116,meningioma,1,3,6.471663e-07,0.9784492,0.021550095
349,111077,meningioma,1,3,0.005801488,0.9941907,7.8125795e-06
352,111077,meningioma,1,3,1.4112651e-06,0.99998903,9.477718e-06
356,111366,meningioma,1,3,0.0015745029,0.998237,0.00018854532
368,112062,meningioma,1,3,1.282781e-09,1.0,2.3176307e-08
371,112252,meningioma,1,3,2.419488e-08,0.9999999,1.0983041e-07
380,112648,meningioma,1,3,9.254002e-09,0.9999974,2.676236e-06
381,112648,meningioma,1,3,3.558737e-08,0.999972,2.7979706e-05
382,113435,meningioma,1,3,0.99419564,0.0058041983,2.1153942e-07
383,113435,meningioma,1,3,1.6075637e-08,1.0,5.886934e-08
385,113435,meningioma,1,3,1.6699643e-07,0.9999999,1.6462436e-09
390,113554,meningioma,1,3,0.023776097,0.97622377,1.1521196e-07
398,114018,meningioma,1,3,0.0002994285,0.99964166,5.883229e-05
420,97943,meningioma,1,3,3.587368e-10,1.0,2.6395008e-09
421,97943,meningioma,1,3,2.5434174e-05,0.9999746,1.12040315e-08
425,98241,meningioma,1,3,2.2038296e-09,1.0,6.80158e-10
426,98241,meningioma,1,3,1.2444485e-08,1.0,6.961122e-10
442,100360,meningioma,1,3,0.050534323,0.94946414,1.4491729e-06
447,100360,meningioma,1,3,1.1422349e-07,0.99999857,1.3639853e-06
452,100920,meningioma,1,3,8.07546e-06,0.9999895,2.3306525e-06
463,101127,meningioma,1,3,2.0691667e-07,0.9997402,0.00025952738
464,101127,meningioma,1,3,0.00024145907,0.99945,0.00030840794
465,101797,meningioma,1,3,8.4611244e-08,0.9999995,3.400617e-07
466,101797,meningioma,1,3,1.9527853e-10,0.99999607,3.9293336e-06
470,101797,meningioma,1,3,0.0025193205,0.9974679,1.2884977e-05
474,102420,meningioma,1,3,0.0001067379,0.9990741,0.0008191903
475,102420,meningioma,1,3,0.017561445,0.95030797,0.032130662
479,102675,meningioma,1,3,0.3466439,0.6533546,1.5252191e-06
480,102714,meningioma,1,3,0.09053559,0.9094508,1.3523168e-05
481,102714,meningioma,1,3,2.1060782e-06,0.9999976,2.8592157e-07
485,102818,meningioma,1,3,1.625761e-05,0.9999385,4.529499e-05
488,102818,meningioma,1,3,0.8816419,0.07027281,0.0480852
490,102960,meningioma,1,3,0.1743311,0.8256674,1.4356275e-06
500,103673,meningioma,1,3,9.749149e-07,0.9809426,0.019056441
506,104167,meningioma,1,3,8.600139e-08,0.9999994,4.52822e-07
508,104167,meningioma,1,3,8.228992e-07,0.99999917,8.260702e-09
510,104281,meningioma,1,3,1.7686007e-11,1.0,2.4216893e-09
513,104281,meningioma,1,3,1.4185367e-06,0.99999857,3.4222143e-08
515,104695,meningioma,1,3,0.014247352,0.98574907,3.678088e-06
529,106442,meningioma,1,3,1.6087728e-07,0.9999999,2.3752447e-08
535,106665,meningioma,1,3,2.8943495e-07,0.99999976,3.1444543e-09
536,106665,meningioma,1,3,5.288441e-05,0.9999471,1.6898879e-08
539,106665,meningioma,1,3,0.021355102,0.9786435,1.4497175e-06
541,106720,meningioma,1,3,0.00016012279,0.9998398,1.1103164e-07
544,106914,meningioma,1,3,0.00014249637,0.9997316,0.00012583839
546,106914,meningioma,1,3,7.7226265e-05,0.99992085,1.8706971e-06
547,106914,meningioma,1,3,2.3161556e-06,0.9999975,2.6133523e-07
553,107248,meningioma,1,3,0.001930017,0.96420735,0.033862665
565,108514,meningioma,1,3,9.341134e-07,0.99999905,9.267724e-09
567,108514,meningioma,1,3,1.4935264e-08,1.0,4.2714307e-10
572,108590,meningioma,1,3,0.003399623,0.9959269,0.0006734085
576,108945,meningioma,1,3,0.0015581935,0.99842286,1.8975186e-05
578,109350,meningioma,1,3,0.0004946218,0.99456376,0.0049416753
584,110808,meningioma,1,3,4.8038273e-05,0.99993646,1.5450309e-05
587,111077,meningioma,1,3,1.892918e-05,0.99995756,2.3451428e-05
588,111077,meningioma,1,3,1.954799e-09,1.0,2.7538718e-08
597,111710,meningioma,1,3,0.7556581,0.24426346,7.842799e-05
601,112002,meningioma,1,3,0.00011427581,0.9998857,1.7885743e-08
609,112552,meningioma,1,3,0.0025516048,0.9974438,4.5933148e-06
615,112648,meningioma,1,3,0.090147994,0.9088504,0.0010016053
618,112648,meningioma,1,3,0.073571526,0.9222213,0.0042072297
621,113098,meningioma,1,3,1.4189469e-05,0.9999572,2.8653349e-05
626,113435,meningioma,1,3,0.045886695,0.954098,1.5361324e-05
634,113554,meningioma,1,3,1.6541743e-06,0.9999957,2.5633012e-06
635,113614,meningioma,1,3,0.0010247828,0.9989705,4.738696e-06
640,113971,meningioma,1,3,3.8879403e-05,0.9981464,0.0018147198
642,114018,meningioma,1,3,1.4582999e-07,0.998808,0.0011918622
644,114018,meningioma,1,3,3.5187625e-10,0.9993523,0.0006477355
648,114359,meningioma,1,3,0.0032383862,0.9967616,2.4684248e-08
652,114359,meningioma,1,3,8.137077e-09,1.0,1.1821764e-10
653,114359,meningioma,1,3,1.4563395e-05,0.99998546,1.814293e-08
654,114359,meningioma,1,3,0.0002603799,0.9997392,3.5641182e-07
658,114417,meningioma,1,3,0.0045488756,0.98136604,0.01408517
669,97737,meningioma,1,3,1.1361695e-07,0.99999964,2.04857e-07
671,97737,meningioma,1,3,1.4571967e-11,0.9999999,6.797397e-08
673,97793,meningioma,1,3,0.0007139033,0.9988556,0.0004304897
674,97875,meningioma,1,3,0.00032540405,0.9953629,0.0043117236
676,97943,meningioma,1,3,0.00026632575,0.9997336,5.151178e-08
677,97943,meningioma,1,3,2.1153504e-05,0.9999784,4.195846e-07
679,97943,meningioma,1,3,0.4261387,0.5671306,0.00673071
680,98241,meningioma,1,3,2.3179554e-10,1.0,5.933462e-10
684,98241,meningioma,1,3,2.266544e-08,1.0,4.064069e-09
690,99089,meningioma,1,3,3.050687e-08,0.9999993,7.2668826e-07
699,99308,meningioma,1,3,2.376174e-08,1.0,3.0351814e-08
702,99308,meningioma,1,3,4.9483633e-06,0.999995,4.0153317e-08
711,105936,pituitary,2,3,6.8433764e-10,1.76692e-07,0.9999999
712,106062,pituitary,2,3,4.694254e-08,1.5287642e-06,0.99999845
716,100820,glioma,0,3,0.85955685,0.14040636,3.6820522e-05
725,103148,glioma,0,3,0.9807418,0.01916047,9.777579e-05
730,106494,glioma,0,3,0.9991567,0.0007522581,9.10277e-05
738,107747,glioma,0,3,0.6572039,0.3427869,9.1295715e-06
742,112105,glioma,0,3,0.9999392,1.383432e-05,4.691848e-05
759,101020,glioma,0,3,0.98396575,0.016022965,1.1290494e-05
789,112105,glioma,0,3,0.9999516,4.8443162e-05,9.34601e-09
811,93825,glioma,0,3,0.9989366,0.001062487,9.810082e-07
815,97609,glioma,0,3,0.9993017,0.000698251,1.4888306e-07
817,97609,glioma,0,3,0.99630225,0.003697698,2.3547466e-08
820,100416,glioma,0,3,0.99869436,0.0013024138,3.1706397e-06
824,100820,glioma,0,3,0.99457717,0.0054220334,8.4756635e-07
842,103148,glioma,0,3,0.96368134,0.036165055,0.00015356157
848,106494,glioma,0,3,0.9685111,0.03118892,0.0002999479
857,108479,glioma,0,3,0.8902203,0.0020392204,0.10774049
862,112105,glioma,0,3,0.9985759,0.0014234048,6.615187e-07
886,93329,glioma,0,3,0.87359154,0.12638627,2.2199521e-05
888,93825,glioma,0,3,0.9920099,0.007983111,7.0001147e-06
896,95142,glioma,0,3,0.5643434,0.18681814,0.24883848
906,96587,glioma,0,3,0.99893457,0.0010651862,1.8072336e-07
910,97609,glioma,0,3,0.99971205,0.0002879188,4.6581032e-08
916,98889,glioma,0,3,0.9802238,0.019714952,6.120631e-05
921,105936,pituitary,2,3,3.8938006e-07,5.537543e-07,0.99999905
923,106062,pituitary,2,3,1.9487342e-07,0.0001402428,0.9998596
943,107505,pituitary,2,3,1.8520524e-08,1.14352034e-07,0.9999999
952,108858,pituitary,2,3,1.412271e-07,0.0005363415,0.9994635
962,109769,pituitary,2,3,1.4682308e-09,1.1073307e-06,0.9999989
971,109898,pituitary,2,3,2.0125282e-07,0.00018175134,0.999818
975,110537,pituitary,2,3,1.5963315e-10,2.9640598e-06,0.999997
976,110993,pituitary,2,3,1.3389425e-06,0.0002544492,0.99974424
977,110993,pituitary,2,3,4.0537795e-08,1.0142964e-05,0.99998987
982,111075,pituitary,2,3,4.542354e-10,6.3127835e-08,0.9999999
989,111125,pituitary,2,3,8.0065945e-08,1.8273073e-05,0.99998164
990,111785,pituitary,2,3,4.9446962e-06,2.1766596e-06,0.99999285
1000,112649,pituitary,2,3,7.863647e-09,8.39717e-07,0.99999917
1002,112649,pituitary,2,3,5.4097936e-06,2.5023521e-06,0.99999213
1007,112847,pituitary,2,3,6.1528223e-09,1.7207845e-05,0.99998283
1011,113274,pituitary,2,3,1.6311513e-12,1.938489e-08,1.0
1016,114040,pituitary,2,3,2.3388537e-07,0.00021454948,0.99978524
1024,114094,pituitary,2,3,3.1998697e-09,9.368851e-06,0.9999906
1026,101017,pituitary,2,3,7.2046806e-11,6.9580744e-07,0.9999993
1027,101017,pituitary,2,3,2.387468e-09,5.1269817e-06,0.9999949
1031,101029,pituitary,2,3,3.26148e-07,4.6880254e-05,0.9999528
1032,101029,pituitary,2,3,7.808001e-09,6.9412936e-06,0.9999931
1037,106062,pituitary,2,3,6.632565e-05,0.0013539236,0.99857974
1041,106062,pituitary,2,3,8.98566e-05,0.117537335,0.8823728
1042,107495,pituitary,2,3,9.75002e-07,1.335028e-06,0.99999774
1051,107429,pituitary,2,3,3.758443e-11,0.24739912,0.75260085
1055,107505,pituitary,2,3,1.5468935e-05,1.7187027e-05,0.99996734
1057,107505,pituitary,2,3,1.0131192e-06,0.00013611211,0.9998629
1059,107743,pituitary,2,3,8.25291e-08,8.865171e-05,0.9999113
1067,108858,pituitary,2,3,2.3629816e-06,4.237825e-05,0.9999553
1075,108931,pituitary,2,3,6.740311e-06,8.9039386e-05,0.99990416
1088,109898,pituitary,2,3,7.86521e-06,0.001389167,0.9986029
1093,109898,pituitary,2,3,5.0450035e-07,0.041748073,0.9582515
1094,110518,pituitary,2,3,1.9860174e-05,0.00040783925,0.99957234
1096,110518,pituitary,2,3,1.3610743e-08,7.12953e-05,0.9999287
1103,110537,pituitary,2,3,6.6972234e-08,0.00014692373,0.999853
1115,111075,pituitary,2,3,2.6588348e-08,0.000106600724,0.9998933
1116,111075,pituitary,2,3,7.6088986e-07,1.9921119e-05,0.9999794
1135,112649,pituitary,2,3,3.2062478e-06,1.4120602e-07,0.99999666
1139,112649,pituitary,2,3,0.00047655855,1.4285506e-05,0.9995091
1144,112847,pituitary,2,3,2.7577998e-06,0.000107325104,0.99988985
1147,112847,pituitary,2,3,1.0326107e-05,0.00045135134,0.9995383
1150,113274,pituitary,2,3,2.9862572e-06,3.5073006e-06,0.99999356
1153,113741,pituitary,2,3,3.4804225e-07,1.8600636e-05,0.99998105
1154,114040,pituitary,2,3,2.2637198e-06,2.4774727e-05,0.99997294
1158,114361,pituitary,2,3,2.0452684e-05,0.0003483938,0.99963117
1164,114094,pituitary,2,3,1.622332e-05,0.0009251001,0.99905866
1166,105936,pituitary,2,3,6.0080644e-08,1.309702e-06,0.9999987
1175,106062,pituitary,2,3,5.390978e-06,0.00022780107,0.99976677
1179,107495,pituitary,2,3,3.5295977e-06,1.7759886e-06,0.99999464
1180,107495,pituitary,2,3,1.1192625e-08,7.1520367e-07,0.9999993
1182,107429,pituitary,2,3,0.0009261772,0.0015468288,0.99752694
1186,107429,pituitary,2,3,5.1354268e-09,0.004838645,0.99516135
1191,107505,pituitary,2,3,3.4523284e-05,2.3105142e-05,0.9999424
1194,107743,pituitary,2,3,1.3317459e-05,9.34913e-05,0.9998932
1200,108858,pituitary,2,3,3.2912114e-06,4.115198e-05,0.99995553
1205,108931,pituitary,2,3,6.6931734e-06,3.099922e-05,0.99996233
1207,108931,pituitary,2,3,9.448303e-06,7.0708156e-05,0.9999199
1210,109471,pituitary,2,3,5.715109e-07,2.9342902e-05,0.9999701
1219,109898,pituitary,2,3,9.1684844e-05,0.0006061672,0.99930215
1224,110518,pituitary,2,3,2.44677e-07,2.7580377e-06,0.999997
1225,110518,pituitary,2,3,8.0823465e-06,4.5391873e-05,0.9999465
1229,110537,pituitary,2,3,4.147188e-07,4.3241842e-05,0.99995637
1235,111075,pituitary,2,3,1.5302967e-06,6.5278706e-05,0.99993324
1241,111125,pituitary,2,3,1.0188794e-07,0.000993491,0.99900645
1243,111785,pituitary,2,3,7.399581e-05,0.00059120683,0.99933475
1245,111785,pituitary,2,3,2.1025117e-07,8.6799656e-07,0.9999989
1246,112074,pituitary,2,3,0.00095655234,0.48597494,0.5130685
1254,112649,pituitary,2,3,8.5178203e-07,1.2755722e-05,0.9999864
1261,112847,pituitary,2,3,8.438759e-06,0.0002231173,0.99976844
1268,113274,pituitary,2,3,1.7919128e-05,0.0014268438,0.99855524
1284,101029,pituitary,2,3,1.0177341e-06,6.7797526e-05,0.9999312
1295,102648,pituitary,2,3,0.8133282,0.00010384575,0.18656795
1307,103257,pituitary,2,3,3.821827e-09,3.2726928e-06,0.9999968
1309,103257,pituitary,2,3,1.8390024e-11,1.1735953e-06,0.9999988
1310,103478,pituitary,2,3,1.1960178e-07,0.0007966228,0.99920326
1316,103478,pituitary,2,3,0.00546233,0.0021229384,0.9924148
1319,103582,pituitary,2,3,1.944612e-06,0.0002595262,0.9997385
1321,103582,pituitary,2,3,1.391228e-09,5.6515175e-05,0.9999435
1322,103582,pituitary,2,3,0.0064292457,0.00061939075,0.99295133
1330,103731,pituitary,2,3,3.1881595e-07,5.245695e-05,0.9999472
1331,103731,pituitary,2,3,7.206528e-08,3.1325312e-06,0.9999968
1333,103731,pituitary,2,3,3.1498166e-09,3.4786233e-06,0.99999654
1334,103731,pituitary,2,3,2.521924e-08,3.494003e-06,0.9999964
1350,104019,pituitary,2,3,1.2318625e-06,8.770521e-07,0.99999785
1356,104558,pituitary,2,3,1.5155704e-12,0.07921373,0.92078626
1357,104558,pituitary,2,3,1.764542e-11,0.82065225,0.17934774
1360,104684,pituitary,2,3,2.2849271e-11,3.5177642e-08,1.0
1361,104684,pituitary,2,3,1.825767e-09,2.0060337e-07,0.99999976
1375,105187,pituitary,2,3,4.8902375e-09,1.1916189e-05,0.9999881
1376,105187,pituitary,2,3,3.738418e-09,5.657071e-05,0.9999434
1382,105538,pituitary,2,3,0.000627092,0.41425285,0.58512
1388,97416,pituitary,2,3,2.0276353e-07,0.00028211228,0.99971765
1407,97481,pituitary,2,3,1.028303e-09,7.288375e-06,0.9999927
1410,97890,pituitary,2,3,6.9825186e-09,5.02873e-07,0.9999995
1412,97890,pituitary,2,3,1.8149993e-05,1.6063372e-05,0.9999658
1413,97890,pituitary,2,3,2.1221365e-06,2.4369183e-05,0.99997354
1416,98472,pituitary,2,3,1.250925e-06,6.945662e-05,0.9999293
1423,98652,pituitary,2,3,4.885896e-06,0.00010718436,0.99988794
1425,98871,pituitary,2,3,3.8055017e-08,9.019726e-05,0.99990976
1431,98874,pituitary,2,3,2.9011804e-07,0.00035005997,0.99964964
1435,98992,pituitary,2,3,1.1001434e-07,0.00026077824,0.9997391
1437,98992,pituitary,2,3,2.0686605e-06,0.0003007866,0.9996972
1450,99223,pituitary,2,3,1.3249025e-06,2.494347e-05,0.9999738
1460,101017,pituitary,2,3,2.2403327e-08,6.54833e-05,0.99993443
1462,101029,pituitary,2,3,2.5952816e-06,2.5202417e-05,0.9999722
1468,101145,pituitary,2,3,1.3361971e-06,0.0017580548,0.9982406
1469,101145,pituitary,2,3,1.1069999e-07,2.9167542e-05,0.9999707
1474,101305,pituitary,2,3,1.2282618e-07,6.524463e-06,0.9999933
1475,101305,pituitary,2,3,2.1854538e-08,2.2212105e-06,0.99999774
1476,101305,pituitary,2,3,0.00016762277,0.00016149192,0.99967086
1478,101305,pituitary,2,3,8.4041785e-06,5.5596774e-06,0.99998605
1480,101724,pituitary,2,3,2.0278314e-06,0.00022529448,0.9997727
1485,102648,pituitary,2,3,6.57675e-06,0.0003188435,0.99967456
1488,102669,pituitary,2,3,1.0389243e-06,0.0003402309,0.9996587
1489,103046,pituitary,2,3,2.3649658e-08,2.6395874e-05,0.99997354
1492,103046,pituitary,2,3,5.684995e-08,0.00018743356,0.99981254
1495,103257,pituitary,2,3,1.2218518e-07,1.4655784e-06,0.99999845
1501,103478,pituitary,2,3,1.1198076e-07,0.0004219429,0.99957794
1505,103478,pituitary,2,3,2.9679895e-05,0.01735881,0.98261154
1506,103582,pituitary,2,3,1.0934735e-08,0.000129471,0.99987054
1507,103582,pituitary,2,3,7.81928e-08,0.0001488538,0.999851
1509,103582,pituitary,2,3,4.5057737e-07,0.0004079286,0.99959165
1514,103670,pituitary,2,3,6.8656526e-08,8.149523e-05,0.99991846
1518,103671,pituitary,2,3,1.2134822e-06,4.4045926e-05,0.9999547
1520,103671,pituitary,2,3,3.1191036e-07,0.00026212377,0.99973756
1521,103731,pituitary,2,3,1.4130542e-07,3.3677818e-05,0.99996614
1530,103837,pituitary,2,3,4.2327835e-09,0.00033840083,0.99966156
1531,103837,pituitary,2,3,8.601305e-08,0.0015383045,0.9984616
1535,104019,pituitary,2,3,1.6116019e-07,0.00011413804,0.9998857
1536,104019,pituitary,2,3,1.0978215e-06,0.00018925704,0.9998097
1542,104558,pituitary,2,3,8.29151e-11,0.0021991346,0.9978009
1546,104684,pituitary,2,3,6.926781e-07,2.3860857e-06,0.9999969
1548,104684,pituitary,2,3,7.553083e-08,1.4069501e-06,0.99999857
1551,104684,pituitary,2,3,3.3645279e-06,2.1855612e-05,0.9999747
1561,105187,pituitary,2,3,1.4340691e-08,1.3450099e-06,0.9999987
1564,105475,pituitary,2,3,0.00018488198,0.0052117785,0.99460334
1569,105638,pituitary,2,3,5.738033e-07,2.188759e-06,0.99999726
1580,97416,pituitary,2,3,4.869298e-07,0.000688844,0.9993106
1582,97461,pituitary,2,3,3.57404e-09,3.0061328e-05,0.99996996
1584,97461,pituitary,2,3,1.99802e-09,4.0863017e-07,0.99999964
1597,97890,pituitary,2,3,1.9432724e-07,6.6770604e-05,0.999933
1598,97890,pituitary,2,3,6.795469e-07,4.341943e-05,0.9999559
1599,97890,pituitary,2,3,1.9354184e-08,6.0087064e-06,0.9999939
1605,98652,pituitary,2,3,4.7164426e-06,0.00031750638,0.9996778
1607,98652,pituitary,2,3,4.088366e-07,0.000108132896,0.9998914
1617,98874,pituitary,2,3,2.4936359e-08,0.0023394902,0.9976605
1620,98874,pituitary,2,3,4.6598927e-07,0.07713721,0.9228623
1633,98995,pituitary,2,3,7.499104e-08,0.00022683693,0.9997731
1648,101029,pituitary,2,3,2.2161998e-06,1.807053e-06,0.99999595
1651,101145,pituitary,2,3,2.9927269e-05,0.00067753025,0.9992925
1656,101305,pituitary,2,3,1.5535242e-07,0.00036326918,0.99963653
1660,101724,pituitary,2,3,1.157226e-06,0.00099554,0.99900335
1662,101724,pituitary,2,3,2.3508846e-06,0.0013706641,0.99862695
1670,102648,pituitary,2,3,0.00010044281,0.013691819,0.9862077
1672,102669,pituitary,2,3,2.5867425e-07,5.8759497e-06,0.9999939
1674,103046,pituitary,2,3,2.6321238e-06,2.6307624e-05,0.99997103
1675,103046,pituitary,2,3,7.093306e-05,5.3058466e-05,0.999876
1677,103257,pituitary,2,3,7.096814e-05,0.00018607285,0.9997429
1682,103257,pituitary,2,3,6.356021e-05,0.00088603055,0.99905044
1693,103582,pituitary,2,3,2.9161715e-06,7.682712e-05,0.99992025
1704,103671,pituitary,2,3,2.1017094e-07,8.75135e-06,0.99999106
1705,103671,pituitary,2,3,5.1435087e-09,2.0154974e-05,0.99997985
1711,103731,pituitary,2,3,2.6734918e-07,2.2593134e-05,0.9999771
1713,103731,pituitary,2,3,1.232688e-05,1.2730093e-05,0.99997497
1715,103837,pituitary,2,3,1.1797171e-06,0.003517297,0.99648154
1719,103837,pituitary,2,3,2.3716848e-05,0.0021354812,0.99784076
1725,104558,pituitary,2,3,9.818266e-05,1.8476763e-05,0.9998833
1747,104912,pituitary,2,3,7.437567e-05,7.381401e-06,0.9999182
1764,105638,pituitary,2,3,6.246548e-05,1.0679065e-05,0.9999268
1766,97416,pituitary,2,3,0.00038148073,0.0010010459,0.9986174
1771,97416,pituitary,2,3,0.00070436066,0.0005921881,0.9987035
1777,97461,pituitary,2,3,5.4296024e-08,1.6873151e-05,0.9999831
1781,97481,pituitary,2,3,5.432335e-07,5.158627e-05,0.9999479
1790,97890,pituitary,2,3,1.3013445e-08,2.1749749e-05,0.9999782
1804,98652,pituitary,2,3,2.2545373e-06,0.00026982152,0.9997279
1805,98652,pituitary,2,3,4.6565347e-06,0.0023331274,0.9976622
1815,98874,pituitary,2,3,5.893016e-07,0.00013856706,0.9998609
1816,98874,pituitary,2,3,3.4837394e-05,0.0030627013,0.9969024
1817,98874,pituitary,2,3,6.2593534e-07,0.00024956075,0.99974984
1822,98992,pituitary,2,3,3.782765e-06,2.8025643e-05,0.9999682
1824,98992,pituitary,2,3,2.6931636e-08,1.9167739e-05,0.9999808
1833,98995,pituitary,2,3,6.574422e-08,1.0842677e-05,0.99998903
1835,99223,pituitary,2,3,2.8397256e-09,6.335436e-07,0.9999994
1843,MR048294,glioma,0,3,0.9999999,3.3361466e-08,6.067436e-08
1847,MR048294,glioma,0,3,0.9999999,1.1352849e-07,4.7226752e-08
1848,MR048294,glioma,0,3,0.9999999,1.6237983e-07,1.11756515e-08
1850,MR048297,glioma,0,3,0.9999993,6.0268763e-07,8.28545e-08
1858,MR048621B,glioma,0,3,0.9999826,1.3967985e-05,3.4102848e-06
1868,MR048944,glioma,0,3,0.9312099,0.068553776,0.00023637239
1877,MR048994,glioma,0,3,0.9984079,0.001592054,7.3173105e-08
1888,MR048994B,glioma,0,3,0.9999999,6.131714e-08,1.6960481e-08
1890,MR048994B,glioma,0,3,0.99999976,2.8197329e-07,1.2610859e-08
1894,MR048944B,glioma,0,3,0.99999976,2.3137346e-08,2.5000037e-07
1896,MR048944B,glioma,0,3,0.99999785,2.0236664e-06,8.425359e-08
1911,MR049104B,glioma,0,3,0.9999963,4.0334774e-07,3.370651e-06
1921,MR024780G,glioma,0,3,0.9995189,0.00038699375,9.408128e-05
1927,MR024780G,glioma,0,3,1.0,4.1373408e-08,3.668901e-08
1930,MR024780G,glioma,0,3,0.9999821,5.7826406e-07,1.7296858e-05
1937,MR049453B,glioma,0,3,0.99999833,3.8915836e-08,1.7056042e-06
1946,MR048294B,glioma,0,3,0.9999993,1.5175085e-07,5.615899e-07
1948,MR048621B,glioma,0,3,0.99799514,0.0018577705,0.00014712967
1949,MR048621B,glioma,0,3,0.9859217,0.00589392,0.008184369
1951,MR050135B,glioma,0,3,0.9999012,1.0763233e-05,8.807584e-05
1957,MR050135B,glioma,0,3,0.99999833,1.3801574e-07,1.53328e-06
1963,MR050135B,glioma,0,3,0.9999995,3.360178e-07,8.053022e-08
1968,MR050687,glioma,0,3,0.9994288,0.0005699031,1.2661898e-06
1970,MR050687,glioma,0,3,0.99233633,0.007653342,1.0311458e-05
1975,MR050791B,glioma,0,3,0.98715115,0.012238728,0.00061012123
1976,MR050791B,glioma,0,3,0.9945749,0.0021828844,0.003242239
1981,MR050791B,glioma,0,3,0.9999808,1.5474443e-05,3.6649599e-06
1983,MR050791B,glioma,0,3,0.99998534,1.4434371e-05,1.8006729e-07
1984,MR049019C,glioma,0,3,0.9999981,1.0819348e-07,1.7855151e-06
1986,MR049019C,glioma,0,3,0.9999683,3.0884148e-05,8.5450023e-07
1989,MR026175C,glioma,0,3,0.99999976,6.352411e-08,1.46764e-07
1996,MR026175C,glioma,0,3,1.0,4.357393e-08,1.6528077e-08
2005,MR051586,glioma,0,3,0.99999964,1.3866052e-07,1.9563836e-07
2006,MR051586,glioma,0,3,0.99999905,6.963476e-07,2.3338475e-07
2016,MR051461B,glioma,0,3,0.98941296,0.01058566,1.3901781e-06
2023,MR051644,glioma,0,3,0.9995414,0.0004578715,7.443553e-07
2029,MR051644,glioma,0,3,0.9999913,6.3397397e-06,2.38521e-06
2032,MR051651,glioma,0,3,0.99916375,0.00082551053,1.074865e-05
2033,MR051651,glioma,0,3,0.9995378,0.0004586515,3.603832e-06
2036,MR051651,glioma,0,3,0.99968123,0.00031842597,3.3284e-07
2038,MR051796,glioma,0,3,1.0,2.7684903e-09,1.1314161e-08
2039,MR051796,glioma,0,3,1.0,1.3180894e-09,2.6477464e-08
2049,MR051651B,glioma,0,3,0.9994967,0.0005030077,2.1924826e-07
2051,MR051644B,glioma,0,3,0.9999995,1.1189068e-07,3.716272e-07
2053,MR051644B,glioma,0,3,1.0,3.482422e-08,3.500569e-08
2054,MR051644B,glioma,0,3,1.0,2.7761908e-08,2.9072206e-08
2055,MR051644B,glioma,0,3,0.99999976,1.1367094e-07,6.3043714e-08
2065,MR051644C,glioma,0,3,0.99992704,5.399739e-05,1.8904357e-05
2069,MR051644C,glioma,0,3,0.9999989,7.8267976e-07,2.56757e-07
2070,MR051644C,glioma,0,3,0.99999964,1.9165594e-07,1.7268187e-07
2075,MR051644C,glioma,0,3,0.9999995,4.021729e-07,7.195739e-08
2078,MR049942B,glioma,0,3,1.0,2.5377114e-08,2.936249e-08
2082,MR052585B,glioma,0,3,0.99999833,4.844866e-07,1.172646e-06
2083,MR047953C,glioma,0,3,0.9999665,4.609075e-06,2.8845512e-05
2084,MR047953C,glioma,0,3,0.9999995,5.700925e-08,4.353597e-07
2095,MR034694,glioma,0,3,0.99999976,1.7626161e-07,9.9399095e-08
2099,MR054683,glioma,0,3,0.9999893,1.1223992e-06,9.702201e-06
2101,MR054875,glioma,0,3,0.9999974,6.5511097e-07,2.0061714e-06
2102,MR054875,glioma,0,3,0.99999964,1.2823403e-07,2.19189e-07
2112,MR034997,glioma,0,3,0.99999285,6.722266e-06,4.6185798e-07
2116,MR034997,glioma,0,3,0.99990284,9.692915e-05,2.340231e-07
2125,MR029209E,glioma,0,3,0.99999976,1.08007676e-07,1.4359983e-07
2126,MR029209E,glioma,0,3,1.0,1.4327505e-08,5.829387e-09
2129,MR053110E,glioma,0,3,0.9967263,1.2045576e-05,0.003261747
2131,MR053110E,glioma,0,3,0.9999893,6.2382014e-06,4.577998e-06
2138,MR049019G,glioma,0,3,0.9999987,1.1734384e-06,1.0425989e-07
2144,MR024780D,glioma,0,3,1.0,2.4687525e-08,4.3093888e-08
2159,MR032322C,glioma,0,3,0.9999989,1.5513095e-07,9.669783e-07
2166,MR037458B,glioma,0,3,0.9991906,0.000506893,0.00030244965
2168,MR037458B,glioma,0,3,0.9952749,0.001161959,0.0035631896
2174,MR039473,glioma,0,3,0.99999774,8.9425134e-07,1.2602059e-06
2180,MR039473B,glioma,0,3,0.99999833,3.1801233e-07,1.3147536e-06
2188,MR037458C,glioma,0,3,0.99940026,0.0005921936,7.50815e-06
2189,MR037458C,glioma,0,3,0.99999404,4.8054344e-06,1.2208756e-06
2192,MR037458C,glioma,0,3,0.9999567,4.260289e-05,6.748966e-07
2193,MR037458C,glioma,0,3,0.99999976,2.3282159e-07,2.529655e-08
2194,MR037458C,glioma,0,3,0.9956632,0.0042224135,0.00011447822
2198,MR040240,glioma,0,3,0.99999964,6.175562e-08,2.9558603e-07
2199,MR040240,glioma,0,3,0.99995744,3.772887e-05,4.7341946e-06
2200,MR040240,glioma,0,3,0.9999987,1.3556133e-06,4.991798e-08
2201,MR040240,glioma,0,3,0.99999976,2.4597477e-07,2.1647399e-08
2210,MR040240B,glioma,0,3,0.99999964,1.7031903e-07,2.0347925e-07
2214,MR040240B,glioma,0,3,1.0,2.3952492e-08,3.0485836e-08
2217,MR029209G,glioma,0,3,1.0,6.029537e-09,5.7546018e-08
2219,MR029209G,glioma,0,3,1.0,3.1127152e-09,2.3105233e-09
2230,MR033420,glioma,0,3,0.9999993,2.2937495e-08,6.6421643e-07
2231,MR033420,glioma,0,3,0.99999976,3.5045482e-09,1.847139e-07
2237,MR024780B,glioma,0,3,0.9999993,1.4764808e-07,6.320391e-07
2243,MR048994,glioma,0,3,0.9996524,0.0003473699,1.9274434e-07
2247,MR049142,glioma,0,3,0.9962276,0.0037553678,1.7003731e-05
2250,MR048994B,glioma,0,3,1.0,1.0247827e-08,3.720497e-09
2260,MR048944B,glioma,0,3,1.0,1.0781458e-08,2.5261937e-08
2261,MR049358,glioma,0,3,0.9999995,4.691088e-07,5.3919347e-10
2262,MR049358,glioma,0,3,1.0,2.1972706e-08,9.61983e-11
2269,MR049358,glioma,0,3,0.9999999,7.070832e-08,3.2302232e-09
2271,MR049453,glioma,0,3,0.99999964,3.6655757e-07,4.9075806e-09
2273,MR049453,glioma,0,3,1.0,2.34751e-08,3.1678844e-09
2283,MR024780G,glioma,0,3,0.9999994,3.2762347e-07,2.0498729e-07
2290,MR049453B,glioma,0,3,0.99999857,1.4144213e-07,1.3519672e-06
2292,MR049453B,glioma,0,3,0.99997663,2.2988825e-05,3.686318e-07
2297,MR049453B,glioma,0,3,1.0,4.5706305e-08,4.8691334e-08
2298,MR049453B,glioma,0,3,1.0,3.8958583e-09,1.9667675e-08
2299,MR049453B,glioma,0,3,1.0,1.413486e-09,2.1233646e-08
2309,MR050135B,glioma,0,3,0.99999976,4.8348974e-09,2.419955e-07
2314,MR050687,glioma,0,3,0.9999552,4.4823573e-05,6.2114673e-09
2317,MR050791B,glioma,0,3,0.99915004,0.0008490208,9.621559e-07
2322,MR049019C,glioma,0,3,0.9999994,5.726633e-08,5.664682e-07
2333,MR051461,glioma,0,3,0.9999999,8.145465e-08,6.586912e-10
2334,MR051461,glioma,0,3,0.99999976,2.5623473e-07,1.4373478e-09
2336,MR051461,glioma,0,3,0.9999988,1.1479153e-06,1.952181e-09
2347,MR033389B,glioma,0,3,0.9998441,0.00015575167,1.4195889e-07
2348,MR033389B,glioma,0,3,0.999972,2.7993347e-05,1.3448496e-08
2356,MR026175E,glioma,0,3,0.99999905,5.278028e-07,4.7734466e-07
2364,MR040240C,glioma,0,3,0.99999833,1.5629876e-06,6.1879575e-08
2372,MR040240C,glioma,0,3,1.0,3.1106335e-08,1.3783858e-08
2380,MR040240D,glioma,0,3,0.99999964,3.925301e-07,2.787183e-08
2382,MR040240D,glioma,0,3,0.99999785,1.8691131e-06,2.508257e-07
2392,MR017260F,glioma,0,3,0.9999999,6.5236534e-08,5.5755716e-08
2396,MR029209I,glioma,0,3,1.0,5.067636e-09,9.581165e-09
2397,MR029209I,glioma,0,3,1.0,1.9971148e-08,1.0577021e-08
2400,MR029209I,glioma,0,3,1.0,7.6127495e-09,1.0799873e-09
2412,MR048297,glioma,0,3,0.99998856,1.1307663e-05,9.382458e-08
2413,MR048297,glioma,0,3,0.9999814,1.8413997e-05,2.9568469e-07
2417,MR048294B,glioma,0,3,0.9999999,2.18278e-08,1.5014014e-07
2418,MR048294B,glioma,0,3,1.0,5.2533334e-08,3.2818885e-08
2419,MR048294B,glioma,0,3,1.0,1.3202087e-08,7.511555e-09
2420,MR048621B,glioma,0,3,0.99999905,6.841672e-07,2.769914e-07
2426,MR048944,glioma,0,3,0.9999993,6.8627014e-07,7.14573e-09
2433,MR048944,glioma,0,3,0.99999905,9.13058e-07,2.5395586e-08
2436,MR048994,glioma,0,3,0.99679047,0.0032088426,6.5931147e-07
2441,MR048994,glioma,0,3,0.9999492,5.0690902e-05,1.4923465e-07
2452,MR040240,glioma,0,3,0.99998856,1.14270615e-05,3.6304062e-08
2453,MR040240B,glioma,0,3,0.99994564,5.1989806e-05,2.3365033e-06
2457,MR040240B,glioma,0,3,0.9999999,6.1392505e-08,1.0641105e-08
2459,MR040240B,glioma,0,3,0.9999987,1.1670236e-06,8.629595e-08
2469,MR029209G,glioma,0,3,0.99849,0.0015094767,5.3543414e-07
2472,MR036496B,glioma,0,3,0.99999917,7.0352615e-07,9.368359e-08
2474,MR036496B,glioma,0,3,0.9999994,5.680635e-07,3.3796674e-10
2475,MR036496B,glioma,0,3,0.9999999,9.932046e-08,1.9899802e-09
2480,MR033420,glioma,0,3,0.99995637,4.3004053e-05,5.559764e-07
2497,MR024780E,glioma,0,3,1.0,3.1587497e-09,1.4288336e-09
2498,MR024780E,glioma,0,3,1.0,1.8382316e-09,3.7784806e-09
2513,MR040240C,glioma,0,3,0.9999988,1.0147965e-06,8.9628905e-08
2518,MR040240C,glioma,0,3,0.9999974,2.407052e-06,2.785023e-07
2519,MR040240C,glioma,0,3,0.99996436,3.0371657e-05,5.2960286e-06
2520,MR040240C,glioma,0,3,0.9994766,0.0005224075,1.0045525e-06
2524,MR017260F,glioma,0,3,0.9986035,0.0013958403,5.797872e-07
2525,MR017260F,glioma,0,3,0.99982053,0.00017922196,1.9721999e-07
2527,MR017260F,glioma,0,3,0.99995136,4.8411515e-05,2.5628708e-07
2530,MR029209I,glioma,0,3,1.0,2.5519382e-08,9.718779e-10
2531,MR029209I,glioma,0,3,1.0,1.1058584e-08,5.6950675e-09
2533,MR029209I,glioma,0,3,0.99999774,2.2882905e-06,1.572119e-08
2535,MR029209I,glioma,0,3,0.99999976,1.8337576e-07,1.1561097e-09
2536,MR029209I,glioma,0,3,0.99999964,4.1068984e-07,6.4044654e-09
2539,MR029209I,glioma,0,3,0.9999982,1.3653123e-06,4.337189e-07
2543,MR048294,glioma,0,3,0.99968123,0.00031867842,1.4081805e-07
2545,MR048294,glioma,0,3,0.9999994,5.511771e-07,5.3498748e-09
2546,MR051586,glioma,0,3,0.9999957,4.2656893e-06,1.4262109e-09
2552,MR051461B,glioma,0,3,0.9997036,0.00029606992,3.5252725e-07
2564,MR051644,glioma,0,3,0.99999917,8.922227e-07,1.1632155e-09
2574,MR051796,glioma,0,3,0.9999999,2.784532e-08,1.5431985e-07
2582,MR051651B,glioma,0,3,0.9998098,0.00019014624,6.285754e-08
2584,MR051651B,glioma,0,3,0.99993575,6.081237e-05,3.498766e-06
2594,MR052550,glioma,0,3,0.9999999,6.043747e-08,1.8027462e-08
2605,MR051644C,glioma,0,3,0.99999964,2.3229948e-07,9.681394e-08
2608,MR049942B,glioma,0,3,0.9999995,1.4241084e-07,3.0717152e-07
2615,MR047953C,glioma,0,3,0.9999931,4.9963444e-07,6.4943224e-06
2623,MR053110B,glioma,0,3,0.99999976,2.3162214e-07,1.6136112e-09
2629,MR034694,glioma,0,3,1.0,4.096274e-08,6.1182184e-09
2632,MR054683,glioma,0,3,0.9999988,1.0724843e-07,1.0167222e-06
2635,MR050687C,glioma,0,3,1.0,1.011093e-08,1.4557905e-08
2646,MR053241C,glioma,0,3,0.9999993,7.252067e-07,4.8145856e-09
2650,MR034997,glioma,0,3,1.0,1.1120829e-09,6.292068e-09
2661,MR029209E,glioma,0,3,0.9999999,7.2521644e-08,3.5459e-09
2663,MR029209E,glioma,0,3,0.99992645,7.335744e-05,2.1826663e-07
2664,MR053110E,glioma,0,3,0.999946,4.9534818e-05,4.361282e-06
2680,MR024780D,glioma,0,3,1.0,1.779302e-08,2.481015e-09
2685,MR038469,glioma,0,3,0.999966,3.07542e-05,3.266954e-06
2688,MR032322C,glioma,0,3,0.99999774,1.6708092e-06,5.619341e-07
2697,MR032322C,glioma,0,3,0.99999905,1.0042527e-06,1.7782078e-08
2698,MR032322C,glioma,0,3,0.9999994,6.010536e-07,2.0659355e-08
2699,MR032322C,glioma,0,3,0.9999995,4.2573723e-07,5.654022e-09
2702,MR037458B,glioma,0,3,0.3154673,0.68447816,5.450322e-05
2710,MR039473,glioma,0,3,0.9999999,4.7137032e-08,1.3675944e-07
2717,MR039473B,glioma,0,3,0.9999988,9.835633e-07,2.0363807e-07
2729,MR037458C,glioma,0,3,0.99999845,1.3010819e-06,1.9802145e-07
2731,MR029209E,glioma,0,3,0.9999994,5.4379746e-07,4.2197907e-09
2732,MR029209E,glioma,0,3,0.9999999,6.4495204e-08,2.8379616e-09
2733,MR029209E,glioma,0,3,0.9999995,5.0662953e-07,9.962223e-09
2737,MR029209E,glioma,0,3,1.0,2.414818e-08,4.773096e-09
2742,MR053110E,glioma,0,3,0.9996741,0.00032458548,1.3415967e-06
2747,MR049019G,glioma,0,3,0.99999976,3.387552e-08,2.628621e-07
2749,MR031409B,glioma,0,3,0.9999132,1.6975987e-06,8.507058e-05
2751,MR024780D,glioma,0,3,0.9999943,5.58788e-06,8.705886e-08
2759,MR032322C,glioma,0,3,1.0,2.3214797e-08,3.210505e-10
2773,MR037458B,glioma,0,3,0.63762325,0.36225334,0.00012333953
2775,MR039473,glioma,0,3,0.99997365,5.887995e-07,2.5700701e-05
2778,MR039473,glioma,0,3,0.9999999,4.0059536e-10,8.9023494e-08
2780,MR039473B,glioma,0,3,0.99990356,7.075706e-05,2.5586018e-05
2788,MR040240,glioma,0,3,0.98424697,0.011937015,0.0038159557
2794,MR040240,glioma,0,3,0.99673283,0.0032151463,5.203681e-05
2801,MR029209G,glioma,0,3,0.99999976,2.8949955e-07,1.2494803e-09
2803,MR029209G,glioma,0,3,1.0,5.878258e-09,2.315725e-09
2809,MR033420,glioma,0,3,0.99999607,3.355064e-06,5.920504e-07
2820,MR024780B,glioma,0,3,0.9999914,8.510356e-06,1.3990824e-07
2827,MR048297,glioma,0,3,0.99995303,4.6925707e-05,4.3826272e-08
2832,MR048294B,glioma,0,3,0.99985313,0.00011656515,3.0237568e-05
2833,MR048294B,glioma,0,3,0.99999976,6.6354154e-08,6.849547e-08
2840,MR048944,glioma,0,3,0.9999999,1.4611572e-07,3.595343e-09
2843,MR048944,glioma,0,3,0.9999994,6.5254636e-07,1.0414503e-08
2844,MR048944,glioma,0,3,0.9999999,6.9827635e-08,4.1789203e-09
2856,MR049104,glioma,0,3,0.99999666,1.3192163e-06,2.081099e-06
2858,MR049142,glioma,0,3,0.20453387,0.7713415,0.024124695
2859,MR049142,glioma,0,3,0.91739905,0.08258032,2.0640857e-05
2865,MR048994B,glioma,0,3,1.0,4.7516252e-08,1.31477575e-08
2866,MR049358,glioma,0,3,0.99999976,2.1804422e-07,5.742569e-09
2867,MR049358,glioma,0,3,1.0,4.6948765e-09,4.3709423e-09
2871,MR049358,glioma,0,3,1.0,5.995511e-09,3.592678e-08
2880,MR049453,glioma,0,3,1.0,3.6869893e-10,1.5743542e-09
2882,MR049453,glioma,0,3,1.0,6.496718e-09,7.266128e-10
2884,MR049453,glioma,0,3,0.99999905,9.350654e-07,1.509255e-08
2885,MR024780G,glioma,0,3,0.99999654,3.2962719e-06,6.0317845e-08
2887,MR024780G,glioma,0,3,0.99999535,4.5332117e-06,1.0453592e-07
2891,MR050135B,glioma,0,3,0.99999976,1.8767282e-07,3.9465743e-08
2894,MR050135B,glioma,0,3,0.99999905,9.914856e-07,4.1938105e-08
2906,MR050791B,glioma,0,3,0.91667104,0.0832739,5.506242e-05
2914,MR049019C,glioma,0,3,0.99993837,2.6784437e-05,3.4838573e-05
2918,MR051461,glioma,0,3,1.0,1.1567743e-08,1.5553529e-10
2921,MR051461,glioma,0,3,0.99939656,0.0006033385,1.11985436e-07
2929,MR051586,glioma,0,3,0.999258,0.00074182707,7.44844e-08
2933,MR051586,glioma,0,3,1.0,5.5169778e-08,4.4435893e-08
2935,MR051644,glioma,0,3,0.9998311,0.00016882119,8.782781e-08
2936,MR051644,glioma,0,3,0.9999671,3.2675012e-05,2.940817e-07
2939,MR051644,glioma,0,3,0.99999857,1.4098486e-06,2.7407468e-08
2952,MR051796,glioma,0,3,0.99999917,5.430433e-07,1.9403714e-07
2958,MR051651B,glioma,0,3,0.999998,2.0188243e-06,1.601892e-08
2960,MR051651B,glioma,0,3,0.9998723,0.00012743186,1.9237461e-07
2961,MR051644B,glioma,0,3,1.0,4.202452e-09,1.779292e-08
2971,MR051796B,glioma,0,3,0.9999994,1.9778726e-07,3.958834e-07
2974,MR051796B,glioma,0,3,0.99999964,1.3901642e-07,1.8773993e-07
2978,MR052550,glioma,0,3,0.9999995,3.3340575e-07,1.2380576e-07
2982,MR052550,glioma,0,3,0.9999999,4.2831805e-09,1.4480813e-07
2984,MR051644C,glioma,0,3,1.0,2.3714424e-08,5.93794e-08
2990,MR051644C,glioma,0,3,0.99999976,1.4164073e-07,7.2477945e-08
2993,MR049942B,glioma,0,3,0.99999785,4.2253433e-08,2.1389835e-06
2997,MR052585B,glioma,0,3,0.9991725,1.9809451e-05,0.0008077298
3003,MR053110B,glioma,0,3,0.9999603,3.921626e-05,5.0586425e-07
3004,MR053110B,glioma,0,3,0.99523914,0.0047341012,2.6783326e-05
3005,MR034694,glioma,0,3,0.99999917,1.0555366e-08,8.730942e-07
3007,MR034694,glioma,0,3,0.99999905,8.3704805e-07,5.9830114e-08
3008,MR034694,glioma,0,3,0.9999989,2.3236578e-07,8.071628e-07
3011,MR054875,glioma,0,3,0.99999106,4.181114e-06,4.723179e-06
3015,MR050687C,glioma,0,3,0.99997497,2.4908604e-05,1.291719e-07
3021,MR056144,glioma,0,3,0.9980432,1.4793502e-05,0.0019420369
3023,MR034997,glioma,0,3,1.0,1.518615e-08,1.6038937e-09
3024,MR034997,glioma,0,3,0.99999976,1.9059443e-07,1.0322783e-08
3025,MR034997,glioma,0,3,0.9999999,1.040407e-07,2.2357443e-09
3027,MR034997,glioma,0,3,0.9999999,9.989764e-08,9.9670725e-09
3031,MR033389B,glioma,0,3,0.9885881,0.011402401,9.553451e-06
3045,MR040240C,glioma,0,3,0.99512297,0.004861309,1.572772e-05
3047,MR040240D,glioma,0,3,1.0,3.8262664e-09,7.399896e-09
3049,MR017260F,glioma,0,3,0.9988643,0.0011348061,9.782123e-07
3055,MR017260F,glioma,0,3,1.0,4.6930435e-08,8.254205e-09
3058,MR029209I,glioma,0,3,0.9999999,1.238111e-07,4.284308e-09
3063,95969,meningioma,1,3,0.9889387,0.011058494,2.8879183e-06
5,100360,meningioma,1,4,0.9874522,0.011340528,0.0012072911
10,101016,meningioma,1,4,0.010050302,0.989319,0.0006307633
24,102420,meningioma,1,4,0.19010846,0.6123818,0.19750974
31,102714,meningioma,1,4,0.00023754807,0.9104478,0.08931464
42,103925,meningioma,1,4,0.10736644,0.021277567,0.871356
47,104167,meningioma,1,4,0.004303027,0.9953186,0.0003783729
48,104167,meningioma,1,4,0.001968422,0.99156344,0.0064681484
50,104281,meningioma,1,4,0.441996,0.52884156,0.029162403
57,105374,meningioma,1,4,0.15047257,0.19211501,0.65741247
58,105555,meningioma,1,4,0.3008331,0.6931702,0.0059967316
60,105937,meningioma,1,4,5.7723173e-05,0.9890998,0.010842426
64,106284,meningioma,1,4,0.00419779,0.75683224,0.23896998
65,106284,meningioma,1,4,0.012549524,0.890691,0.096759394
66,106284,meningioma,1,4,0.010848396,0.8630927,0.12605894
73,106665,meningioma,1,4,0.42530704,0.50033253,0.07436047
75,106665,meningioma,1,4,0.015203487,0.98362154,0.0011749712
80,106720,meningioma,1,4,0.40702698,0.53414667,0.058826353
86,106720,meningioma,1,4,0.00987917,0.98761135,0.0025095176
90,106914,meningioma,1,4,0.32649252,0.13803618,0.53547126
92,107190,meningioma,1,4,0.032492973,0.96691215,0.000594842
93,107248,meningioma,1,4,0.4106119,0.038786266,0.55060184
96,107248,meningioma,1,4,0.00045359126,0.04807798,0.9514684
98,107248,meningioma,1,4,0.0012231854,0.006903607,0.9918732
106,108514,meningioma,1,4,0.14483134,0.84287477,0.012293931
109,108514,meningioma,1,4,0.0008776486,0.99907243,4.9915165e-05
117,108945,meningioma,1,4,0.24474007,0.75502205,0.00023790321
118,108945,meningioma,1,4,0.023515986,0.9760366,0.00044738766
121,109968,meningioma,1,4,0.40704155,0.5740693,0.018889133
131,111366,meningioma,1,4,0.2071905,0.12428847,0.668521
141,112062,meningioma,1,4,0.0003970375,0.9995683,3.462146e-05
155,113435,meningioma,1,4,0.00035817912,0.9996152,2.6619275e-05
158,113435,meningioma,1,4,0.00018160387,0.99981314,5.2639807e-06
170,114359,meningioma,1,4,0.97641903,0.02341136,0.0001696332
175,97607,meningioma,1,4,0.05411777,0.9454786,0.00040358427
176,97607,meningioma,1,4,0.0054415953,0.99450725,5.11498e-05
179,97607,meningioma,1,4,0.009271587,0.99068075,4.7675203e-05
187,97943,meningioma,1,4,0.4144445,0.44339445,0.14216106
190,97943,meningioma,1,4,0.19539087,0.45960322,0.34500593
197,98241,meningioma,1,4,0.018642446,0.98128843,6.9081245e-05
199,99017,meningioma,1,4,3.6873196e-05,0.0028321466,0.997131
208,99308,meningioma,1,4,0.024193686,0.975442,0.00036433528
218,100572,meningioma,1,4,0.00044079174,0.906653,0.092906244
222,101016,meningioma,1,4,6.473806e-05,0.9998543,8.0899496e-05
224,101016,meningioma,1,4,0.00023473994,0.99972016,4.5087392e-05
235,101797,meningioma,1,4,0.041710112,0.9565435,0.0017462964
237,102420,meningioma,1,4,0.024387259,0.8357369,0.13987581
241,102675,meningioma,1,4,0.14070013,0.83443785,0.024862014
261,103925,meningioma,1,4,0.06325431,0.53920686,0.3975388
263,103925,meningioma,1,4,0.011991488,0.46913904,0.5188695
271,104167,meningioma,1,4,0.090283096,0.6595307,0.25018618
282,105374,meningioma,1,4,0.07486722,0.90861636,0.01651635
285,105555,meningioma,1,4,0.9148388,0.08493778,0.00022341982
288,105937,meningioma,1,4,0.0015365608,0.9491875,0.04927591
290,106284,meningioma,1,4,0.030490503,0.5911306,0.37837887
302,106665,meningioma,1,4,0.005425086,0.9935573,0.001017699
305,106720,meningioma,1,4,0.01364169,0.95555943,0.03079885
309,106720,meningioma,1,4,0.8239327,0.17544304,0.00062428333
310,106720,meningioma,1,4,0.97662383,0.022702789,0.000673368
317,107248,meningioma,1,4,0.18119292,0.18704253,0.6317646
318,107248,meningioma,1,4,0.51381445,0.47707492,0.009110628
322,107494,meningioma,1,4,0.2156138,0.68473256,0.09965361
326,108514,meningioma,1,4,0.9259302,0.07382641,0.00024342998
330,108514,meningioma,1,4,0.46418503,0.5102837,0.02553127
333,108550,meningioma,1,4,0.223646,0.75144494,0.024909118
340,109411,meningioma,1,4,0.0735982,0.72929174,0.19711012
342,109968,meningioma,1,4,0.4392707,0.55768424,0.0030451168
348,110116,meningioma,1,4,0.0008111949,0.04194776,0.95724106
362,112002,meningioma,1,4,0.782703,0.1814588,0.03583827
364,112002,meningioma,1,4,0.13891639,0.8585697,0.002513914
372,112552,meningioma,1,4,0.35076487,0.4767838,0.17245133
374,112552,meningioma,1,4,0.08655817,0.5910531,0.32238865
375,112552,meningioma,1,4,0.09189206,0.7619079,0.14620003
384,113435,meningioma,1,4,0.027096318,0.9596481,0.013255671
387,113435,meningioma,1,4,0.06535818,0.79394895,0.14069293
394,113805,meningioma,1,4,0.13991356,0.72525346,0.13483295
395,114018,meningioma,1,4,0.019342193,0.75933164,0.22132616
397,114018,meningioma,1,4,0.002396632,0.1879141,0.8096892
400,114359,meningioma,1,4,0.18658827,0.8102505,0.0031611694
407,97607,meningioma,1,4,0.01342344,0.98498476,0.0015917858
415,97875,meningioma,1,4,0.0015131554,0.31040543,0.6880814
419,97943,meningioma,1,4,0.00063525717,0.99797374,0.0013910172
423,98241,meningioma,1,4,0.025989091,0.9353497,0.038661264
424,98241,meningioma,1,4,0.020671075,0.9632921,0.016036773
427,98241,meningioma,1,4,0.002471824,0.9874406,0.0100876
428,98241,meningioma,1,4,0.005824195,0.9654511,0.028724656
429,98241,meningioma,1,4,0.15391259,0.73754627,0.10854116
430,99017,meningioma,1,4,0.038326714,0.57190996,0.38976339
432,99089,meningioma,1,4,0.013847129,0.22439654,0.76175636
434,99089,meningioma,1,4,0.0059247557,0.53017217,0.46390307
438,99308,meningioma,1,4,0.15602256,0.8434771,0.0005003304
441,99308,meningioma,1,4,0.004479199,0.9944877,0.0010330764
444,100360,meningioma,1,4,0.30311796,0.6957646,0.0011173746
445,100360,meningioma,1,4,0.27952877,0.7197219,0.00074932317
448,100572,meningioma,1,4,0.001024532,0.0077743665,0.99120104
451,100639,meningioma,1,4,0.36048877,0.62032986,0.019181347
456,101016,meningioma,1,4,1.1807008e-05,0.9950187,0.0049694222
461,101127,meningioma,1,4,0.025418166,0.40711963,0.5674622
468,101797,meningioma,1,4,0.00096503197,0.91222477,0.08681027
483,102714,meningioma,1,4,0.033525746,0.9606053,0.005868899
489,102935,meningioma,1,4,0.26015228,0.69948137,0.040366393
491,102960,meningioma,1,4,0.9375493,0.061761286,0.0006893729
493,102960,meningioma,1,4,0.5490531,0.38635737,0.06458959
495,102985,meningioma,1,4,0.31296045,0.064002804,0.62303674
504,103925,meningioma,1,4,0.02540501,0.92560744,0.048987586
507,104167,meningioma,1,4,0.5640577,0.4339547,0.001987582
511,104281,meningioma,1,4,0.003282675,0.9959418,0.0007755134
519,105555,meningioma,1,4,0.81788266,0.17845228,0.0036649713
521,105937,meningioma,1,4,0.00017173834,0.9743435,0.025484718
532,106592,meningioma,1,4,0.43812943,0.5600126,0.0018579288
538,106665,meningioma,1,4,0.035876166,0.9506431,0.013480795
540,106720,meningioma,1,4,0.17976627,0.8201481,8.5643944e-05
543,106914,meningioma,1,4,0.058573924,0.5144191,0.42700702
550,107190,meningioma,1,4,0.15855516,0.7868567,0.05458811
556,107494,meningioma,1,4,0.098235816,0.89495623,0.0068080323
563,107946,meningioma,1,4,0.99411833,0.005872322,9.407612e-06
564,108514,meningioma,1,4,0.33055118,0.66936153,8.729053e-05
568,108514,meningioma,1,4,0.2134744,0.7862878,0.00023782153
569,108550,meningioma,1,4,0.1163564,0.8340502,0.049593467
570,108550,meningioma,1,4,0.054061234,0.92353046,0.022408342
571,108590,meningioma,1,4,0.15385418,0.73761916,0.1085266
580,109968,meningioma,1,4,0.23673606,0.76155615,0.0017078769
581,109968,meningioma,1,4,0.35405433,0.64356464,0.0023810118
582,109968,meningioma,1,4,0.47165367,0.52532303,0.00302325
586,111077,meningioma,1,4,0.08214476,0.9059532,0.011902058
589,111366,meningioma,1,4,0.49111387,0.50837904,0.00050706614
593,111532,meningioma,1,4,0.12110106,0.8788228,7.616188e-05
596,111696,meningioma,1,4,0.09912667,0.69307107,0.20780228
599,112002,meningioma,1,4,0.90426815,0.0950737,0.000658223
607,112252,meningioma,1,4,0.5808961,0.31788793,0.10121599
614,112552,meningioma,1,4,0.112266816,0.88208073,0.0056524593
620,112650,meningioma,1,4,0.19260795,0.80661917,0.0007728128
636,113614,meningioma,1,4,0.19913211,0.79995704,0.00091077975
647,114018,meningioma,1,4,0.032330673,0.03844827,0.92922103
663,97374,meningioma,1,4,0.71427715,0.28514534,0.00057744514
667,97607,meningioma,1,4,0.348486,0.5248408,0.1266732
668,97737,meningioma,1,4,0.046927776,0.95108515,0.0019871194
670,97737,meningioma,1,4,0.07564476,0.9013177,0.023037473
693,99162,meningioma,1,4,0.6510289,0.34771794,0.0012531144
695,99162,meningioma,1,4,0.20339815,0.23222582,0.56437606
704,99815,meningioma,1,4,0.0016353728,0.9982539,0.000110830326
706,99815,meningioma,1,4,0.0009731719,0.9962991,0.0027277537
710,105936,pituitary,2,4,3.0102942e-07,1.3833276e-05,0.9999858
721,101020,glioma,0,4,0.98348236,0.011266964,0.0052505643
731,106494,glioma,0,4,0.9767279,0.017769843,0.005502222
733,106494,glioma,0,4,0.9241322,0.07125924,0.004608561
736,107747,glioma,0,4,0.6983191,0.2958393,0.005841656
750,100820,glioma,0,4,0.77122,0.15581419,0.07296587
752,100820,glioma,0,4,0.86953187,0.09654309,0.03392509
757,101020,glioma,0,4,0.9917452,0.00806175,0.00019306598
760,101020,glioma,0,4,0.83647126,0.16246149,0.0010672058
771,106494,glioma,0,4,0.95058054,0.04799014,0.0014292389
778,107747,glioma,0,4,0.8900873,0.10615241,0.0037602845
804,90284,glioma,0,4,0.9920231,0.0024442987,0.0055325874
808,92897,glioma,0,4,0.9503857,0.041198634,0.0084156785
810,93825,glioma,0,4,0.85053843,0.1271704,0.02229119
813,97609,glioma,0,4,0.9508904,0.048591036,0.0005185289
814,97609,glioma,0,4,0.96297467,0.036673114,0.00035215006
818,100416,glioma,0,4,0.6758881,0.32133397,0.0027779688
823,100820,glioma,0,4,0.9924758,0.0073324097,0.00019175494
825,100820,glioma,0,4,0.8479913,0.1141217,0.037887037
827,100820,glioma,0,4,0.35991356,0.33689412,0.3031923
832,101020,glioma,0,4,0.3198801,0.67994833,0.00017158395
833,101020,glioma,0,4,0.9690596,0.03081821,0.00012224875
838,102075,glioma,0,4,0.47676083,0.4306197,0.09261946
840,103148,glioma,0,4,0.5489465,0.4504854,0.00056807674
841,103148,glioma,0,4,0.9031885,0.095599204,0.0012121868
847,106494,glioma,0,4,0.87601686,0.037010945,0.08697222
851,106494,glioma,0,4,0.94610083,0.031544965,0.022354165
853,107747,glioma,0,4,0.2812522,0.7181051,0.0006426891
855,107747,glioma,0,4,0.33152914,0.66046596,0.008004919
866,88670,glioma,0,4,0.9743749,0.025403839,0.00022128763
870,90284,glioma,0,4,0.9454311,0.035599653,0.01896919
874,90284,glioma,0,4,0.18122053,0.01071363,0.80806583
895,95142,glioma,0,4,0.6068432,0.29092443,0.10223232
897,95142,glioma,0,4,0.67735535,0.15483122,0.16781346
898,95142,glioma,0,4,0.9640571,0.023237508,0.012705339
902,95142,glioma,0,4,0.93637395,0.062335353,0.0012907678
907,96587,glioma,0,4,0.94272995,0.057180468,8.953516e-05
909,97609,glioma,0,4,0.9972588,0.0027320967,9.17299e-06
917,98889,glioma,0,4,0.9580783,0.04065842,0.0012632476
918,105936,pituitary,2,4,2.5222398e-06,9.0989766e-07,0.99999654
919,105936,pituitary,2,4,7.2759026e-06,1.995653e-05,0.9999728
922,106062,pituitary,2,4,9.572967e-05,0.00090488855,0.9989994
926,107495,pituitary,2,4,6.041514e-08,7.2555445e-06,0.9999927
929,107495,pituitary,2,4,6.8195263e-06,0.0002479169,0.9997453
941,107505,pituitary,2,4,1.0918051e-06,4.508563e-06,0.9999944
953,108858,pituitary,2,4,0.00010283688,0.0040201508,0.995877
957,108931,pituitary,2,4,4.39797e-07,4.51369e-06,0.999995
965,109769,pituitary,2,4,9.237594e-07,1.8809793e-05,0.9999802
983,111075,pituitary,2,4,4.3539342e-07,1.03339e-05,0.9999893
985,111075,pituitary,2,4,5.0013355e-06,5.2365135e-06,0.99998975
992,111785,pituitary,2,4,0.00019970197,0.00025698132,0.9995433
998,112649,pituitary,2,4,0.00040634314,0.0002573202,0.9993363
999,112649,pituitary,2,4,1.0273072e-05,9.056038e-05,0.99989915
1001,112649,pituitary,2,4,6.9610046e-06,1.0128124e-05,0.99998295
1003,112746,pituitary,2,4,0.00012298085,0.0011646348,0.9987124
1004,112746,pituitary,2,4,6.704394e-05,0.00020148055,0.9997315
1005,112746,pituitary,2,4,8.640974e-06,2.2464468e-05,0.9999689
1010,113274,pituitary,2,4,4.511862e-07,2.3702878e-05,0.9999758
1012,113274,pituitary,2,4,3.0857234e-06,5.4823518e-06,0.9999914
1013,113741,pituitary,2,4,8.621257e-09,2.4148242e-06,0.9999976
1019,114361,pituitary,2,4,1.4564961e-06,2.6233549e-05,0.99997234
1033,101029,pituitary,2,4,6.787312e-05,0.0019676674,0.9979645
1034,105936,pituitary,2,4,5.8760684e-06,2.4822999e-05,0.99996924
1069,108858,pituitary,2,4,0.0014281725,0.0009246411,0.9976472
1074,108931,pituitary,2,4,1.4587974e-05,1.9786059e-05,0.99996567
1077,109471,pituitary,2,4,2.9077624e-05,0.00022862905,0.9997423
1081,109471,pituitary,2,4,0.0001935503,0.00018376425,0.9996227
1082,109471,pituitary,2,4,0.00019583022,0.0007460517,0.99905807
1097,110518,pituitary,2,4,1.0071712e-06,0.00016013041,0.9998388
1098,110518,pituitary,2,4,2.9996033e-06,8.566653e-05,0.9999113
1100,110537,pituitary,2,4,1.940908e-06,8.915639e-05,0.9999089
1102,110537,pituitary,2,4,1.2995538e-05,1.119113e-05,0.9999758
1106,110537,pituitary,2,4,5.2638643e-05,0.0003161872,0.99963117
1107,110993,pituitary,2,4,4.884638e-07,1.751651e-05,0.999982
1111,110993,pituitary,2,4,3.69099e-06,2.820932e-06,0.99999344
1117,111075,pituitary,2,4,7.734824e-05,0.00025946085,0.99966323
1119,111125,pituitary,2,4,1.9618901e-06,0.00014937762,0.9998486
1120,111125,pituitary,2,4,1.2227498e-06,4.809089e-05,0.99995065
1121,111125,pituitary,2,4,1.3910713e-05,1.9896288e-05,0.99996614
1126,111785,pituitary,2,4,7.52698e-05,9.4437855e-05,0.99983025
1142,112746,pituitary,2,4,2.6374579e-05,0.00013776682,0.99983585
1143,112746,pituitary,2,4,2.8343691e-05,5.0348626e-05,0.9999213
1145,112847,pituitary,2,4,6.8653303e-06,7.3947e-05,0.9999192
1152,113741,pituitary,2,4,2.9848462e-07,7.260124e-06,0.9999925
1165,114094,pituitary,2,4,4.1167357e-05,0.00015987683,0.99979895
1183,107429,pituitary,2,4,0.00047947332,0.0023836596,0.99713683
1184,107429,pituitary,2,4,1.0832778e-05,0.00062252337,0.9993667
1187,107429,pituitary,2,4,2.5165766e-05,0.0050110165,0.9949639
1188,107429,pituitary,2,4,0.0039991406,0.0020608972,0.99394
1190,107505,pituitary,2,4,0.00036297267,7.642321e-05,0.99956053
1196,107743,pituitary,2,4,2.3220173e-05,5.6780023e-05,0.99992
1214,109769,pituitary,2,4,2.588897e-05,0.0001365317,0.9998375
1221,109898,pituitary,2,4,0.02402234,0.0001087691,0.9758689
1226,110537,pituitary,2,4,0.00046422178,0.007872338,0.99166346
1227,110537,pituitary,2,4,0.0011452978,0.0032648474,0.99558985
1231,110993,pituitary,2,4,2.3466866e-05,0.00021255013,0.999764
1250,112074,pituitary,2,4,0.19252975,0.31042564,0.49704462
1251,112649,pituitary,2,4,0.00038402845,0.0007999254,0.99881613
1252,112649,pituitary,2,4,0.0015391989,0.0012922821,0.9971685
1259,112746,pituitary,2,4,2.8173461e-05,2.7254286e-05,0.99994457
1271,113741,pituitary,2,4,0.00034295203,0.00016135033,0.9994956
1272,113741,pituitary,2,4,4.053641e-05,6.450151e-05,0.999895
1273,114040,pituitary,2,4,0.0023394919,0.0002856095,0.9973749
1274,114040,pituitary,2,4,0.0009533598,7.463688e-05,0.99897206
1279,114094,pituitary,2,4,0.00010056022,1.4216213e-06,0.99989796
1287,101145,pituitary,2,4,1.4241364e-05,0.0005987022,0.999387
1289,101305,pituitary,2,4,5.089595e-06,3.9457056e-05,0.9999554
1291,101305,pituitary,2,4,2.0447518e-05,2.1167692e-05,0.9999584
1300,102648,pituitary,2,4,0.22096147,0.00043259637,0.77860594
1304,103257,pituitary,2,4,1.0259862e-06,9.0881214e-05,0.9999081
1305,103257,pituitary,2,4,3.0234583e-05,0.00022007174,0.9997497
1313,103478,pituitary,2,4,8.1042395e-05,0.0035384803,0.9963805
1317,103582,pituitary,2,4,7.368929e-05,0.000394882,0.9995314
1323,103670,pituitary,2,4,2.1039466e-06,4.7826226e-05,0.99995005
1324,103670,pituitary,2,4,4.830516e-06,3.5669134e-05,0.99995947
1325,103670,pituitary,2,4,4.1847383e-05,5.2778058e-05,0.99990535
1332,103731,pituitary,2,4,7.451499e-07,2.0314637e-05,0.9999789
1349,104019,pituitary,2,4,1.8855616e-06,1.0145577e-06,0.99999714
1351,104019,pituitary,2,4,1.0013729e-05,4.0527093e-06,0.99998593
1352,104558,pituitary,2,4,0.0029834216,0.003129118,0.9938875
1353,104558,pituitary,2,4,0.0031077752,0.0026497447,0.9942425
1359,104558,pituitary,2,4,6.3355337e-06,0.0010250271,0.9989686
1372,104912,pituitary,2,4,1.7443183e-07,1.3603992e-05,0.9999862
1380,105538,pituitary,2,4,0.4327367,0.067649715,0.49961358
1383,105638,pituitary,2,4,3.8350354e-06,0.00014619272,0.9998499
1386,97416,pituitary,2,4,6.256331e-08,6.6829384e-06,0.9999932
1393,97416,pituitary,2,4,0.00034709577,0.00029239827,0.9993605
1399,97461,pituitary,2,4,4.8646352e-06,2.0121668e-05,0.99997497
1402,97461,pituitary,2,4,0.00016794438,2.1230797e-05,0.9998109
1424,98871,pituitary,2,4,4.2916654e-06,0.00018493834,0.99981076
1439,98992,pituitary,2,4,0.07370762,0.005816408,0.920476
1442,98995,pituitary,2,4,1.1333398e-06,0.0001798708,0.999819
1445,98995,pituitary,2,4,6.686126e-05,0.006536096,0.993397
1447,99223,pituitary,2,4,0.0011967021,0.003834709,0.9949686
1449,99223,pituitary,2,4,4.6907466e-05,0.00034873185,0.9996044
1457,101017,pituitary,2,4,1.2314475e-05,4.2071642e-05,0.99994564
1459,101017,pituitary,2,4,4.2110796e-06,0.00017220034,0.99982363
1463,101029,pituitary,2,4,1.8672588e-06,1.8149782e-05,0.99998
1465,101029,pituitary,2,4,7.292292e-05,5.6533045e-05,0.99987054
1472,101305,pituitary,2,4,6.8891836e-06,3.5864297e-05,0.9999572
1473,101305,pituitary,2,4,2.648698e-06,1.0986152e-05,0.9999864
1477,101305,pituitary,2,4,0.0006491183,0.00017396266,0.9991769
1494,103257,pituitary,2,4,2.4026454e-07,1.3697449e-05,0.99998605
1498,103478,pituitary,2,4,0.00027354376,0.0013536984,0.99837273
1503,103478,pituitary,2,4,7.4567506e-05,0.0016459066,0.9982796
1510,103582,pituitary,2,4,1.950653e-05,0.0008902734,0.9990902
1511,103670,pituitary,2,4,4.0369213e-07,6.2528247e-06,0.9999933
1512,103670,pituitary,2,4,2.7233403e-07,0.000103417384,0.9998963
1522,103731,pituitary,2,4,1.3887083e-06,8.704814e-05,0.99991155
1524,103731,pituitary,2,4,5.130866e-06,0.00022963774,0.9997652
1528,103837,pituitary,2,4,1.037568e-05,0.00023217958,0.99975747
1533,104019,pituitary,2,4,1.0206382e-05,0.00013462272,0.99985516
1540,104558,pituitary,2,4,9.537941e-05,0.0003607843,0.99954385
1543,104558,pituitary,2,4,1.1176042e-05,0.010096811,0.989892
1544,104558,pituitary,2,4,0.00022500212,0.00030412606,0.9994709
1558,105187,pituitary,2,4,4.3648188e-07,4.4286294e-06,0.9999951
1563,105475,pituitary,2,4,1.1506304e-06,1.709909e-05,0.99998176
1572,105638,pituitary,2,4,0.00013519787,0.0006537701,0.99921095
1575,97416,pituitary,2,4,1.8167266e-05,0.00021199165,0.99976987
1576,97416,pituitary,2,4,8.555717e-06,7.536096e-05,0.9999161
1583,97461,pituitary,2,4,1.3543271e-07,2.0464138e-06,0.99999785
1586,97461,pituitary,2,4,3.712461e-06,8.68624e-06,0.9999876
1592,97481,pituitary,2,4,5.1146228e-05,0.00028311287,0.99966574
1600,98472,pituitary,2,4,0.0005029889,0.0062995073,0.99319756
1601,98472,pituitary,2,4,1.04313385e-05,0.0010718482,0.9989177
1603,98472,pituitary,2,4,1.4302366e-06,0.0026838852,0.99731463
1608,98652,pituitary,2,4,9.905847e-06,0.0012954756,0.9986946
1615,98871,pituitary,2,4,0.00014961255,3.4462275e-05,0.999816
1616,98874,pituitary,2,4,0.00078563095,0.0082488675,0.9909655
1622,98992,pituitary,2,4,0.00011066852,0.011154583,0.9887348
1623,98992,pituitary,2,4,1.3825794e-05,0.0005917901,0.9993944
1625,98992,pituitary,2,4,4.6295013e-06,0.0017728541,0.99822253
1627,98992,pituitary,2,4,1.6064152e-05,0.00036815266,0.9996158
1630,98995,pituitary,2,4,1.3193828e-07,0.00014157905,0.99985826
1637,99223,pituitary,2,4,1.2714394e-06,0.0014727436,0.99852604
1639,99223,pituitary,2,4,5.681548e-05,0.00091480365,0.99902844
1640,101017,pituitary,2,4,2.4507924e-06,4.6280534e-06,0.99999297
1645,101029,pituitary,2,4,1.6218002e-06,1.1455882e-05,0.9999869
1646,101029,pituitary,2,4,1.5095624e-06,1.613368e-05,0.99998236
1654,101145,pituitary,2,4,0.0015342154,0.010593311,0.9878725
1661,101724,pituitary,2,4,0.00016391138,0.0054802503,0.99435586
1666,102648,pituitary,2,4,0.017941382,0.0048531494,0.97720546
1671,102648,pituitary,2,4,0.018620845,0.00819671,0.97318244
1673,103046,pituitary,2,4,2.7098085e-06,1.4988257e-05,0.99998236
1691,103478,pituitary,2,4,1.3688422e-05,1.3800914e-05,0.99997246
1694,103582,pituitary,2,4,3.011513e-05,4.949615e-05,0.99992037
1695,103582,pituitary,2,4,0.0003630578,0.0004333121,0.9992036
1700,103670,pituitary,2,4,7.6098586e-06,8.667569e-05,0.9999057
1702,103670,pituitary,2,4,4.719687e-05,0.00065193797,0.99930084
1708,103671,pituitary,2,4,0.00013406051,0.00016069673,0.99970526
1710,103731,pituitary,2,4,0.0013846252,0.00015329685,0.9984621
1716,103837,pituitary,2,4,2.3103232e-05,0.003235941,0.996741
1723,104019,pituitary,2,4,8.689233e-05,0.0007923884,0.9991208
1726,104558,pituitary,2,4,0.0042238273,0.0015495218,0.9942266
1728,104558,pituitary,2,4,0.00019167233,0.00010322616,0.999705
1730,104558,pituitary,2,4,0.00040373646,0.00019347265,0.99940276
1735,104684,pituitary,2,4,2.957774e-05,2.6260577e-06,0.9999678
1739,104684,pituitary,2,4,1.6030508e-05,8.1986145e-06,0.9999758
1741,104912,pituitary,2,4,2.967543e-05,9.6900785e-06,0.99996066
1744,104912,pituitary,2,4,5.871212e-05,5.171084e-05,0.9998896
1749,105187,pituitary,2,4,0.00013334339,0.00017765179,0.999689
1751,105187,pituitary,2,4,0.00017826147,6.464218e-05,0.9997571
1757,105475,pituitary,2,4,0.00023078817,0.0010122694,0.998757
1759,105538,pituitary,2,4,0.46563748,0.49785975,0.03650282
1760,105538,pituitary,2,4,0.14869198,0.7600815,0.091226436
1762,105638,pituitary,2,4,6.4079427e-06,4.766522e-06,0.9999888
1763,105638,pituitary,2,4,2.1996457e-05,8.296869e-06,0.9999697
1765,105638,pituitary,2,4,5.440799e-05,1.1771176e-05,0.99993384
1772,97416,pituitary,2,4,0.014681766,0.018467857,0.9668504
1776,97461,pituitary,2,4,0.000104690895,9.087847e-05,0.99980444
1779,97461,pituitary,2,4,5.618779e-05,0.0013982534,0.9985455
1780,97461,pituitary,2,4,0.00033456436,0.0024905312,0.99717486
1787,97599,pituitary,2,4,2.3998478e-05,0.00037295325,0.9996031
1798,98472,pituitary,2,4,0.0001495439,0.0029888768,0.9968616
1800,98472,pituitary,2,4,1.0418674e-05,0.0010498822,0.9989397
1803,98652,pituitary,2,4,0.00037873656,0.0014724905,0.9981488
1808,98871,pituitary,2,4,3.952704e-05,8.216041e-05,0.9998783
1820,98992,pituitary,2,4,0.0021372563,0.024570985,0.97329175
1821,98992,pituitary,2,4,0.006814544,0.0903267,0.9028588
1823,98992,pituitary,2,4,0.00027476496,0.0012089233,0.99851626
1827,98992,pituitary,2,4,0.00020127413,0.0009285854,0.9988701
1836,99223,pituitary,2,4,1.8443066e-06,2.565532e-05,0.99997246
1837,99223,pituitary,2,4,0.00012480855,1.6401667e-05,0.99985874
1838,99223,pituitary,2,4,1.0413179e-05,5.580728e-05,0.9999337
1842,MR048294,glioma,0,4,0.96805185,2.3898934e-05,0.031924244
1849,MR048297,glioma,0,4,0.99991584,4.529669e-05,3.880151e-05
1852,MR048297,glioma,0,4,0.99998116,1.6824111e-05,2.0043374e-06
1854,MR048621B,glioma,0,4,0.9510198,0.00186434,0.047115836
1856,MR048621B,glioma,0,4,0.9402225,0.00029619475,0.059481207
1861,MR048621B,glioma,0,4,0.9896032,0.008958909,0.0014378764
1867,MR048944,glioma,0,4,0.48149008,0.5086507,0.009859221
1869,MR048944,glioma,0,4,0.07131741,0.9276019,0.001080658
1885,MR048994B,glioma,0,4,0.99996066,1.7640382e-06,3.7545826e-05
1886,MR048994B,glioma,0,4,0.99998546,8.830016e-07,1.3692215e-05
1887,MR048994B,glioma,0,4,0.99998665,2.39649e-06,1.1008788e-05
1893,MR048944B,glioma,0,4,0.99963653,2.3862713e-05,0.00033963902
1901,MR049358,glioma,0,4,0.9895159,0.00049462623,0.009989554
1904,MR049358,glioma,0,4,0.99978215,6.3304997e-06,0.00021157859
1917,MR049453,glioma,0,4,0.99988663,4.9108232e-05,6.422114e-05
1920,MR049453,glioma,0,4,0.9999821,1.570236e-05,2.1057222e-06
1933,MR024780G,glioma,0,4,0.9969278,3.214427e-05,0.0030401389
1934,MR024780G,glioma,0,4,0.99858534,4.6662626e-05,0.0013680357
1936,MR024780G,glioma,0,4,0.9999285,1.6038097e-05,5.5424254e-05
1938,MR049453B,glioma,0,4,0.9997578,1.24188955e-05,0.0002297837
1943,MR049453B,glioma,0,4,0.9999856,1.0088164e-05,4.2527818e-06
1945,MR048294B,glioma,0,4,0.99892384,5.1528234e-05,0.0010245787
1950,MR050135B,glioma,0,4,0.97825146,0.0011349868,0.02061347
1962,MR050135B,glioma,0,4,0.999938,2.903028e-05,3.2841668e-05
1964,MR050687,glioma,0,4,0.94903094,0.04428695,0.00668214
1965,MR050687,glioma,0,4,0.917931,0.030848844,0.051220167
1966,MR050687,glioma,0,4,0.9366232,0.052385483,0.0109912995
1969,MR050687,glioma,0,4,0.9717243,0.02562727,0.002648368
1979,MR050791B,glioma,0,4,0.9988423,0.00067478034,0.00048296407
1985,MR049019C,glioma,0,4,0.9999604,2.6113203e-05,1.3410732e-05
1990,MR026175C,glioma,0,4,0.9989926,5.80317e-05,0.0009494321
1997,MR026175C,glioma,0,4,0.9999882,4.4470476e-06,7.4402824e-06
2004,MR051461,glioma,0,4,0.9995901,0.00040698488,2.9727598e-06
2008,MR051586,glioma,0,4,0.99888664,0.0010796239,3.3719705e-05
2010,MR051586,glioma,0,4,0.99992967,6.6191475e-05,4.1390867e-06
2013,MR051461B,glioma,0,4,0.9977969,0.0021906127,1.2511696e-05
2017,MR051644,glioma,0,4,0.89344305,0.084634304,0.021922698
2020,MR051644,glioma,0,4,0.75876683,0.2316708,0.009562402
2025,MR051644,glioma,0,4,0.96711236,0.005540843,0.027346687
2045,MR051651B,glioma,0,4,0.99729,0.0023741708,0.0003358296
2046,MR051651B,glioma,0,4,0.99445045,0.005210475,0.00033909862
2048,MR051651B,glioma,0,4,0.9898643,0.010090897,4.489163e-05
2066,MR051644C,glioma,0,4,0.99930143,0.00011076162,0.0005877969
2071,MR051644C,glioma,0,4,0.9998512,3.5391306e-05,0.000113374066
2073,MR051644C,glioma,0,4,0.9997036,0.00014883994,0.00014756522
2080,MR052585B,glioma,0,4,0.99984384,2.8349552e-05,0.00012782392
2081,MR052585B,glioma,0,4,0.9997973,1.8045404e-05,0.00018472574
2094,MR034694,glioma,0,4,0.9999771,1.5098574e-05,7.778056e-06
2107,MR050687C,glioma,0,4,0.9623676,8.563858e-05,0.03754682
2114,MR034997,glioma,0,4,0.9996817,0.0002947489,2.3541299e-05
2124,MR029209E,glioma,0,4,0.9999783,1.7744333e-05,3.91694e-06
2128,MR053110E,glioma,0,4,0.9833304,0.00041683906,0.01625268
2130,MR053110E,glioma,0,4,0.99914384,0.00014628813,0.00070992584
2133,MR053110E,glioma,0,4,0.99671656,3.1457253e-05,0.0032518818
2135,MR049019G,glioma,0,4,0.99992776,3.5714296e-05,3.6459078e-05
2139,MR049019G,glioma,0,4,0.99991894,7.663749e-05,4.415203e-06
2143,MR031409B,glioma,0,4,0.96767443,0.032321703,3.9600245e-06
2148,MR038469,glioma,0,4,0.9996043,0.00016367552,0.00023195677
2150,MR038469,glioma,0,4,0.99953365,1.9918394e-05,0.00044646114
2155,MR032322C,glioma,0,4,0.99970007,0.0002907649,9.193902e-06
2157,MR032322C,glioma,0,4,0.99801755,0.0019625481,1.9830622e-05
2158,MR032322C,glioma,0,4,0.9998,6.692237e-05,0.00013316529
2167,MR037458B,glioma,0,4,0.8958427,0.0015327288,0.1026246
2171,MR037458B,glioma,0,4,0.93647724,0.058126498,0.005396339
2176,MR039473,glioma,0,4,0.9989349,3.133743e-05,0.0010337373
2191,MR037458C,glioma,0,4,0.99996877,1.723692e-05,1.3933852e-05
2203,MR040240,glioma,0,4,0.9994734,0.00022651626,0.00030017743
2204,MR040240,glioma,0,4,0.99957687,0.00018841418,0.00023479945
2206,MR040240B,glioma,0,4,0.9985623,0.00052921503,0.0009085373
2208,MR040240B,glioma,0,4,0.9995442,0.00026845868,0.00018726017
2212,MR040240B,glioma,0,4,0.9998634,9.720377e-05,3.933662e-05
2215,MR040240B,glioma,0,4,0.9999877,4.380652e-06,7.910148e-06
2218,MR029209G,glioma,0,4,0.9999924,6.0107145e-06,1.6937951e-06
2239,MR024780B,glioma,0,4,0.9996555,6.5640954e-05,0.00027886007
2244,MR049104,glioma,0,4,0.9995695,0.00039979268,3.06915e-05
2245,MR049104,glioma,0,4,0.9999137,8.257879e-05,3.6956092e-06
2248,MR049142,glioma,0,4,0.64365417,0.25766134,0.09868452
2249,MR049142,glioma,0,4,0.8929407,0.07808704,0.028972285
2255,MR048944B,glioma,0,4,0.9996309,1.0212203e-05,0.0003587584
2257,MR048944B,glioma,0,4,0.9991178,5.7246933e-05,0.00082496146
2259,MR048944B,glioma,0,4,0.9995003,5.9718754e-05,0.0004400083
2266,MR049358,glioma,0,4,0.9995976,0.00029886301,0.00010357705
2270,MR049453,glioma,0,4,0.9998436,0.00013089359,2.5545574e-05
2272,MR049453,glioma,0,4,0.9998883,2.0599373e-05,9.1096095e-05
2274,MR049453,glioma,0,4,0.99997556,2.0475716e-05,3.9378583e-06
2281,MR024780G,glioma,0,4,0.99912506,3.3837452e-05,0.0008410776
2284,MR024780G,glioma,0,4,0.9999852,4.4338003e-06,1.0427997e-05
2287,MR049453B,glioma,0,4,0.998075,0.0016749834,0.00025002932
2288,MR049453B,glioma,0,4,0.9999503,1.6726972e-06,4.8057766e-05
2289,MR049453B,glioma,0,4,0.99982375,8.4176045e-06,0.00016784662
2300,MR050135B,glioma,0,4,0.9996233,0.0003239255,5.2836735e-05
2304,MR050135B,glioma,0,4,0.9991093,0.0002607691,0.0006299918
2310,MR050135B,glioma,0,4,0.99999857,1.0324809e-06,4.0572516e-07
2319,MR050791B,glioma,0,4,0.9750836,0.024366612,0.00054982916
2331,MR026175C,glioma,0,4,0.9974534,0.00171737,0.00082925183
2344,MR033389B,glioma,0,4,0.9986332,0.001245196,0.0001215919
2354,MR026175E,glioma,0,4,0.99888796,0.00013180768,0.0009802348
2357,MR026175E,glioma,0,4,0.99940205,0.00013620255,0.00046173992
2361,MR026175E,glioma,0,4,0.99998486,1.2465803e-05,2.6574432e-06
2362,MR040240C,glioma,0,4,0.9871898,0.0018213484,0.010988801
2365,MR040240C,glioma,0,4,0.99870324,5.7677542e-05,0.0012391573
2366,MR040240C,glioma,0,4,0.9998091,1.0766019e-05,0.0001802131
2370,MR040240C,glioma,0,4,0.9996939,3.053031e-05,0.0002756791
2371,MR040240C,glioma,0,4,0.9995871,8.24633e-05,0.00033047
2375,MR040240D,glioma,0,4,0.9999982,1.0069351e-06,7.971121e-07
2378,MR040240D,glioma,0,4,0.9999881,4.7111803e-06,7.209044e-06
2390,MR017260F,glioma,0,4,0.9999629,1.9224257e-05,1.7868602e-05
2398,MR029209I,glioma,0,4,0.9999448,3.8604645e-05,1.656849e-05
2399,MR029209I,glioma,0,4,0.999967,2.4024876e-05,8.888026e-06
2410,MR048297,glioma,0,4,0.9997173,4.755602e-05,0.00023513092
2422,MR048621B,glioma,0,4,0.999984,4.946822e-06,1.108444e-05
2431,MR048944,glioma,0,4,0.9990471,0.0008609043,9.199335e-05
2434,MR048944,glioma,0,4,0.999806,8.230009e-05,0.00011173059
2442,MR037458C,glioma,0,4,0.99800795,0.0010388141,0.0009532448
2445,MR040240,glioma,0,4,0.9994892,5.059014e-05,0.00046019838
2460,MR040240B,glioma,0,4,0.9989697,0.0008282965,0.00020205736
2468,MR029209G,glioma,0,4,0.99833065,0.0010338083,0.00063550804
2478,MR033420,glioma,0,4,0.99995804,5.4217107e-06,3.6546968e-05
2479,MR033420,glioma,0,4,0.9980045,0.0019661014,2.9411229e-05
2481,MR033420,glioma,0,4,0.9993075,0.0005878682,0.00010461243
2487,MR033389B,glioma,0,4,0.99976486,0.00022823531,6.8786812e-06
2488,MR033389B,glioma,0,4,0.99981993,0.00017529103,4.824272e-06
2490,MR033389B,glioma,0,4,0.9995704,0.0004246924,4.9125138e-06
2494,MR033389B,glioma,0,4,0.99374866,0.005017319,0.001234012
2500,MR026175E,glioma,0,4,0.9991093,0.00083840004,5.2259267e-05
2501,MR026175E,glioma,0,4,0.9992939,0.00067558204,3.0513005e-05
2505,MR026175E,glioma,0,4,0.99839264,0.001499486,0.000107840846
2515,MR040240C,glioma,0,4,0.94606906,0.053712413,0.00021853011
2516,MR040240C,glioma,0,4,0.9975803,0.00044533503,0.0019742926
2528,MR017260F,glioma,0,4,0.9935288,0.0059585692,0.00051255873
2534,MR029209I,glioma,0,4,0.999894,7.6440985e-05,2.953962e-05
2538,MR029209I,glioma,0,4,0.99789524,0.000116098825,0.0019885935
2550,MR051461B,glioma,0,4,0.9945634,0.0039922697,0.0014443188
2567,MR051651,glioma,0,4,0.99817324,0.001818992,7.723791e-06
2569,MR051651,glioma,0,4,0.9950265,0.004934053,3.938467e-05
2572,MR051651,glioma,0,4,0.9986797,0.0001521704,0.0011681874
2577,MR051796,glioma,0,4,0.9984816,0.00026855353,0.0012498588
2579,MR051651B,glioma,0,4,0.988487,0.011463861,4.90819e-05
2593,MR052550,glioma,0,4,0.99992335,1.0049388e-05,6.658302e-05
2598,MR051644C,glioma,0,4,0.99985325,6.608197e-05,8.06816e-05
2599,MR051644C,glioma,0,4,0.9999161,5.8412807e-05,2.5550858e-05
2601,MR051644C,glioma,0,4,0.9998883,0.00011132199,4.019108e-07
2603,MR051644C,glioma,0,4,0.9999354,2.4641138e-05,3.9954004e-05
2606,MR051644C,glioma,0,4,0.9998258,5.3100543e-05,0.00012108833
2610,MR049942B,glioma,0,4,0.9990393,2.2039922e-05,0.0009387379
2613,MR047953C,glioma,0,4,0.9902531,0.0024753516,0.0072716237
2614,MR047953C,glioma,0,4,0.98715425,0.0039715045,0.008874213
2616,MR047953C,glioma,0,4,0.8135837,0.018653715,0.16776262
2619,MR053110B,glioma,0,4,0.9999845,3.3456266e-07,1.5151523e-05
2625,MR034694,glioma,0,4,0.99990666,6.4071384e-05,2.9217985e-05
2627,MR034694,glioma,0,4,0.9999944,3.787615e-06,1.8064143e-06
2631,MR054683,glioma,0,4,0.99964523,8.061901e-06,0.000346605
2634,MR050687C,glioma,0,4,0.99944884,0.00011892927,0.00043230574
2637,MR050687C,glioma,0,4,0.9992499,0.0001729675,0.00057708484
2638,MR050687C,glioma,0,4,0.99765354,5.364688e-05,0.0022928803
2639,MR050687C,glioma,0,4,0.9957288,0.0002698429,0.0040014014
2644,MR049242C,glioma,0,4,0.99940467,0.00020460425,0.00039076587
2647,MR053241C,glioma,0,4,0.9999523,4.4724427e-05,2.9417793e-06
2649,MR053241C,glioma,0,4,0.99995995,1.1784321e-05,2.8225559e-05
2651,MR034997,glioma,0,4,0.99995613,3.4179648e-05,9.676422e-06
2654,MR034997,glioma,0,4,0.9999244,6.705982e-05,8.488202e-06
2655,MR034997,glioma,0,4,0.9992268,0.0007670483,6.135622e-06
2658,MR029209E,glioma,0,4,0.9995129,0.0004016544,8.5454136e-05
2659,MR029209E,glioma,0,4,0.9996847,0.00029346853,2.1845897e-05
2672,MR053110E,glioma,0,4,0.9970981,0.002759104,0.00014287891
2675,MR049019G,glioma,0,4,0.9997429,5.7892e-06,0.00025127298
2678,MR031409B,glioma,0,4,0.99871874,9.307568e-06,0.0012720396
2679,MR031409B,glioma,0,4,0.99943465,5.2158113e-05,0.00051315455
2681,MR024780D,glioma,0,4,0.99997306,3.8429034e-06,2.3082524e-05
2701,MR032322C,glioma,0,4,0.99884665,0.0010939569,5.9371847e-05
2703,MR037458B,glioma,0,4,0.9220769,0.07710749,0.0008156162
2704,MR037458B,glioma,0,4,0.9623228,0.037083276,0.000594
2707,MR037458B,glioma,0,4,0.83648187,0.16024919,0.0032690095
2711,MR039473,glioma,0,4,0.99914145,7.735558e-05,0.0007812577
2714,MR039473B,glioma,0,4,0.99989474,3.456321e-05,7.062921e-05
2718,MR039473B,glioma,0,4,0.999856,1.4011642e-05,0.00012991684
2721,MR039473B,glioma,0,4,0.99996626,1.2361159e-05,2.1355214e-05
2723,MR037458C,glioma,0,4,0.9999831,4.1081566e-06,1.2856325e-05
2728,MR037458C,glioma,0,4,0.99993587,3.423203e-05,2.9925666e-05
2734,MR029209E,glioma,0,4,0.9999558,3.9664537e-05,4.4929457e-06
2738,MR053110E,glioma,0,4,0.99178725,0.007973659,0.0002390949
2740,MR053110E,glioma,0,4,0.998676,0.0010820017,0.0002419029
2750,MR024780D,glioma,0,4,0.99909055,0.00073699193,0.00017250885
2756,MR038469,glioma,0,4,0.97019213,0.028278934,0.0015289247
2762,MR032322C,glioma,0,4,0.9969708,0.0018639201,0.00116536
2763,MR032322C,glioma,0,4,0.9996253,0.00017676914,0.00019790599
2766,MR032322C,glioma,0,4,0.9988102,0.0009452356,0.00024458612
2768,MR032322C,glioma,0,4,0.9989066,0.0006475248,0.0004457919
2769,MR037458B,glioma,0,4,0.98125124,0.018555392,0.00019335317
2770,MR037458B,glioma,0,4,0.9408429,0.057579566,0.0015775308
2776,MR039473,glioma,0,4,0.99938166,0.00037785675,0.00024041595
2781,MR039473B,glioma,0,4,0.9995733,0.00026405434,0.00016265512
2782,MR039473B,glioma,0,4,0.999577,0.0002543414,0.00016876348
2787,MR040240,glioma,0,4,0.9914619,0.0059443107,0.002593877
2789,MR040240,glioma,0,4,0.9968977,0.0026084168,0.0004939311
2790,MR040240,glioma,0,4,0.9805104,0.01898624,0.0005033355
2796,MR040240B,glioma,0,4,0.99961615,0.00031912696,6.468635e-05
2798,MR040240B,glioma,0,4,0.9993901,0.00055031024,5.960748e-05
2805,MR036496B,glioma,0,4,0.9999032,9.353763e-05,3.2285054e-06
2810,MR033420,glioma,0,4,0.999972,1.8965393e-05,9.002683e-06
2813,MR033420,glioma,0,4,0.9998758,6.11365e-05,6.310914e-05
2816,MR033420,glioma,0,4,0.9999502,4.062007e-05,9.170873e-06
2817,MR024780B,glioma,0,4,0.99952567,0.0002284666,0.00024598613
2819,MR024780B,glioma,0,4,0.9994363,0.000492612,7.1013805e-05
2824,MR048297,glioma,0,4,0.9984937,0.0014934501,1.282483e-05
2834,MR048294B,glioma,0,4,0.9981286,0.00051203574,0.0013593817
2838,MR048621B,glioma,0,4,0.9999429,5.1785002e-05,5.379063e-06
2841,MR048944,glioma,0,4,0.99978405,0.00017473011,4.124435e-05
2847,MR048994,glioma,0,4,0.41955042,0.5802856,0.00016394413
2849,MR048994,glioma,0,4,0.9838388,0.016113188,4.798941e-05
2852,MR048994,glioma,0,4,0.8785984,0.12132252,7.904312e-05
2878,MR049453,glioma,0,4,0.9999857,9.8094015e-06,4.523482e-06
2879,MR049453,glioma,0,4,0.9999535,4.1206677e-05,5.215526e-06
2883,MR049453,glioma,0,4,0.9997818,0.00011449618,0.00010368025
2889,MR024780G,glioma,0,4,0.9935504,0.005039954,0.0014095472
2893,MR050135B,glioma,0,4,0.998798,0.0011618519,4.0174757e-05
2895,MR050135B,glioma,0,4,0.9999479,4.85282e-05,3.6256397e-06
2896,MR050135B,glioma,0,4,0.9999523,3.6299134e-05,1.1378974e-05
2897,MR050135B,glioma,0,4,0.99976593,1.6849244e-05,0.00021729698
2902,MR050687,glioma,0,4,0.99916184,0.0008341771,4.0469295e-06
2903,MR050687,glioma,0,4,0.9976356,0.0023412453,2.3233457e-05
2912,MR050791B,glioma,0,4,0.8361232,0.1629039,0.0009727841
2919,MR051461,glioma,0,4,0.99712485,0.0028669047,8.220586e-06
2922,MR051461,glioma,0,4,0.9590385,0.040883787,7.779531e-05
2925,MR051586,glioma,0,4,0.9844119,0.01554411,4.401378e-05
2938,MR051644,glioma,0,4,0.98774314,0.012231764,2.5088806e-05
2963,MR051644B,glioma,0,4,0.9998029,6.8199447e-06,0.00019031546
2964,MR051644B,glioma,0,4,0.9969099,3.795587e-06,0.0030863425
2968,MR051644B,glioma,0,4,0.9999006,3.2905176e-05,6.650902e-05
2970,MR051796B,glioma,0,4,0.99863225,0.00014971527,0.001217926
2981,MR052550,glioma,0,4,0.9989479,0.00017591822,0.0008762563
2987,MR051644C,glioma,0,4,0.99923706,3.2907432e-05,0.0007300896
2991,MR051644C,glioma,0,4,0.9988514,0.0006939098,0.00045460928
2992,MR051644C,glioma,0,4,0.99893516,0.0009708478,9.39239e-05
2994,MR049942B,glioma,0,4,0.9951564,2.8723855e-06,0.0048407465
2995,MR049942B,glioma,0,4,0.9967623,3.6048848e-06,0.0032341406
3000,MR053110B,glioma,0,4,0.99994755,2.1980599e-05,3.04647e-05
3006,MR034694,glioma,0,4,0.9224489,0.0039628725,0.073588185
3012,MR054875,glioma,0,4,0.9472965,0.0047200415,0.04798349
3017,MR050687C,glioma,0,4,0.99942446,0.0004916717,8.391872e-05
3032,MR033389B,glioma,0,4,0.9989567,0.0009503786,9.288045e-05
3038,MR033389B,glioma,0,4,0.9953537,0.0042035836,0.00044268178
3041,MR024780E,glioma,0,4,0.99964964,0.00031188905,3.8546685e-05
3052,MR017260F,glioma,0,4,0.99988735,0.00011204946,6.2925903e-07
3053,MR017260F,glioma,0,4,0.9999293,6.8672765e-05,2.0256823e-06
3056,MR029209I,glioma,0,4,0.9965444,0.0032452808,0.00021027384
3060,MR029209I,glioma,0,4,0.9999883,1.0260425e-05,1.41403e-06
