idx,pid,label,y,fold,p_glioma,p_meningioma,p_pituitary
32,102929,meningioma,1,0,0.017055003,0.9231615,0.05978342
33,102929,meningioma,1,0,0.2941818,0.4202533,0.28556493
45,104167,meningioma,1,0,0.09836639,0.88658476,0.015048874
46,104167,meningioma,1,0,0.008884252,0.9668177,0.024298139
47,104167,meningioma,1,0,0.010483049,0.9829655,0.0065514343
48,104167,meningioma,1,0,0.0056836684,0.9496394,0.044677064
60,105937,meningioma,1,0,0.00093954057,0.979879,0.019181497
61,105937,meningioma,1,0,0.0013328013,0.99593675,0.0027304727
71,106534,meningioma,1,0,0.045301314,0.9442537,0.010445019
72,106534,meningioma,1,0,0.063050255,0.930239,0.0067107216
80,106720,meningioma,1,0,0.22174269,0.7374516,0.040805683
81,106720,meningioma,1,0,0.12766382,0.83283144,0.03950469
82,106720,meningioma,1,0,0.03623568,0.9609555,0.0028088884
83,106720,meningioma,1,0,0.03443943,0.96116436,0.004396252
84,106720,meningioma,1,0,0.004528523,0.988171,0.0073005394
85,106720,meningioma,1,0,0.02819965,0.9339573,0.037843157
86,106720,meningioma,1,0,0.028614968,0.9651724,0.006212677
91,107190,meningioma,1,0,0.20658861,0.7931646,0.00024678823
92,107190,meningioma,1,0,0.08010504,0.9184848,0.0014101872
99,107494,meningioma,1,0,0.1651959,0.3492515,0.48555255
100,107494,meningioma,1,0,0.0045719375,0.3267097,0.6687184
101,107494,meningioma,1,0,0.0004179171,0.28523955,0.71434253
102,107494,meningioma,1,0,0.0049176537,0.7872374,0.20784496
103,107494,meningioma,1,0,0.15834446,0.64802474,0.19363078
125,111077,meningioma,1,0,0.1886705,0.14903146,0.66229796
126,111077,meningioma,1,0,0.52484214,0.42592704,0.0492308
127,111077,meningioma,1,0,0.31505117,0.65224975,0.03269904
151,112648,meningioma,1,0,0.40289745,0.46747372,0.12962884
152,112648,meningioma,1,0,0.4669271,0.24041535,0.2926575
153,112648,meningioma,1,0,0.077134125,0.21722269,0.7056432
154,113435,meningioma,1,0,0.24933317,0.7491518,0.0015149807
155,113435,meningioma,1,0,0.0033644924,0.9956221,0.0010133083
156,113435,meningioma,1,0,0.056046113,0.94328064,0.00067320355
157,113435,meningioma,1,0,0.07054462,0.92778426,0.0016710878
158,113435,meningioma,1,0,0.001976485,0.9978816,0.00014196843
159,113435,meningioma,1,0,0.016043466,0.9838579,9.857814e-05
163,113805,meningioma,1,0,0.16298495,0.8230379,0.013977187
200,99089,meningioma,1,0,0.029816218,0.9619691,0.00821468
201,99089,meningioma,1,0,0.004343114,0.992652,0.003004961
202,99089,meningioma,1,0,0.17937358,0.81927586,0.0013505997
203,99288,meningioma,1,0,0.20523117,0.77794904,0.01681974
204,99308,meningioma,1,0,0.057451,0.92807716,0.0144718755
205,99308,meningioma,1,0,0.01725103,0.94694316,0.03580578
206,99308,meningioma,1,0,0.0026570165,0.9815098,0.015833138
207,99308,meningioma,1,0,0.015820319,0.97082293,0.013356749
208,99308,meningioma,1,0,0.16877472,0.8298796,0.0013456941
246,102929,meningioma,1,0,0.0033160048,0.19141679,0.8052672
247,102929,meningioma,1,0,0.011521061,0.4148853,0.5735936
248,102929,meningioma,1,0,0.01865205,0.11177245,0.8695755
249,102929,meningioma,1,0,0.0016363823,0.09021245,0.9081512
250,102929,meningioma,1,0,0.035970647,0.3709673,0.59306204
251,102929,meningioma,1,0,0.026128206,0.09261941,0.8812524
269,104167,meningioma,1,0,0.10712863,0.8394447,0.05342662
270,104167,meningioma,1,0,0.05426527,0.88989776,0.055836886
271,104167,meningioma,1,0,0.051462006,0.84026456,0.10827343
272,104167,meningioma,1,0,0.0032115725,0.95268536,0.044103067
273,104167,meningioma,1,0,0.008201408,0.9846257,0.0071728914
274,104167,meningioma,1,0,0.07722043,0.8610133,0.061766285
286,105937,meningioma,1,0,0.0372228,0.74398935,0.21878786
287,105937,meningioma,1,0,0.011290446,0.9368995,0.05181012
288,105937,meningioma,1,0,0.0031156028,0.75202304,0.24486135
289,105937,meningioma,1,0,0.12635224,0.864359,0.009288725
297,106534,meningioma,1,0,0.03584439,0.9402975,0.023858119
298,106534,meningioma,1,0,0.23030423,0.7661323,0.0035634544
304,106720,meningioma,1,0,0.007603387,0.41146788,0.5809287
305,106720,meningioma,1,0,0.0056024417,0.9406393,0.05375835
306,106720,meningioma,1,0,0.018726751,0.33071887,0.65055436
307,106720,meningioma,1,0,0.0041523078,0.7850485,0.21079928
308,106720,meningioma,1,0,0.16891524,0.7891884,0.041896302
309,106720,meningioma,1,0,0.5114265,0.4875272,0.0010463225
310,106720,meningioma,1,0,0.92747676,0.068356074,0.0041671623
315,107190,meningioma,1,0,0.44928312,0.5411697,0.009547176
320,107494,meningioma,1,0,0.016959716,0.97568184,0.0073584965
321,107494,meningioma,1,0,0.01625787,0.98157805,0.002164133
322,107494,meningioma,1,0,0.10358864,0.7960765,0.10033491
323,107494,meningioma,1,0,0.0055399844,0.38075286,0.6137072
324,107494,meningioma,1,0,0.013708474,0.7282099,0.25808161
325,107494,meningioma,1,0,0.02106024,0.86608577,0.11285401
349,111077,meningioma,1,0,0.29936552,0.64555526,0.055079225
350,111077,meningioma,1,0,0.3843278,0.58596927,0.029702982
351,111077,meningioma,1,0,0.18273413,0.78656554,0.0307004
352,111077,meningioma,1,0,0.0431784,0.59421,0.36261153
379,112648,meningioma,1,0,0.40393937,0.5215359,0.07452476
380,112648,meningioma,1,0,0.0900929,0.76606977,0.1438373
381,112648,meningioma,1,0,0.010780722,0.38373747,0.6054818
382,113435,meningioma,1,0,0.97334045,0.025148042,0.0015115737
383,113435,meningioma,1,0,0.025818994,0.9061299,0.068051204
384,113435,meningioma,1,0,0.14818004,0.7743223,0.077497646
385,113435,meningioma,1,0,0.21566078,0.77713215,0.0072070234
386,113435,meningioma,1,0,0.12235738,0.8585802,0.019062392
387,113435,meningioma,1,0,0.07256091,0.77859706,0.14884195
388,113435,meningioma,1,0,0.18843828,0.657932,0.15362969
389,113435,meningioma,1,0,0.039119717,0.8689565,0.091923796
393,113805,meningioma,1,0,0.3794312,0.6148553,0.0057135145
394,113805,meningioma,1,0,0.16037592,0.80296206,0.03666201
432,99089,meningioma,1,0,0.00681192,0.48192772,0.51126033
433,99089,meningioma,1,0,0.035580564,0.796593,0.16782638
434,99089,meningioma,1,0,0.0073280865,0.44507864,0.5475933
435,99089,meningioma,1,0,0.0035882795,0.27313986,0.72327185
436,99089,meningioma,1,0,0.0031266995,0.21917082,0.77770245
437,99288,meningioma,1,0,0.026146473,0.8860566,0.087796934
438,99308,meningioma,1,0,0.15269431,0.84295344,0.004352224
439,99308,meningioma,1,0,0.025434567,0.9717709,0.0027945258
440,99308,meningioma,1,0,0.00081130496,0.9336042,0.06558448
441,99308,meningioma,1,0,0.0017436142,0.9906149,0.007641472
450,100639,meningioma,1,0,0.3364061,0.6622253,0.0013685563
451,100639,meningioma,1,0,0.03246475,0.9182443,0.049290944
505,104167,meningioma,1,0,0.18282862,0.812096,0.005075387
506,104167,meningioma,1,0,0.06183629,0.9211981,0.016965589
507,104167,meningioma,1,0,0.35431322,0.6442022,0.0014846338
508,104167,meningioma,1,0,0.105156474,0.89315623,0.0016872382
509,104167,meningioma,1,0,0.0030260063,0.98171073,0.015263276
520,105937,meningioma,1,0,0.046000946,0.9328866,0.021112433
521,105937,meningioma,1,0,0.00020142623,0.9786026,0.021195902
522,105937,meningioma,1,0,0.016587524,0.9617571,0.02165538
530,106534,meningioma,1,0,0.035135813,0.8971448,0.0677194
531,106534,meningioma,1,0,0.0585034,0.9332586,0.0082379095
540,106720,meningioma,1,0,0.2424575,0.7571263,0.00041630506
541,106720,meningioma,1,0,0.050810963,0.94911087,7.8161116e-05
542,106720,meningioma,1,0,0.20382123,0.79334694,0.0028318844
550,107190,meningioma,1,0,0.04785212,0.7444656,0.20768227
556,107494,meningioma,1,0,0.371219,0.6050067,0.023774285
557,107494,meningioma,1,0,0.037807506,0.9531259,0.0090664895
558,107494,meningioma,1,0,0.0034476889,0.6285721,0.36798024
559,107494,meningioma,1,0,0.0007250506,0.46843877,0.5308362
586,111077,meningioma,1,0,0.06185994,0.9335126,0.0046273395
587,111077,meningioma,1,0,0.05415242,0.94322306,0.0026245178
588,111077,meningioma,1,0,0.05008302,0.9486832,0.0012337612
615,112648,meningioma,1,0,0.15500541,0.8433156,0.0016789351
616,112648,meningioma,1,0,0.08017309,0.9088551,0.010971744
617,112648,meningioma,1,0,0.8215024,0.17717586,0.0013217893
618,112648,meningioma,1,0,0.20284176,0.76386005,0.033298146
625,113435,meningioma,1,0,0.5489212,0.4441698,0.006908983
626,113435,meningioma,1,0,0.37851834,0.6131983,0.008283369
627,113435,meningioma,1,0,0.014476243,0.5507588,0.43476498
628,113435,meningioma,1,0,0.014055195,0.49306417,0.49288064
629,113435,meningioma,1,0,0.073249504,0.7762734,0.15047699
630,113435,meningioma,1,0,0.07560557,0.6617607,0.26263374
635,113614,meningioma,1,0,0.3845527,0.61383086,0.0016164401
636,113614,meningioma,1,0,0.36635172,0.63320565,0.00044255832
637,113614,meningioma,1,0,0.7007165,0.29913965,0.00014387562
638,113614,meningioma,1,0,0.48681763,0.5118074,0.0013750511
639,113805,meningioma,1,0,0.18196763,0.8160286,0.0020038015
688,99089,meningioma,1,0,0.003040708,0.19323455,0.80372477
689,99089,meningioma,1,0,0.00839085,0.45841646,0.5331927
690,99089,meningioma,1,0,0.006589956,0.7817703,0.2116397
691,99089,meningioma,1,0,0.050047506,0.93405867,0.015893843
692,99089,meningioma,1,0,0.08430644,0.9136673,0.0020262813
696,99288,meningioma,1,0,0.031125687,0.7705603,0.19831401
697,99308,meningioma,1,0,0.117340475,0.57476485,0.3078947
698,99308,meningioma,1,0,0.05994083,0.93142664,0.008632536
699,99308,meningioma,1,0,0.12835968,0.8689279,0.0027124542
700,99308,meningioma,1,0,0.099607505,0.8991021,0.0012904209
701,99308,meningioma,1,0,0.10144274,0.8981121,0.0004451904
702,99308,meningioma,1,0,0.057257637,0.9419469,0.0007954695
709,105936,pituitary,2,0,2.345676e-06,0.00068468176,0.999313
710,105936,pituitary,2,0,3.223176e-05,0.0014927835,0.998475
711,105936,pituitary,2,0,1.411971e-05,0.00079299783,0.9991929
729,106494,glioma,0,0,0.6418036,0.07246117,0.28573525
730,106494,glioma,0,0,0.74045634,0.13120104,0.12834251
731,106494,glioma,0,0,0.86152166,0.11809422,0.020384107
732,106494,glioma,0,0,0.9269687,0.07087049,0.002160736
733,106494,glioma,0,0,0.6539529,0.33604017,0.010006938
734,106494,glioma,0,0,0.20484768,0.78551286,0.009639451
735,107747,glioma,0,0,0.3911565,0.5834129,0.025430575
736,107747,glioma,0,0,0.5172099,0.4754453,0.007344822
737,107747,glioma,0,0,0.3448241,0.6509363,0.0042395946
738,107747,glioma,0,0,0.20940468,0.78948194,0.0011133739
739,107747,glioma,0,0,0.080877654,0.9190458,7.6542085e-05
740,112105,glioma,0,0,0.8027179,0.09921204,0.09807005
741,112105,glioma,0,0,0.06411811,0.03324232,0.9026396
742,112105,glioma,0,0,0.14769372,0.03771076,0.8145955
743,112105,glioma,0,0,0.6837711,0.059073336,0.25715557
744,112105,glioma,0,0,0.16520013,0.46965823,0.3651417
745,112105,glioma,0,0,0.6813028,0.28914678,0.029550489
746,112105,glioma,0,0,0.5018692,0.4845251,0.01360569
768,106494,glioma,0,0,0.7351264,0.2542355,0.010638151
769,106494,glioma,0,0,0.09180628,0.9012312,0.006962477
770,106494,glioma,0,0,0.5587422,0.44060463,0.0006531538
771,106494,glioma,0,0,0.34072605,0.65351784,0.0057560895
772,106494,glioma,0,0,0.074225776,0.9203635,0.0054107695
773,107747,glioma,0,0,0.23200361,0.23755899,0.5304374
774,107747,glioma,0,0,0.8799135,0.10145805,0.018628433
775,107747,glioma,0,0,0.7321423,0.090458654,0.17739898
776,107747,glioma,0,0,0.85173994,0.10275439,0.045505736
777,107747,glioma,0,0,0.9724839,0.025841717,0.0016743611
778,107747,glioma,0,0,0.6869617,0.30195177,0.011086592
781,112105,glioma,0,0,0.18412967,0.8125668,0.0033035
782,112105,glioma,0,0,0.8041762,0.19254754,0.0032763265
783,112105,glioma,0,0,0.4325012,0.5659443,0.0015545103
784,112105,glioma,0,0,0.5648379,0.43221718,0.0029450133
785,112105,glioma,0,0,0.5627252,0.43413672,0.0031381124
786,112105,glioma,0,0,0.6763552,0.2859716,0.037673235
787,112105,glioma,0,0,0.8054613,0.166501,0.02803767
788,112105,glioma,0,0,0.30631956,0.6411995,0.0524809
789,112105,glioma,0,0,0.5215834,0.4558897,0.022526965
790,112105,glioma,0,0,0.7225724,0.275226,0.0022015702
791,112105,glioma,0,0,0.5403135,0.45351738,0.0061691287
846,106494,glioma,0,0,0.1808586,0.79771,0.021431388
847,106494,glioma,0,0,0.39117965,0.5237154,0.08510502
848,106494,glioma,0,0,0.6198583,0.374027,0.0061146407
849,106494,glioma,0,0,0.82015544,0.14060415,0.0392404
850,106494,glioma,0,0,0.10524556,0.8518324,0.042921968
851,106494,glioma,0,0,0.26726437,0.5370452,0.19569047
852,106494,glioma,0,0,0.073941864,0.8410618,0.084996365
853,107747,glioma,0,0,0.03820029,0.96000254,0.0017972337
854,107747,glioma,0,0,0.39024976,0.5343239,0.07542639
855,107747,glioma,0,0,0.20035419,0.77640945,0.023236318
856,107747,glioma,0,0,0.34286204,0.49482355,0.16231443
859,112105,glioma,0,0,0.92615926,0.07238701,0.0014536718
860,112105,glioma,0,0,0.96716034,0.03247682,0.00036279493
861,112105,glioma,0,0,0.42886245,0.5282341,0.04290344
862,112105,glioma,0,0,0.40351656,0.5950571,0.0014263585
863,112105,glioma,0,0,0.76645714,0.22191642,0.0116265
864,112105,glioma,0,0,0.65672433,0.3116189,0.03165677
883,93329,glioma,0,0,0.19854376,0.7999079,0.0015482819
884,93329,glioma,0,0,0.05372234,0.9449095,0.0013681182
885,93329,glioma,0,0,0.03194646,0.96216637,0.005887177
886,93329,glioma,0,0,0.0052733235,0.96173084,0.03299582
887,93329,glioma,0,0,0.07952321,0.89574605,0.024730748
895,95142,glioma,0,0,0.09645623,0.7957537,0.10779004
896,95142,glioma,0,0,0.01615735,0.2935473,0.69029534
897,95142,glioma,0,0,0.14940894,0.71177465,0.13881648
898,95142,glioma,0,0,0.3492771,0.51846796,0.13225503
899,95142,glioma,0,0,0.65829575,0.33789676,0.0038075312
900,95142,glioma,0,0,0.53927547,0.4602839,0.00044065283
901,95142,glioma,0,0,0.36011326,0.6393644,0.00052229804
902,95142,glioma,0,0,0.7715923,0.2255426,0.0028650977
903,95142,glioma,0,0,0.6159484,0.37384778,0.010203811
918,105936,pituitary,2,0,0.00013625986,0.00036158663,0.9995022
919,105936,pituitary,2,0,0.0002125383,0.00069670624,0.9990908
920,105936,pituitary,2,0,0.00015472707,0.0020489965,0.9977963
921,105936,pituitary,2,0,0.00012108913,0.00048704405,0.9993919
926,107495,pituitary,2,0,5.629382e-06,0.0005966864,0.99939764
927,107495,pituitary,2,0,1.4675433e-05,0.00081509963,0.9991703
928,107495,pituitary,2,0,5.9046055e-05,0.0013873483,0.9985536
929,107495,pituitary,2,0,6.219335e-05,0.0046775537,0.9952603
930,107495,pituitary,2,0,1.9180632e-05,0.0006319543,0.9993488
931,107495,pituitary,2,0,4.0349976e-05,0.000888025,0.9990716
932,107495,pituitary,2,0,2.3901533e-05,0.0013396451,0.9986364
976,110993,pituitary,2,0,0.0010610438,0.028675469,0.9702635
977,110993,pituitary,2,0,9.9763354e-05,0.003987139,0.9959131
978,110993,pituitary,2,0,6.975157e-06,0.0006795129,0.9993135
979,110993,pituitary,2,0,3.022687e-05,0.0015201446,0.99844956
990,111785,pituitary,2,0,0.0014776624,0.0021387283,0.99638355
991,111785,pituitary,2,0,0.0010913411,0.008974376,0.98993427
992,111785,pituitary,2,0,0.003201467,0.00799997,0.98879856
993,111785,pituitary,2,0,0.00034745908,0.004548891,0.9951036
1034,105936,pituitary,2,0,7.514156e-05,0.00036072382,0.9995641
1042,107495,pituitary,2,0,0.00032357345,0.0013185069,0.99835795
1043,107495,pituitary,2,0,0.00076041865,0.0009631248,0.9982765
1044,107495,pituitary,2,0,9.526629e-05,0.00091866404,0.99898607
1045,107495,pituitary,2,0,0.00012442877,0.0019188399,0.99795675
1046,107495,pituitary,2,0,0.00033667206,0.0032692396,0.9963941
1107,110993,pituitary,2,0,7.951647e-06,0.00016498106,0.9998271
1108,110993,pituitary,2,0,2.5947393e-05,0.00010641018,0.9998677
1109,110993,pituitary,2,0,3.117313e-06,8.3559666e-05,0.99991333
1110,110993,pituitary,2,0,7.593561e-06,0.00020975705,0.9997826
1111,110993,pituitary,2,0,3.214046e-05,6.404127e-05,0.9999038
1124,111785,pituitary,2,0,0.00199128,0.0023128092,0.99569595
1125,111785,pituitary,2,0,0.00047602033,0.0025613997,0.9969626
1126,111785,pituitary,2,0,0.0014577351,0.0090137,0.9895286
1127,111785,pituitary,2,0,0.0020994742,0.0074299774,0.9904705
1128,111785,pituitary,2,0,0.00034161823,0.0023331346,0.9973252
1166,105936,pituitary,2,0,4.6821324e-06,5.53301e-05,0.99994004
1167,105936,pituitary,2,0,1.1571314e-05,4.7504996e-05,0.9999409
1168,105936,pituitary,2,0,8.053682e-06,8.886793e-05,0.9999031
1176,107495,pituitary,2,0,6.814056e-05,0.00045914392,0.9994727
1177,107495,pituitary,2,0,7.9036174e-05,0.0007280789,0.9991929
1178,107495,pituitary,2,0,2.9514893e-05,0.00084279134,0.9991277
1179,107495,pituitary,2,0,0.00020794998,0.00049719587,0.9992949
1180,107495,pituitary,2,0,1.7429857e-05,0.00041437856,0.99956816
1181,107495,pituitary,2,0,5.8568156e-05,0.0010518964,0.9988895
1230,110993,pituitary,2,0,0.00039276548,0.01247773,0.9871295
1231,110993,pituitary,2,0,3.4453606e-05,0.00204986,0.9979157
1232,110993,pituitary,2,0,6.5692955e-05,0.0014085599,0.9985258
1242,111785,pituitary,2,0,0.0015517828,0.0018245749,0.99662364
1243,111785,pituitary,2,0,0.0025734685,0.004160218,0.99326634
1244,111785,pituitary,2,0,0.00075021305,0.002058271,0.9971915
1245,111785,pituitary,2,0,0.00020926526,0.00049554417,0.9992951
1301,103046,pituitary,2,0,8.524233e-07,0.0009448303,0.9990544
1302,103046,pituitary,2,0,1.2230212e-06,0.00072437845,0.99927443
1303,103046,pituitary,2,0,1.5647781e-06,0.0014719414,0.99852645
1326,103671,pituitary,2,0,0.06138751,0.14167759,0.7969349
1327,103671,pituitary,2,0,0.0058413898,0.05885176,0.93530685
1328,103671,pituitary,2,0,0.10978646,0.06703297,0.8231806
1329,103671,pituitary,2,0,0.13270663,0.18249041,0.68480295
1360,104684,pituitary,2,0,1.4126898e-05,0.00063025433,0.9993556
1361,104684,pituitary,2,0,1.5032272e-05,0.00023544367,0.9997495
1362,104684,pituitary,2,0,5.027682e-06,0.00012991083,0.99986506
1363,104684,pituitary,2,0,4.7783196e-06,0.0005927198,0.9994025
1364,104684,pituitary,2,0,2.632442e-05,0.0014167008,0.99855703
1365,104684,pituitary,2,0,9.7611526e-05,0.0064183683,0.9934841
1366,104684,pituitary,2,0,7.3702555e-05,0.0059019933,0.99402434
1367,104684,pituitary,2,0,0.00065556134,0.010554118,0.9887903
1368,104684,pituitary,2,0,9.9794095e-05,0.003090986,0.9968092
1369,104912,pituitary,2,0,1.5952306e-05,0.0021514297,0.9978326
1370,104912,pituitary,2,0,2.8046466e-05,0.0015274232,0.9984445
1371,104912,pituitary,2,0,2.6654952e-05,0.0013296392,0.9986437
1372,104912,pituitary,2,0,2.5978912e-05,0.00078985456,0.9991842
1373,104912,pituitary,2,0,3.072712e-05,0.00027569325,0.99969363
1383,105638,pituitary,2,0,0.00019337767,0.01718751,0.98261917
1384,105638,pituitary,2,0,0.00011895857,0.03783983,0.96204126
1385,105638,pituitary,2,0,0.00033745513,0.022869732,0.9767928
1414,98472,pituitary,2,0,3.3232693e-05,0.0029710552,0.9969957
1415,98472,pituitary,2,0,6.1804603e-06,0.0009928263,0.99900097
1416,98472,pituitary,2,0,0.00019799729,0.0041311425,0.9956709
1417,98472,pituitary,2,0,0.00018679336,0.0055324123,0.9942808
1418,98472,pituitary,2,0,0.001079986,0.019093348,0.9798267
1419,98472,pituitary,2,0,0.0022698636,0.0420144,0.9557158
1420,98472,pituitary,2,0,0.0011759383,0.015049441,0.98377466
1430,98874,pituitary,2,0,3.045201e-05,0.0038432062,0.99612635
1431,98874,pituitary,2,0,0.00010254398,0.0147041725,0.9851933
1432,98874,pituitary,2,0,0.00010485179,0.0057116477,0.9941835
1433,98874,pituitary,2,0,0.00023067754,0.007096108,0.9926732
1434,98874,pituitary,2,0,0.0015614073,0.0028159404,0.9956227
1442,98995,pituitary,2,0,3.7813184e-05,0.014551719,0.98541045
1443,98995,pituitary,2,0,5.5888984e-05,0.007575125,0.99236894
1444,98995,pituitary,2,0,0.00047303335,0.03874203,0.960785
1445,98995,pituitary,2,0,0.0007138645,0.04511324,0.95417285
1446,98995,pituitary,2,0,0.00029966145,0.008442837,0.99125755
1447,99223,pituitary,2,0,0.01148018,0.0599785,0.92854136
1448,99223,pituitary,2,0,0.0599967,0.062175516,0.87782776
1449,99223,pituitary,2,0,0.006283978,0.030730763,0.9629853
1450,99223,pituitary,2,0,0.005224074,0.022171617,0.9726043
1451,99223,pituitary,2,0,0.0026695128,0.024263242,0.9730672
1452,99223,pituitary,2,0,0.0012659841,0.016093409,0.98264056
1453,99223,pituitary,2,0,9.8705146e-05,0.0029428413,0.9969585
1454,99223,pituitary,2,0,0.00026131404,0.00177301,0.9979657
1455,99223,pituitary,2,0,0.00042194797,0.00041139105,0.9991667
1489,103046,pituitary,2,0,2.5384225e-06,0.0007308444,0.99926656
1490,103046,pituitary,2,0,3.0558642e-06,0.00017427174,0.9998227
1491,103046,pituitary,2,0,5.1277788e-05,0.0019122845,0.99803644
1492,103046,pituitary,2,0,1.3136257e-05,0.001976286,0.9980106
1515,103671,pituitary,2,0,8.7249195e-05,0.0007130593,0.9991997
1516,103671,pituitary,2,0,0.00013155179,0.0009563303,0.9989121
1517,103671,pituitary,2,0,7.071677e-05,0.00068655994,0.9992428
1518,103671,pituitary,2,0,8.500313e-05,0.0004953309,0.9994197
1519,103671,pituitary,2,0,0.00010599155,0.00066434365,0.99922967
1520,103671,pituitary,2,0,7.870636e-05,0.00048802196,0.9994332
1545,104684,pituitary,2,0,0.002831024,0.064850286,0.9323187
1546,104684,pituitary,2,0,0.00030934726,0.0020491611,0.99764156
1547,104684,pituitary,2,0,0.00018293655,0.00090773,0.99890935
1548,104684,pituitary,2,0,7.6722485e-05,0.00064930203,0.99927396
1549,104684,pituitary,2,0,0.00033467234,0.001417722,0.9982476
1550,104684,pituitary,2,0,0.00029767965,0.0028874548,0.9968149
1551,104684,pituitary,2,0,0.0012019761,0.0023674206,0.9964306
1552,104912,pituitary,2,0,0.0004626199,0.0026702592,0.9968671
1553,104912,pituitary,2,0,0.0027734975,0.0043908954,0.9928356
1554,104912,pituitary,2,0,0.00040356192,0.007156892,0.9924395
1555,104912,pituitary,2,0,0.0017017819,0.0070821014,0.99121606
1556,104912,pituitary,2,0,0.00092761684,0.009766274,0.98930603
1568,105638,pituitary,2,0,0.00056879444,0.0008744351,0.9985568
1569,105638,pituitary,2,0,0.00029330121,0.001366356,0.99834037
1570,105638,pituitary,2,0,0.0012848423,0.008777963,0.9899372
1571,105638,pituitary,2,0,0.004610255,0.0132810995,0.9821086
1572,105638,pituitary,2,0,0.0016186163,0.015129112,0.9832523
1600,98472,pituitary,2,0,0.0033890645,0.046791155,0.9498198
1601,98472,pituitary,2,0,0.00013227663,0.012630377,0.98723733
1602,98472,pituitary,2,0,3.7397105e-05,0.003966686,0.9959959
1603,98472,pituitary,2,0,1.7827655e-05,0.0135426875,0.98643947
1604,98472,pituitary,2,0,0.00025979342,0.01394447,0.98579574
1616,98874,pituitary,2,0,0.0065796096,0.09402399,0.89939636
1617,98874,pituitary,2,0,0.00071099144,0.0481481,0.9511409
1618,98874,pituitary,2,0,0.00024738655,0.033495422,0.96625715
1619,98874,pituitary,2,0,0.00060510804,0.05330497,0.94608986
1620,98874,pituitary,2,0,0.0002520182,0.02302718,0.97672087
1628,98995,pituitary,2,0,0.00010179401,0.0062864735,0.99361175
1629,98995,pituitary,2,0,2.8451017e-05,0.0045914287,0.99538016
1630,98995,pituitary,2,0,6.629821e-06,0.0040094974,0.99598384
1631,98995,pituitary,2,0,0.00018986018,0.111621864,0.8881883
1632,98995,pituitary,2,0,3.7060952e-05,0.012710689,0.98725224
1633,98995,pituitary,2,0,0.00033618166,0.006213386,0.9934504
1634,99223,pituitary,2,0,8.606559e-05,0.0010136156,0.9989003
1635,99223,pituitary,2,0,5.8510333e-05,0.0007040155,0.99923754
1636,99223,pituitary,2,0,1.1176239e-05,0.001649288,0.99833953
1637,99223,pituitary,2,0,2.0041436e-05,0.0049871886,0.9949928
1638,99223,pituitary,2,0,0.00012058164,0.0028653152,0.99701405
1639,99223,pituitary,2,0,0.00012347449,0.001684547,0.998192
1673,103046,pituitary,2,0,4.0660707e-06,0.00021265278,0.99978334
1674,103046,pituitary,2,0,1.1940583e-05,0.00041347847,0.9995746
1675,103046,pituitary,2,0,0.00018040338,0.0019133157,0.9979063
1676,103046,pituitary,2,0,3.136271e-05,0.00013044314,0.9998381
1704,103671,pituitary,2,0,1.0680338e-05,0.0014461561,0.99854314
1705,103671,pituitary,2,0,1.1561973e-06,0.00053006056,0.99946874
1706,103671,pituitary,2,0,2.075085e-05,0.0012407796,0.99873847
1707,103671,pituitary,2,0,0.00014512081,0.0017146334,0.9981402
1708,103671,pituitary,2,0,9.644688e-05,0.000880755,0.99902284
1734,104684,pituitary,2,0,2.4919373e-05,0.00013925484,0.99983585
1735,104684,pituitary,2,0,1.6258224e-05,2.5693857e-05,0.99995804
1736,104684,pituitary,2,0,6.558205e-05,0.000111518726,0.9998229
1737,104684,pituitary,2,0,3.11349e-05,0.00022457461,0.99974424
1738,104684,pituitary,2,0,2.1014072e-05,0.00015178345,0.9998272
1739,104684,pituitary,2,0,4.2207557e-05,0.00023540742,0.9997224
1740,104684,pituitary,2,0,0.00019723704,0.00024830492,0.99955446
1741,104912,pituitary,2,0,0.000111332214,0.00040343683,0.99948525
1742,104912,pituitary,2,0,0.0004165962,0.002514758,0.9970687
1743,104912,pituitary,2,0,0.002971367,0.0011181427,0.9959105
1744,104912,pituitary,2,0,0.00013602468,0.0016632798,0.99820065
1745,104912,pituitary,2,0,0.00011223602,0.00047288387,0.9994149
1746,104912,pituitary,2,0,0.00024820984,0.0010183776,0.99873346
1747,104912,pituitary,2,0,0.0008177574,0.00064695417,0.9985353
1761,105638,pituitary,2,0,0.00024085245,0.00035843934,0.99940073
1762,105638,pituitary,2,0,5.668244e-05,0.00053294096,0.9994104
1763,105638,pituitary,2,0,2.066188e-05,0.00030171097,0.99967766
1764,105638,pituitary,2,0,0.00042538712,0.0004818105,0.9990928
1765,105638,pituitary,2,0,9.634684e-05,0.0004578387,0.99944586
1795,98472,pituitary,2,0,2.0097383e-05,0.0062909294,0.99368894
1796,98472,pituitary,2,0,1.5759969e-06,0.0027737056,0.9972247
1797,98472,pituitary,2,0,0.0008122214,0.015015891,0.9841719
1798,98472,pituitary,2,0,7.891844e-05,0.014118453,0.98580265
1799,98472,pituitary,2,0,8.3244995e-06,0.0032018267,0.9967899
1800,98472,pituitary,2,0,1.993575e-05,0.0083258785,0.99165416
1813,98874,pituitary,2,0,0.0005799644,0.019803623,0.9796164
1814,98874,pituitary,2,0,0.00053223973,0.0067894165,0.9926783
1815,98874,pituitary,2,0,1.647759e-05,0.0034827166,0.99650085
1816,98874,pituitary,2,0,0.00077532674,0.005788525,0.9934362
1817,98874,pituitary,2,0,0.0009824451,0.015929071,0.98308855
1818,98874,pituitary,2,0,0.036304157,0.122903295,0.84079254
1830,98995,pituitary,2,0,1.3047829e-05,0.00033563198,0.9996513
1831,98995,pituitary,2,0,4.3106115e-06,0.0003079202,0.9996878
1832,98995,pituitary,2,0,1.8520559e-05,0.0008106956,0.9991708
1833,98995,pituitary,2,0,2.3825e-05,0.00063669105,0.9993395
1834,98995,pituitary,2,0,4.3188105e-05,0.0014259438,0.99853086
1835,99223,pituitary,2,0,1.3202057e-06,0.00016416771,0.99983454
1836,99223,pituitary,2,0,2.9469295e-06,0.00022954104,0.9997675
1837,99223,pituitary,2,0,2.4594414e-05,0.0004901533,0.99948525
1838,99223,pituitary,2,0,1.2909544e-05,0.0006517556,0.99933535
1839,99223,pituitary,2,0,9.160519e-06,0.00097441825,0.9990164
1840,99223,pituitary,2,0,1.835942e-06,0.00047051354,0.9995277
1862,MR048944,glioma,0,0,0.69342107,0.1641603,0.14241862
1863,MR048944,glioma,0,0,0.60779566,0.32316515,0.06903917
1864,MR048944,glioma,0,0,0.35789144,0.5837865,0.058322083
1865,MR048944,glioma,0,0,0.7520573,0.2429783,0.004964432
1866,MR048944,glioma,0,0,0.04423748,0.95308596,0.0026765834
1867,MR048944,glioma,0,0,0.020188833,0.9690174,0.010793789
1868,MR048944,glioma,0,0,0.048374474,0.92774,0.02388561
1869,MR048944,glioma,0,0,0.05648268,0.94154567,0.0019716802
1914,MR049453,glioma,0,0,0.99868816,0.00013042189,0.0011814722
1915,MR049453,glioma,0,0,0.99818027,0.00026976658,0.001549994
1916,MR049453,glioma,0,0,0.99955815,0.0001954999,0.00024632984
1917,MR049453,glioma,0,0,0.9994973,0.00039270558,0.00010994291
1918,MR049453,glioma,0,0,0.99967957,0.00028596522,3.43887e-05
1919,MR049453,glioma,0,0,0.99972457,0.00024854997,2.6782234e-05
1920,MR049453,glioma,0,0,0.99977726,0.00020872286,1.404642e-05
1937,MR049453B,glioma,0,0,0.99187464,0.0005031851,0.0076221735
1938,MR049453B,glioma,0,0,0.9988594,0.0002645501,0.0008760775
1939,MR049453B,glioma,0,0,0.9991431,0.00013078393,0.0007260638
1940,MR049453B,glioma,0,0,0.99971575,8.700321e-05,0.00019722372
1941,MR049453B,glioma,0,0,0.99972373,8.5483734e-05,0.00019082834
1942,MR049453B,glioma,0,0,0.9998406,3.4501732e-05,0.0001249274
1943,MR049453B,glioma,0,0,0.9995407,0.0002904816,0.00016887086
1944,MR049453B,glioma,0,0,0.99948764,0.00044543954,6.6830034e-05
1984,MR049019C,glioma,0,0,0.9981766,0.0002446698,0.0015787873
1985,MR049019C,glioma,0,0,0.9991715,0.0006539376,0.00017466038
1986,MR049019C,glioma,0,0,0.989262,0.010378643,0.00035950195
2032,MR051651,glioma,0,0,0.92769563,0.06633845,0.00596594
2033,MR051651,glioma,0,0,0.7975804,0.19485258,0.007566925
2034,MR051651,glioma,0,0,0.558614,0.43723834,0.004147705
2035,MR051651,glioma,0,0,0.3356467,0.66050005,0.003853254
2036,MR051651,glioma,0,0,0.37975067,0.6181616,0.0020877414
2037,MR051651,glioma,0,0,0.079173736,0.9191289,0.0016974291
2045,MR051651B,glioma,0,0,0.9525676,0.044815317,0.0026171212
2046,MR051651B,glioma,0,0,0.9509511,0.047215413,0.0018335436
2047,MR051651B,glioma,0,0,0.54656255,0.45211104,0.0013264305
2048,MR051651B,glioma,0,0,0.7911927,0.20835589,0.00045140486
2049,MR051651B,glioma,0,0,0.72610676,0.27336228,0.0005309714
2050,MR051651B,glioma,0,0,0.71090525,0.28880236,0.00029241716
2051,MR051644B,glioma,0,0,0.9992055,0.00028651708,0.00050803175
2052,MR051644B,glioma,0,0,0.9997693,0.00013079128,9.999636e-05
2053,MR051644B,glioma,0,0,0.9997042,0.00022909352,6.6699075e-05
2054,MR051644B,glioma,0,0,0.99948967,0.00046564636,4.470906e-05
2055,MR051644B,glioma,0,0,0.999754,0.00022564507,2.037576e-05
2056,MR051644B,glioma,0,0,0.9994604,0.000497259,4.2309963e-05
2057,MR051644B,glioma,0,0,0.9973833,0.002561537,5.5197732e-05
2077,MR049942B,glioma,0,0,0.9904896,0.0011751876,0.008335153
2078,MR049942B,glioma,0,0,0.9966949,0.0012518598,0.00205323
2079,MR049942B,glioma,0,0,0.995372,0.0013679304,0.003260095
2109,MR056144,glioma,0,0,0.9978258,0.0012406833,0.0009335331
2110,MR056144,glioma,0,0,0.98801595,0.0077726995,0.004211373
2111,MR056144,glioma,0,0,0.97143966,0.022694487,0.005865801
2112,MR034997,glioma,0,0,0.9970932,0.0023040955,0.0006027486
2113,MR034997,glioma,0,0,0.996424,0.00083175016,0.0027442325
2114,MR034997,glioma,0,0,0.99832505,0.0013870604,0.0002878766
2115,MR034997,glioma,0,0,0.99831665,0.001540986,0.0001423703
2116,MR034997,glioma,0,0,0.9967366,0.0031352134,0.0001281985
2117,MR034997,glioma,0,0,0.99872017,0.0012571672,2.2787739e-05
2118,MR034997,glioma,0,0,0.9992488,0.0007411494,1.0021552e-05
2119,MR029209E,glioma,0,0,0.99683553,0.00023915528,0.0029252917
2120,MR029209E,glioma,0,0,0.99784505,0.00023247344,0.0019224896
2121,MR029209E,glioma,0,0,0.9993661,0.00027350642,0.0003603739
2122,MR029209E,glioma,0,0,0.999696,0.0001432785,0.00016077618
2123,MR029209E,glioma,0,0,0.99976724,0.00018144857,5.139072e-05
2124,MR029209E,glioma,0,0,0.9992675,0.00067026087,6.2174164e-05
2125,MR029209E,glioma,0,0,0.99887425,0.00072752615,0.00039816127
2126,MR029209E,glioma,0,0,0.9995937,0.00031787503,8.836344e-05
2127,MR029209E,glioma,0,0,0.9985281,0.0012570304,0.000214833
2216,MR029209G,glioma,0,0,0.99629897,0.00030052726,0.0034005216
2217,MR029209G,glioma,0,0,0.9990356,0.00021902208,0.00074544956
2218,MR029209G,glioma,0,0,0.9998306,0.00015370634,1.558758e-05
2219,MR029209G,glioma,0,0,0.9996648,0.0002084577,0.0001267372
2220,MR029209G,glioma,0,0,0.999137,0.0005717258,0.00029135623
2221,MR029209G,glioma,0,0,0.99959105,0.00024721245,0.00016164358
2222,MR029209G,glioma,0,0,0.99872917,0.0009275455,0.00034328643
2223,MR029209G,glioma,0,0,0.99808717,0.0018011029,0.000111684865
2270,MR049453,glioma,0,0,0.99328184,0.0063878084,0.00033038075
2271,MR049453,glioma,0,0,0.9982487,0.001519136,0.00023217988
2272,MR049453,glioma,0,0,0.9957053,0.0029924533,0.0013022589
2273,MR049453,glioma,0,0,0.9958817,0.0027990816,0.0013193531
2274,MR049453,glioma,0,0,0.999433,0.00050498766,6.199467e-05
2275,MR049453,glioma,0,0,0.987668,0.011565159,0.0007668092
2276,MR049453,glioma,0,0,0.9968053,0.0030846472,0.00011008938
2277,MR049453,glioma,0,0,0.9870631,0.012696448,0.00024056017
2278,MR049453,glioma,0,0,0.99465466,0.005202381,0.00014305566
2286,MR049453B,glioma,0,0,0.82330203,0.1765841,0.000113824215
2287,MR049453B,glioma,0,0,0.72342193,0.272394,0.0041840943
2288,MR049453B,glioma,0,0,0.9975369,0.0007266921,0.0017363778
2289,MR049453B,glioma,0,0,0.9921095,0.0009981618,0.00689231
2290,MR049453B,glioma,0,0,0.9774444,0.0009465308,0.021609085
2291,MR049453B,glioma,0,0,0.96638805,0.013342164,0.020269776
2292,MR049453B,glioma,0,0,0.94201493,0.04788625,0.010098888
2293,MR049453B,glioma,0,0,0.7390391,0.21971342,0.04124739
2294,MR049453B,glioma,0,0,0.82346624,0.10474441,0.07178933
2295,MR049453B,glioma,0,0,0.9526636,0.015942294,0.03139409
2296,MR049453B,glioma,0,0,0.98201597,0.007027179,0.010956888
2297,MR049453B,glioma,0,0,0.9905844,0.005597901,0.003817768
2298,MR049453B,glioma,0,0,0.99338865,0.0011761817,0.0054352
2299,MR049453B,glioma,0,0,0.99036926,0.00064236444,0.008988359
2321,MR049019C,glioma,0,0,0.82759833,0.0027175513,0.1696841
2322,MR049019C,glioma,0,0,0.9358562,0.0026739668,0.06146987
2323,MR049019C,glioma,0,0,0.68945897,0.002337988,0.30820304
2324,MR049019C,glioma,0,0,0.42590773,0.0048905164,0.56920177
2325,MR049019C,glioma,0,0,0.77108663,0.008256374,0.22065696
2426,MR048944,glioma,0,0,0.9940333,0.0057514594,0.0002152824
2427,MR048944,glioma,0,0,0.98242915,0.015068064,0.0025027548
2428,MR048944,glioma,0,0,0.98601323,0.013839455,0.00014731032
2429,MR048944,glioma,0,0,0.9972276,0.0027144488,5.7894205e-05
2430,MR048944,glioma,0,0,0.99375445,0.006062088,0.00018353885
2431,MR048944,glioma,0,0,0.9894972,0.009676454,0.0008263479
2432,MR048944,glioma,0,0,0.957174,0.040407024,0.0024190187
2433,MR048944,glioma,0,0,0.9890843,0.009631955,0.0012838062
2434,MR048944,glioma,0,0,0.9931243,0.0036820457,0.0031936548
2463,MR029209G,glioma,0,0,0.9922767,0.0065151774,0.0012080767
2464,MR029209G,glioma,0,0,0.9963722,0.003394084,0.0002337482
2465,MR029209G,glioma,0,0,0.99097264,0.007672086,0.0013553478
2466,MR029209G,glioma,0,0,0.99246675,0.006897726,0.0006354583
2467,MR029209G,glioma,0,0,0.96791226,0.029868605,0.002219133
2468,MR029209G,glioma,0,0,0.90418285,0.06396967,0.031847525
2469,MR029209G,glioma,0,0,0.67289275,0.3185022,0.008605083
2566,MR051651,glioma,0,0,0.99512273,0.004864128,1.3143933e-05
2567,MR051651,glioma,0,0,0.9838091,0.01616238,2.8552708e-05
2568,MR051651,glioma,0,0,0.9680931,0.031819377,8.742622e-05
2569,MR051651,glioma,0,0,0.98328257,0.016642617,7.479791e-05
2570,MR051651,glioma,0,0,0.97936374,0.020487512,0.00014870541
2571,MR051651,glioma,0,0,0.97445416,0.015456357,0.010089501
2572,MR051651,glioma,0,0,0.97343045,0.010220788,0.016348848
2579,MR051651B,glioma,0,0,0.9206515,0.07930065,4.7863443e-05
2580,MR051651B,glioma,0,0,0.8445809,0.15530257,0.00011650347
2581,MR051651B,glioma,0,0,0.5437866,0.45582885,0.0003845897
2582,MR051651B,glioma,0,0,0.6469532,0.3523474,0.00069936976
2583,MR051651B,glioma,0,0,0.71725065,0.16086563,0.12188366
2584,MR051651B,glioma,0,0,0.8035765,0.1204543,0.07596917
2585,MR051651B,glioma,0,0,0.7281796,0.16473946,0.107081
2608,MR049942B,glioma,0,0,0.9948774,0.0005373646,0.0045853104
2609,MR049942B,glioma,0,0,0.9973942,0.0007691907,0.0018366181
2610,MR049942B,glioma,0,0,0.99394035,0.00056461623,0.0054950095
2611,MR049942B,glioma,0,0,0.99382555,0.0011228161,0.0050516413
2650,MR034997,glioma,0,0,0.99900657,0.00043624616,0.0005572281
2651,MR034997,glioma,0,0,0.9957153,0.0040915473,0.00019311262
2652,MR034997,glioma,0,0,0.9918494,0.0077304845,0.00042009298
2653,MR034997,glioma,0,0,0.9946795,0.0049381754,0.00038227756
2654,MR034997,glioma,0,0,0.9969453,0.0030107277,4.4019078e-05
2655,MR034997,glioma,0,0,0.9943983,0.0055739107,2.7716125e-05
2656,MR034997,glioma,0,0,0.99860376,0.0013320455,6.4113425e-05
2657,MR029209E,glioma,0,0,0.99797183,0.0018737382,0.00015440476
2658,MR029209E,glioma,0,0,0.9890843,0.010109621,0.0008060042
2659,MR029209E,glioma,0,0,0.99319625,0.005769474,0.0010343485
2660,MR029209E,glioma,0,0,0.9978777,0.0019305816,0.00019179094
2661,MR029209E,glioma,0,0,0.9911486,0.004960535,0.0038908327
2662,MR029209E,glioma,0,0,0.8776615,0.02466504,0.09767342
2663,MR029209E,glioma,0,0,0.82000834,0.17180574,0.008185944
2731,MR029209E,glioma,0,0,0.9930489,0.0069348663,1.6189446e-05
2732,MR029209E,glioma,0,0,0.9879275,0.011250548,0.00082185963
2733,MR029209E,glioma,0,0,0.9749487,0.024068141,0.000983114
2734,MR029209E,glioma,0,0,0.99937016,0.00061466993,1.5301272e-05
2735,MR029209E,glioma,0,0,0.99619377,0.0037878307,1.8452174e-05
2736,MR029209E,glioma,0,0,0.99479216,0.0051708603,3.6952144e-05
2737,MR029209E,glioma,0,0,0.99861205,0.0012932882,9.4628944e-05
2800,MR029209G,glioma,0,0,0.96603876,0.029702075,0.0042592236
2801,MR029209G,glioma,0,0,0.99695504,0.003007087,3.7873066e-05
2802,MR029209G,glioma,0,0,0.9966286,0.0033215787,4.9727056e-05
2803,MR029209G,glioma,0,0,0.99911255,0.00080978917,7.7613666e-05
2804,MR029209G,glioma,0,0,0.99175584,0.0019121361,0.0063320734
2840,MR048944,glioma,0,0,0.99213177,0.0078062057,6.195317e-05
2841,MR048944,glioma,0,0,0.99716115,0.002648445,0.0001904503
2842,MR048944,glioma,0,0,0.9962998,0.002975223,0.00072500703
2843,MR048944,glioma,0,0,0.98685837,0.013010155,0.0001314847
2844,MR048944,glioma,0,0,0.9974136,0.0018758798,0.0007104978
2845,MR048944,glioma,0,0,0.96657217,0.02563474,0.0077931043
2876,MR049453,glioma,0,0,0.99445033,0.002118367,0.0034313162
2877,MR049453,glioma,0,0,0.9981292,0.0010439779,0.0008267926
2878,MR049453,glioma,0,0,0.9996125,0.00031831118,6.92299e-05
2879,MR049453,glioma,0,0,0.9996493,0.00030600204,4.4687044e-05
2880,MR049453,glioma,0,0,0.9995919,0.0003186685,8.954722e-05
2881,MR049453,glioma,0,0,0.9996056,0.00029103234,0.00010344175
2882,MR049453,glioma,0,0,0.9987771,0.0011267393,9.6175376e-05
2883,MR049453,glioma,0,0,0.9952041,0.004103733,0.0006920726
2884,MR049453,glioma,0,0,0.99542075,0.0045117512,6.750516e-05
2914,MR049019C,glioma,0,0,0.9638773,0.024394779,0.011727947
2915,MR049019C,glioma,0,0,0.9924819,0.004644366,0.0028736782
2916,MR049019C,glioma,0,0,0.96723795,0.024465216,0.008296809
2917,MR049019C,glioma,0,0,0.6765765,0.019565482,0.30385804
2944,MR051651,glioma,0,0,0.9510009,0.038102124,0.01089698
2945,MR051651,glioma,0,0,0.9907273,0.008972264,0.00030051367
2946,MR051651,glioma,0,0,0.9908313,0.009156341,1.2283904e-05
2947,MR051651,glioma,0,0,0.9337695,0.066138454,9.210451e-05
2955,MR051651B,glioma,0,0,0.7110132,0.23285037,0.056136362
2956,MR051651B,glioma,0,0,0.61597687,0.32683796,0.057185225
2957,MR051651B,glioma,0,0,0.9601721,0.036584023,0.0032437826
2958,MR051651B,glioma,0,0,0.96513814,0.030367993,0.004493859
2959,MR051651B,glioma,0,0,0.9779016,0.021858424,0.00023998963
2960,MR051651B,glioma,0,0,0.968422,0.03151998,5.804807e-05
2961,MR051644B,glioma,0,0,0.99565566,0.00038685402,0.003957526
2962,MR051644B,glioma,0,0,0.9616765,0.0011316166,0.03719183
2963,MR051644B,glioma,0,0,0.9542487,0.0006839782,0.045067266
2964,MR051644B,glioma,0,0,0.89684504,0.00078633975,0.1023686
2965,MR051644B,glioma,0,0,0.8969939,0.0017509749,0.10125516
2966,MR051644B,glioma,0,0,0.9483624,0.0020057017,0.04963193
2967,MR051644B,glioma,0,0,0.9863631,0.0012462502,0.012390616
2968,MR051644B,glioma,0,0,0.99829,0.0010169494,0.0006931337
2969,MR051644B,glioma,0,0,0.9697016,0.0126964655,0.017602013
2993,MR049942B,glioma,0,0,0.95142835,0.0011666908,0.047404837
2994,MR049942B,glioma,0,0,0.92600155,0.00070591905,0.07329253
2995,MR049942B,glioma,0,0,0.9461405,0.00043928908,0.053420093
3020,MR056144,glioma,0,0,0.3837068,0.050482966,0.5658102
3021,MR056144,glioma,0,0,0.50355285,0.014645343,0.48180184
3022,MR034997,glioma,0,0,0.98675793,0.013221361,2.0689447e-05
3023,MR034997,glioma,0,0,0.9975056,0.0024566685,3.7696027e-05
3024,MR034997,glioma,0,0,0.9964169,0.0034942995,8.872065e-05
3025,MR034997,glioma,0,0,0.99843436,0.0015608491,4.7084745e-06
3026,MR034997,glioma,0,0,0.99078465,0.009169418,4.593089e-05
3027,MR034997,glioma,0,0,0.99584925,0.0038830568,0.00026771508
3028,MR034997,glioma,0,0,0.9960641,0.0013593478,0.0025765353
3029,MR029209E,glioma,0,0,0.84804434,0.15183045,0.00012513432
3063,95969,meningioma,1,0,0.45103064,0.5422173,0.0067520463
6,100572,meningioma,1,1,0.008426114,0.010104855,0.98146904
7,100572,meningioma,1,1,1.2470371e-05,0.0015472325,0.9984403
8,100572,meningioma,1,1,0.00024751245,0.03802709,0.96172535
9,101016,meningioma,1,1,0.6952143,0.30340773,0.0013779709
10,101016,meningioma,1,1,0.03148392,0.96743876,0.001077377
11,101016,meningioma,1,1,0.010533228,0.9793155,0.010151301
12,101016,meningioma,1,1,0.00020839936,0.9996824,0.00010920226
13,101016,meningioma,1,1,0.00013601121,0.9998604,3.6122772e-06
14,101016,meningioma,1,1,4.727567e-05,0.99994826,4.3525374e-06
15,101016,meningioma,1,1,0.0041556954,0.99584204,2.253861e-06
26,102446,meningioma,1,1,0.90113705,0.0801045,0.018758431
34,102935,meningioma,1,1,0.17165646,0.82439053,0.0039530476
35,102985,meningioma,1,1,0.8344418,0.16172113,0.0038370865
36,103673,meningioma,1,1,2.0122941e-07,2.9260313e-05,0.99997056
37,103673,meningioma,1,1,7.908743e-08,3.1481366e-05,0.9999684
38,103673,meningioma,1,1,4.403264e-07,0.00012610578,0.9998734
39,103673,meningioma,1,1,1.0324771e-06,3.3617234e-05,0.9999653
40,103673,meningioma,1,1,0.00051944616,0.0002350798,0.9992455
41,103673,meningioma,1,1,0.0012913349,0.00025204988,0.9984566
59,58392,pituitary,2,1,9.691564e-07,2.1824528e-05,0.99997723
93,107248,meningioma,1,1,0.6716409,0.02058919,0.30776995
94,107248,meningioma,1,1,0.3433921,0.08091904,0.57568884
95,107248,meningioma,1,1,7.547373e-07,0.01523145,0.98476785
96,107248,meningioma,1,1,3.9590832e-05,0.033200014,0.9667604
97,107248,meningioma,1,1,0.047009137,0.021777788,0.93121314
98,107248,meningioma,1,1,0.016241245,0.013776644,0.9699821
113,108590,meningioma,1,1,0.0026524067,0.9966671,0.00068061316
114,108590,meningioma,1,1,0.004684314,0.9952449,7.0723196e-05
124,110116,meningioma,1,1,2.1211688e-06,0.0024743073,0.9975236
160,113554,meningioma,1,1,0.33978325,0.65970284,0.0005139611
161,113554,meningioma,1,1,0.08127614,0.90741414,0.011309726
162,113554,meningioma,1,1,0.34275824,0.6560372,0.0012045818
180,97737,meningioma,1,1,9.358003e-06,0.9999813,9.305746e-06
181,97737,meningioma,1,1,0.00033915087,0.99963486,2.5984185e-05
182,97737,meningioma,1,1,6.992151e-05,0.99989784,3.2222146e-05
183,97737,meningioma,1,1,0.0012494766,0.9987251,2.5334943e-05
192,98241,meningioma,1,1,0.034522403,0.96298826,0.002489364
193,98241,meningioma,1,1,0.014661724,0.9822139,0.0031242343
194,98241,meningioma,1,1,0.0009884633,0.99765635,0.0013551707
195,98241,meningioma,1,1,3.6225258e-06,0.9999317,6.4724845e-05
196,98241,meningioma,1,1,0.00030955835,0.99954635,0.00014403476
197,98241,meningioma,1,1,0.0014111924,0.9985876,1.2496446e-06
218,100572,meningioma,1,1,2.9626053e-05,0.9901994,0.009770974
219,100572,meningioma,1,1,0.0006026009,0.9753044,0.02409297
220,100572,meningioma,1,1,0.019014353,0.8365558,0.14442998
221,101016,meningioma,1,1,0.0052106585,0.99472153,6.777099e-05
222,101016,meningioma,1,1,6.4088413e-06,0.9999926,9.627698e-07
223,101016,meningioma,1,1,6.64284e-06,0.9999927,6.529653e-07
224,101016,meningioma,1,1,4.015729e-06,0.99999547,4.1914222e-07
225,101016,meningioma,1,1,3.8894923e-06,0.9999958,2.9208772e-07
226,101016,meningioma,1,1,0.008513271,0.99148434,2.3234188e-06
239,102446,meningioma,1,1,0.00034242056,0.9995103,0.00014726736
252,102935,meningioma,1,1,0.14053087,0.8591916,0.00027755284
253,102985,meningioma,1,1,0.013322926,0.9853792,0.0012978475
254,103673,meningioma,1,1,1.5674792e-05,0.0006633037,0.999321
255,103673,meningioma,1,1,8.022473e-06,1.7645812e-05,0.99997437
256,103673,meningioma,1,1,1.4442765e-08,5.9006593e-06,0.99999404
257,103673,meningioma,1,1,1.9372001e-08,0.00035046882,0.9996495
258,103673,meningioma,1,1,4.1769994e-08,4.44328e-05,0.99995553
259,103673,meningioma,1,1,1.2464803e-07,6.571689e-05,0.9999342
260,103673,meningioma,1,1,1.1682064e-05,0.00023687468,0.9997514
316,107248,meningioma,1,1,0.3926063,0.36399156,0.24340223
317,107248,meningioma,1,1,0.42397013,0.121494524,0.45453534
318,107248,meningioma,1,1,0.88031435,0.11701583,0.0026698066
319,107248,meningioma,1,1,0.9429934,0.052401975,0.0046047256
334,108590,meningioma,1,1,0.0007853679,0.9975497,0.0016650032
335,108590,meningioma,1,1,0.0039039925,0.99589217,0.00020386143
345,110116,meningioma,1,1,6.072174e-05,0.0019183804,0.9980209
346,110116,meningioma,1,1,3.1861793e-05,0.014190147,0.985778
347,110116,meningioma,1,1,4.954427e-05,0.0050448673,0.9949056
348,110116,meningioma,1,1,0.00031030815,0.02668422,0.9730055
390,113554,meningioma,1,1,0.084167495,0.9157943,3.825065e-05
391,113554,meningioma,1,1,0.00091092254,0.99904925,3.9741095e-05
392,113554,meningioma,1,1,0.35124835,0.6487213,3.0357638e-05
408,97737,meningioma,1,1,0.0047033047,0.9952715,2.5170786e-05
409,97737,meningioma,1,1,1.6105056e-05,0.99992335,6.0590133e-05
410,97737,meningioma,1,1,3.3524193e-05,0.9952443,0.0047220527
411,97737,meningioma,1,1,5.8887566e-05,0.9975102,0.002430906
412,97737,meningioma,1,1,0.0010676449,0.99845755,0.00047476412
413,97737,meningioma,1,1,0.01518857,0.9845653,0.0002461588
423,98241,meningioma,1,1,0.0014302608,0.99534804,0.0032216643
424,98241,meningioma,1,1,0.0019899218,0.9976133,0.00039676085
425,98241,meningioma,1,1,0.0019587213,0.9980038,3.752696e-05
426,98241,meningioma,1,1,0.0004160183,0.9995815,2.5245324e-06
427,98241,meningioma,1,1,0.00048089272,0.99934167,0.00017744076
428,98241,meningioma,1,1,0.00017839087,0.9991679,0.00065363594
429,98241,meningioma,1,1,0.026559344,0.95994633,0.013494399
448,100572,meningioma,1,1,0.00033987314,0.0013473047,0.99831283
449,100572,meningioma,1,1,0.013313728,0.027735243,0.958951
455,101016,meningioma,1,1,1.3899982e-05,0.9994978,0.000488314
456,101016,meningioma,1,1,2.841421e-06,0.9987282,0.0012689378
457,101016,meningioma,1,1,8.1560177e-07,0.9999895,9.641732e-06
458,101016,meningioma,1,1,5.0801063e-06,0.9999852,9.642545e-06
459,101082,meningioma,1,1,0.8846762,0.11476608,0.0005576404
460,101082,meningioma,1,1,0.028393509,0.9688569,0.002749627
476,102446,meningioma,1,1,0.00043755505,0.99955016,1.2317812e-05
477,102446,meningioma,1,1,0.00077548897,0.9045365,0.09468806
489,102935,meningioma,1,1,0.13911313,0.84651923,0.014367555
495,102985,meningioma,1,1,0.5324178,0.19996828,0.26761392
496,103673,meningioma,1,1,9.6397805e-08,1.0470582e-05,0.9999894
497,103673,meningioma,1,1,1.7392022e-08,2.4816922e-05,0.9999752
498,103673,meningioma,1,1,3.1568274e-05,4.5040553e-05,0.99992335
499,103673,meningioma,1,1,1.8976232e-05,7.761372e-05,0.99990344
500,103673,meningioma,1,1,7.376771e-06,2.280107e-05,0.99996984
551,107248,meningioma,1,1,0.008093993,0.2661039,0.7258021
552,107248,meningioma,1,1,0.00078450213,0.0134033365,0.9858122
553,107248,meningioma,1,1,0.020547574,0.030035568,0.9494169
554,107248,meningioma,1,1,0.08854581,0.8475783,0.063875824
555,107248,meningioma,1,1,0.0061949757,0.87484646,0.11895853
560,107946,meningioma,1,1,0.44534215,0.5546486,9.2434375e-06
561,107946,meningioma,1,1,0.4765781,0.5234181,3.8096416e-06
562,107946,meningioma,1,1,0.9363791,0.06361947,1.4082891e-06
563,107946,meningioma,1,1,0.9885345,0.011463292,2.2478487e-06
571,108590,meningioma,1,1,0.0055933157,0.88489705,0.10950969
572,108590,meningioma,1,1,0.019302078,0.9648757,0.015822262
631,113554,meningioma,1,1,0.009146768,0.99062693,0.00022628902
632,113554,meningioma,1,1,3.306424e-05,0.9954797,0.0044871457
633,113554,meningioma,1,1,0.0027721908,0.993471,0.0037567918
634,113554,meningioma,1,1,0.004060203,0.99193317,0.0040067513
668,97737,meningioma,1,1,0.0016818574,0.99826103,5.7103447e-05
669,97737,meningioma,1,1,0.00046209342,0.9992853,0.0002526151
670,97737,meningioma,1,1,0.04460232,0.9535341,0.0018635432
671,97737,meningioma,1,1,0.00027268182,0.99536717,0.004360126
672,97737,meningioma,1,1,0.0020006094,0.995366,0.0026334936
680,98241,meningioma,1,1,5.0333252e-05,0.99987817,7.1484435e-05
681,98241,meningioma,1,1,1.4973637e-05,0.99949574,0.0004892114
682,98241,meningioma,1,1,0.00019845479,0.9997795,2.2020164e-05
683,98241,meningioma,1,1,0.00046978213,0.9994254,0.00010480532
684,98241,meningioma,1,1,0.0092006,0.99013317,0.00066627824
685,98241,meningioma,1,1,0.021392291,0.3617615,0.61684614
703,99815,meningioma,1,1,0.039781287,0.96014136,7.74209e-05
704,99815,meningioma,1,1,0.00015846033,0.9998392,2.3554585e-06
705,99815,meningioma,1,1,2.7738643e-06,0.9999827,1.4548904e-05
706,99815,meningioma,1,1,0.00059239473,0.99926025,0.00014732066
707,99815,meningioma,1,1,5.972819e-05,0.9999348,5.490224e-06
708,99815,meningioma,1,1,0.0026385025,0.9973572,4.2682273e-06
725,103148,glioma,0,1,0.8810581,0.107450366,0.011491464
726,103148,glioma,0,1,0.85257816,0.1451391,0.0022827764
727,103148,glioma,0,1,0.9814198,0.01817307,0.00040717918
728,103148,glioma,0,1,0.99971026,0.00022369083,6.60787e-05
764,103148,glioma,0,1,0.900024,0.09657643,0.003399521
765,103148,glioma,0,1,0.96448064,0.034752663,0.00076668506
766,103148,glioma,0,1,0.9444446,0.05553205,2.3345006e-05
767,103148,glioma,0,1,0.3185407,0.6812117,0.0002475664
779,112027,glioma,0,1,0.028704427,0.9712849,1.067034e-05
780,112027,glioma,0,1,0.44897524,0.5509569,6.782614e-05
792,88670,glioma,0,1,0.35614243,0.6430973,0.00076029415
793,88670,glioma,0,1,0.18516281,0.8128514,0.0019857814
794,88670,glioma,0,1,0.12919196,0.8698559,0.00095215754
795,88670,glioma,0,1,0.94867784,0.051274356,4.7847538e-05
796,88670,glioma,0,1,0.8522191,0.14773507,4.5864155e-05
797,88670,glioma,0,1,0.5765764,0.42297852,0.00044505004
798,88670,glioma,0,1,0.71528816,0.2842615,0.00045033242
807,92897,glioma,0,1,0.54326975,0.45430988,0.0024203854
808,92897,glioma,0,1,0.9472686,0.051733837,0.0009975681
834,101384,glioma,0,1,0.86750937,0.13168079,0.000809869
835,101384,glioma,0,1,0.9955432,0.0044482695,8.5289075e-06
836,101384,glioma,0,1,0.8073401,0.19258076,7.923304e-05
840,103148,glioma,0,1,0.13278347,0.86717296,4.3610926e-05
841,103148,glioma,0,1,0.29426146,0.70556086,0.0001776478
842,103148,glioma,0,1,0.11933603,0.88051295,0.00015108782
843,103148,glioma,0,1,0.6145049,0.37529743,0.010197691
865,88670,glioma,0,1,0.8151613,0.18483332,5.420714e-06
866,88670,glioma,0,1,0.8522042,0.14777595,1.985424e-05
867,88670,glioma,0,1,0.81265795,0.1873022,3.97982e-05
868,88670,glioma,0,1,0.65370834,0.3462672,2.4496532e-05
869,88670,glioma,0,1,0.9168851,0.08309295,2.1945698e-05
881,92897,glioma,0,1,0.07190164,0.67365724,0.2544411
882,92897,glioma,0,1,0.04953041,0.9248435,0.025626022
950,108858,pituitary,2,1,2.5065802e-07,0.00029866458,0.9997011
951,108858,pituitary,2,1,1.5679327e-06,0.0001961831,0.9998023
952,108858,pituitary,2,1,3.8266944e-06,0.00058951584,0.9994067
953,108858,pituitary,2,1,2.166167e-05,0.00086760544,0.99911076
954,108858,pituitary,2,1,7.939453e-06,0.0003244494,0.99966764
974,110537,pituitary,2,1,1.9589544e-07,2.4046014e-05,0.9999758
975,110537,pituitary,2,1,3.6983112e-09,3.3916472e-06,0.99999666
1006,112847,pituitary,2,1,2.1790656e-06,5.6821078e-05,0.999941
1007,112847,pituitary,2,1,7.414725e-07,0.00013655738,0.9998627
1008,112847,pituitary,2,1,3.3533323e-07,0.00021321472,0.99978644
1009,112847,pituitary,2,1,5.5925316e-06,0.002699687,0.9972947
1021,114094,pituitary,2,1,0.31381664,0.03763563,0.6485477
1022,114094,pituitary,2,1,3.1845677e-05,0.0005960283,0.9993722
1023,114094,pituitary,2,1,0.00041633245,0.063055776,0.9365279
1024,114094,pituitary,2,1,1.282149e-06,7.3323514e-05,0.9999254
1065,108858,pituitary,2,1,0.020025022,0.00039320308,0.9795817
1066,108858,pituitary,2,1,5.847743e-05,1.840532e-05,0.9999231
1067,108858,pituitary,2,1,0.00012964456,4.7706577e-05,0.9998227
1068,108858,pituitary,2,1,0.00022206652,0.00039648393,0.9993814
1069,108858,pituitary,2,1,0.00035065602,0.00034639196,0.999303
1100,110537,pituitary,2,1,3.9942447e-07,2.9273087e-05,0.9999703
1101,110537,pituitary,2,1,1.6638602e-06,2.9291621e-05,0.999969
1102,110537,pituitary,2,1,2.5020672e-06,2.8464053e-06,0.99999464
1103,110537,pituitary,2,1,8.618626e-07,3.685587e-05,0.99996233
1104,110537,pituitary,2,1,4.2621727e-05,8.776359e-05,0.9998696
1105,110537,pituitary,2,1,7.278326e-06,5.982059e-05,0.9999329
1106,110537,pituitary,2,1,1.4535569e-05,0.00038945244,0.99959606
1144,112847,pituitary,2,1,6.513929e-07,2.0533287e-06,0.99999726
1145,112847,pituitary,2,1,1.2965559e-06,4.0386303e-06,0.99999464
1146,112847,pituitary,2,1,5.622486e-06,1.2613273e-05,0.99998176
1147,112847,pituitary,2,1,6.12925e-06,9.718765e-06,0.99998415
1161,114094,pituitary,2,1,1.4008383e-05,3.3647877e-05,0.9999523
1162,114094,pituitary,2,1,2.1667702e-05,0.00089533435,0.99908304
1163,114094,pituitary,2,1,2.547539e-06,4.5367848e-05,0.9999521
1164,114094,pituitary,2,1,1.527452e-05,0.00017299545,0.9998117
1165,114094,pituitary,2,1,4.2992517e-05,5.7306002e-05,0.99989974
1198,108858,pituitary,2,1,8.424061e-07,4.1109333e-06,0.999995
1199,108858,pituitary,2,1,3.9034546e-07,5.7701673e-06,0.9999938
1200,108858,pituitary,2,1,2.2006783e-05,4.5361645e-05,0.99993265
1201,108858,pituitary,2,1,0.0007832152,0.00033353694,0.9988833
1202,108858,pituitary,2,1,6.08504e-05,0.00012405434,0.99981517
1226,110537,pituitary,2,1,1.7592709e-05,0.0030707316,0.9969117
1227,110537,pituitary,2,1,0.00030437525,0.00830736,0.99138826
1228,110537,pituitary,2,1,0.0019970585,0.036130037,0.9618729
1229,110537,pituitary,2,1,8.864245e-06,0.0012443141,0.99874675
1261,112847,pituitary,2,1,4.09145e-06,0.00010716064,0.9998888
1262,112847,pituitary,2,1,0.00014580754,0.00010170381,0.99975246
1263,112847,pituitary,2,1,0.00010334735,9.3986106e-05,0.99980265
1264,112847,pituitary,2,1,2.4752173e-06,7.657445e-05,0.99992096
1265,112847,pituitary,2,1,6.937517e-06,4.444069e-06,0.9999887
1279,114094,pituitary,2,1,2.3282115e-05,9.169023e-07,0.9999758
1280,114094,pituitary,2,1,1.6198723e-05,7.67217e-05,0.999907
1281,114094,pituitary,2,1,3.806693e-07,7.498523e-05,0.99992466
1282,114094,pituitary,2,1,2.7441929e-05,0.00011322512,0.99985933
1295,102648,pituitary,2,1,0.9593357,0.00049171667,0.040172476
1296,102648,pituitary,2,1,0.04030848,0.00027391012,0.9594176
1297,102648,pituitary,2,1,0.07486764,0.00032067462,0.92481166
1298,102648,pituitary,2,1,0.5883229,0.0036046566,0.40807247
1299,102648,pituitary,2,1,0.29019168,0.027307237,0.6825011
1300,102648,pituitary,2,1,0.9667974,0.0001763597,0.03302627
1304,103257,pituitary,2,1,6.27635e-07,4.8752478e-05,0.99995065
1305,103257,pituitary,2,1,5.2038344e-05,0.00017930617,0.9997687
1306,103257,pituitary,2,1,3.6950962e-06,1.6451124e-05,0.99997985
1307,103257,pituitary,2,1,5.367972e-07,9.515766e-06,0.99999
1308,103257,pituitary,2,1,9.4154325e-07,3.0235122e-05,0.99996877
1309,103257,pituitary,2,1,4.0154605e-06,3.2977572e-05,0.99996305
1323,103670,pituitary,2,1,2.0297928e-07,1.7382936e-06,0.9999981
1324,103670,pituitary,2,1,3.3834831e-07,6.727891e-07,0.99999905
1325,103670,pituitary,2,1,1.7724687e-05,5.5733967e-06,0.99997675
1330,103731,pituitary,2,1,0.013186658,0.0011665035,0.9856469
1331,103731,pituitary,2,1,0.00020945183,0.00024425637,0.99954623
1332,103731,pituitary,2,1,5.700434e-06,3.229756e-05,0.999962
1333,103731,pituitary,2,1,2.5202787e-06,1.0041037e-05,0.9999875
1334,103731,pituitary,2,1,1.3396182e-05,3.7838912e-05,0.99994874
1335,103731,pituitary,2,1,8.810839e-06,1.7492743e-05,0.99997365
1336,103731,pituitary,2,1,0.00023544939,1.3658934e-05,0.9997509
1337,103731,pituitary,2,1,0.015866276,3.7708123e-05,0.98409605
1338,103731,pituitary,2,1,0.0054386547,1.731868e-06,0.9945596
1339,103731,pituitary,2,1,0.0026343423,1.0702745e-07,0.99736553
1378,105475,pituitary,2,1,7.0566107e-06,0.00075194635,0.999241
1379,105475,pituitary,2,1,9.620919e-05,0.0037078452,0.9961959
1386,97416,pituitary,2,1,1.9647305e-07,3.0414649e-05,0.99996936
1387,97416,pituitary,2,1,0.00022993713,0.00018102184,0.999589
1388,97416,pituitary,2,1,8.3414085e-07,3.3732595e-05,0.9999654
1389,97416,pituitary,2,1,8.596527e-06,0.00016035244,0.9998311
1390,97416,pituitary,2,1,4.310234e-06,0.00028110214,0.99971455
1391,97416,pituitary,2,1,5.2856583e-05,0.00067859975,0.9992686
1392,97416,pituitary,2,1,0.0017984911,0.0045576803,0.99364376
1393,97416,pituitary,2,1,0.005260252,0.0005859913,0.9941538
1394,97416,pituitary,2,1,0.006294491,0.00010089483,0.9936046
1404,97481,pituitary,2,1,0.0036879869,0.0015701052,0.9947419
1405,97481,pituitary,2,1,6.765392e-05,0.0015584744,0.99837387
1406,97481,pituitary,2,1,0.0004368616,0.009953379,0.9896097
1407,97481,pituitary,2,1,1.381128e-06,0.00014276589,0.9998559
1408,97599,pituitary,2,1,2.9582743e-05,0.0013545194,0.99861586
1409,97599,pituitary,2,1,2.7346962e-07,0.00011171524,0.99988794
1421,98652,pituitary,2,1,3.82481e-08,2.2756725e-05,0.99997723
1422,98652,pituitary,2,1,1.4743457e-06,2.7748356e-05,0.9999708
1423,98652,pituitary,2,1,7.72504e-05,2.9958586e-05,0.99989283
1483,102648,pituitary,2,1,0.0027232547,0.000117744836,0.997159
1484,102648,pituitary,2,1,0.0042922776,0.00014248781,0.99556524
1485,102648,pituitary,2,1,0.0003009082,0.00012227184,0.99957687
1486,102648,pituitary,2,1,0.00049218384,0.0002639009,0.999244
1493,103257,pituitary,2,1,1.1091914e-07,2.8075071e-06,0.99999714
1494,103257,pituitary,2,1,2.4675293e-07,8.508067e-06,0.9999913
1495,103257,pituitary,2,1,1.8126871e-06,1.152917e-05,0.99998665
1496,103257,pituitary,2,1,2.2353717e-07,2.4987974e-06,0.99999726
1497,103257,pituitary,2,1,4.368781e-06,1.6282588e-06,0.99999404
1511,103670,pituitary,2,1,2.0920562e-07,2.2717513e-06,0.9999975
1512,103670,pituitary,2,1,3.4227952e-08,9.052763e-06,0.99999094
1513,103670,pituitary,2,1,1.762585e-08,1.5504205e-05,0.9999845
1514,103670,pituitary,2,1,2.3131045e-07,2.4926378e-05,0.99997485
1521,103731,pituitary,2,1,6.4167654e-07,1.5129095e-05,0.99998426
1522,103731,pituitary,2,1,1.3454319e-07,2.3701168e-05,0.99997616
1523,103731,pituitary,2,1,4.847564e-07,0.00022249154,0.999777
1524,103731,pituitary,2,1,5.8566695e-07,7.862978e-05,0.9999207
1525,103731,pituitary,2,1,1.3131885e-05,5.383041e-05,0.999933
1526,103731,pituitary,2,1,2.0996687e-05,0.00048523306,0.9994937
1527,103731,pituitary,2,1,0.00036854626,0.0018809569,0.99775046
1563,105475,pituitary,2,1,5.3418376e-07,3.3890421e-06,0.99999607
1564,105475,pituitary,2,1,6.573034e-06,2.3772684e-05,0.9999696
1565,105475,pituitary,2,1,2.0026823e-06,3.0258687e-05,0.9999677
1573,97416,pituitary,2,1,0.023127219,0.0022347982,0.974638
1574,97416,pituitary,2,1,0.0035032176,0.0042047594,0.9922921
1575,97416,pituitary,2,1,2.2386575e-05,0.00012325188,0.9998543
1576,97416,pituitary,2,1,1.8775834e-06,1.260494e-05,0.9999856
1577,97416,pituitary,2,1,1.2164425e-07,3.807896e-06,0.99999607
1578,97416,pituitary,2,1,8.366422e-08,1.61058e-05,0.9999838
1579,97416,pituitary,2,1,3.6947963e-06,1.8431832e-05,0.9999778
1580,97416,pituitary,2,1,3.892773e-07,3.3669232e-05,0.9999659
1589,97481,pituitary,2,1,7.405658e-06,1.8855364e-05,0.9999738
1590,97481,pituitary,2,1,5.1434614e-07,2.7900427e-05,0.9999716
1591,97481,pituitary,2,1,4.7839285e-06,2.5356336e-05,0.99996984
1592,97481,pituitary,2,1,1.054838e-05,1.694835e-05,0.99997246
1593,97481,pituitary,2,1,1.08794775e-05,6.3178784e-05,0.999926
1594,97599,pituitary,2,1,3.734857e-09,6.833841e-07,0.9999993
1595,97599,pituitary,2,1,2.1066147e-09,3.6056128e-06,0.9999964
1605,98652,pituitary,2,1,8.569416e-06,0.0001308319,0.9998605
1606,98652,pituitary,2,1,8.542574e-06,6.10063e-05,0.9999305
1607,98652,pituitary,2,1,2.2261304e-06,4.5709767e-05,0.9999521
1608,98652,pituitary,2,1,1.186606e-06,0.00020719462,0.9997917
1665,102648,pituitary,2,1,0.041091453,0.00061083864,0.95829767
1666,102648,pituitary,2,1,0.21259129,0.004728581,0.7826801
1667,102648,pituitary,2,1,0.9713885,0.0014360291,0.027175536
1668,102648,pituitary,2,1,0.11044683,0.008063509,0.88148963
1669,102648,pituitary,2,1,0.8440351,0.023252888,0.13271213
1670,102648,pituitary,2,1,0.19657926,0.061241195,0.7421796
1671,102648,pituitary,2,1,0.14415878,0.030882638,0.8249586
1677,103257,pituitary,2,1,0.00011143713,1.4544215e-05,0.999874
1678,103257,pituitary,2,1,1.1509282e-05,6.7047855e-05,0.99992144
1679,103257,pituitary,2,1,1.633265e-05,0.00010744019,0.99987626
1680,103257,pituitary,2,1,0.00018441473,0.00019658948,0.999619
1681,103257,pituitary,2,1,0.0007200346,6.884119e-05,0.9992111
1682,103257,pituitary,2,1,0.00033908957,0.0006229548,0.999038
1683,103257,pituitary,2,1,2.457757e-05,0.00011298849,0.99986243
1700,103670,pituitary,2,1,2.1523657e-07,4.501418e-06,0.99999523
1701,103670,pituitary,2,1,4.453695e-05,0.00013812286,0.9998173
1702,103670,pituitary,2,1,1.4430889e-06,5.1048897e-05,0.99994755
1703,103670,pituitary,2,1,6.98352e-06,3.5512832e-05,0.99995744
1709,103731,pituitary,2,1,2.8736883e-06,2.7606145e-06,0.9999944
1710,103731,pituitary,2,1,0.00032706183,4.1322433e-05,0.99963164
1711,103731,pituitary,2,1,2.9874805e-05,1.1987195e-05,0.99995816
1712,103731,pituitary,2,1,2.753628e-06,5.66598e-06,0.99999154
1713,103731,pituitary,2,1,2.8406455e-05,1.2254063e-06,0.9999703
1754,105475,pituitary,2,1,8.3316877e-07,0.00021840986,0.9997807
1755,105475,pituitary,2,1,1.44706855e-05,0.0006936139,0.9992919
1756,105475,pituitary,2,1,0.00047412707,0.0027818305,0.99674404
1757,105475,pituitary,2,1,7.060398e-05,0.00042621695,0.99950314
1758,105475,pituitary,2,1,4.777322e-07,0.00015603153,0.9998435
1766,97416,pituitary,2,1,0.00043254977,0.001489409,0.998078
1767,97416,pituitary,2,1,0.0058492585,0.00017821818,0.9939725
1768,97416,pituitary,2,1,2.4679652e-05,8.9914574e-05,0.99988544
1769,97416,pituitary,2,1,0.00022069561,0.0008088409,0.9989705
1770,97416,pituitary,2,1,3.90274e-05,0.0010976086,0.99886334
1771,97416,pituitary,2,1,0.00017541302,0.00074192823,0.9990827
1772,97416,pituitary,2,1,0.008544083,0.0064461767,0.98500973
1781,97481,pituitary,2,1,7.910152e-07,6.7014867e-06,0.9999925
1782,97481,pituitary,2,1,1.2025804e-07,1.0207939e-05,0.9999896
1783,97481,pituitary,2,1,6.6488866e-08,5.34034e-06,0.99999464
1784,97481,pituitary,2,1,5.3232025e-06,2.5140964e-05,0.9999695
1785,97481,pituitary,2,1,6.2813364e-05,6.321293e-05,0.999874
1786,97599,pituitary,2,1,2.7393753e-05,0.005367269,0.99460536
1787,97599,pituitary,2,1,5.1455418e-06,0.00077495415,0.9992199
1788,97599,pituitary,2,1,1.8367112e-06,0.0020133907,0.99798477
1801,98652,pituitary,2,1,0.0009914374,0.0013763333,0.99763227
1802,98652,pituitary,2,1,6.633673e-06,5.516264e-06,0.99998784
1803,98652,pituitary,2,1,1.9000789e-05,1.8459135e-05,0.99996257
1804,98652,pituitary,2,1,1.5193478e-05,3.2143133e-05,0.9999527
1805,98652,pituitary,2,1,8.622757e-05,0.000117951546,0.99979585
1849,MR048297,glioma,0,1,0.9999852,1.1000922e-05,3.871067e-06
1850,MR048297,glioma,0,1,0.99998426,1.2481022e-05,3.2771366e-06
1851,MR048297,glioma,0,1,0.99999356,5.512593e-06,1.0034257e-06
1852,MR048297,glioma,0,1,0.99999475,4.875451e-06,3.854069e-07
1870,MR048994,glioma,0,1,0.99948275,0.0005047466,1.249796e-05
1871,MR048994,glioma,0,1,0.9998423,0.00015708977,5.920576e-07
1872,MR048994,glioma,0,1,0.99824035,0.0017575221,2.16361e-06
1873,MR048994,glioma,0,1,0.99658114,0.0034165534,2.343287e-06
1874,MR048994,glioma,0,1,0.99579066,0.0042007975,8.579058e-06
1875,MR048994,glioma,0,1,0.9800244,0.019963598,1.2033627e-05
1876,MR048994,glioma,0,1,0.9555353,0.044444844,1.9788058e-05
1877,MR048994,glioma,0,1,0.93358475,0.066410564,4.627283e-06
1878,MR048994,glioma,0,1,0.66907364,0.3309068,1.9515359e-05
1881,MR049142,glioma,0,1,0.8436224,0.14737545,0.009002183
1882,MR049142,glioma,0,1,0.7811032,0.21485157,0.0040451433
1883,MR049142,glioma,0,1,0.4560641,0.53901356,0.004922333
1884,MR049142,glioma,0,1,0.49507937,0.50032717,0.004593524
1885,MR048994B,glioma,0,1,0.99999714,5.64883e-07,2.2917266e-06
1886,MR048994B,glioma,0,1,0.99999774,6.59781e-07,1.5998289e-06
1887,MR048994B,glioma,0,1,0.99999845,7.6327007e-07,7.8763037e-07
1888,MR048994B,glioma,0,1,0.99999857,8.800162e-07,5.624895e-07
1889,MR048994B,glioma,0,1,0.9999989,1.0051936e-06,1.3093494e-07
1890,MR048994B,glioma,0,1,0.999992,7.4156874e-06,5.478087e-07
1891,MR048994B,glioma,0,1,0.9999504,4.8756927e-05,7.906147e-07
1892,MR048994B,glioma,0,1,0.9992669,0.0007325668,5.097854e-07
1974,MR050791B,glioma,0,1,0.9720509,0.026407005,0.0015420651
1975,MR050791B,glioma,0,1,0.9801427,0.017013712,0.0028435737
1976,MR050791B,glioma,0,1,0.96650267,0.013511962,0.019985419
1977,MR050791B,glioma,0,1,0.97979605,0.013808643,0.006395275
1978,MR050791B,glioma,0,1,0.9971451,0.0020452128,0.0008095803
1979,MR050791B,glioma,0,1,0.99911493,0.00082380965,6.122489e-05
1980,MR050791B,glioma,0,1,0.99961025,0.0003644324,2.5345258e-05
1981,MR050791B,glioma,0,1,0.99908364,0.00079059985,0.00012572302
1982,MR050791B,glioma,0,1,0.999253,0.00067922205,6.7730994e-05
1983,MR050791B,glioma,0,1,0.9996948,0.00029624606,8.9457535e-06
2061,MR052550,glioma,0,1,0.9999659,2.2982087e-05,1.1034122e-05
2062,MR052550,glioma,0,1,0.99998486,1.0885785e-05,4.3082064e-06
2063,MR052550,glioma,0,1,0.9999653,1.8295492e-05,1.6397753e-05
2064,MR052550,glioma,0,1,0.99998176,8.648662e-06,9.574118e-06
2083,MR047953C,glioma,0,1,0.99759716,0.0001893612,0.0022134823
2084,MR047953C,glioma,0,1,0.9995235,2.1840084e-05,0.00045462724
2085,MR047953C,glioma,0,1,0.99990296,3.9744323e-06,9.314948e-05
2086,MR047953C,glioma,0,1,0.99988985,7.1933796e-06,0.000102965205
2104,MR050687C,glioma,0,1,0.9945074,0.005300959,0.00019168752
2105,MR050687C,glioma,0,1,0.9998559,3.3807704e-05,0.00011031146
2106,MR050687C,glioma,0,1,0.99970955,8.4249674e-05,0.0002061657
2107,MR050687C,glioma,0,1,0.9990802,8.2675715e-06,0.0009115304
2108,MR050687C,glioma,0,1,0.99971384,1.9922973e-05,0.00026629047
2144,MR024780D,glioma,0,1,0.999998,1.7016491e-06,3.9720985e-07
2145,MR024780D,glioma,0,1,0.9999956,1.4036893e-06,2.969253e-06
2241,MR033389B,glioma,0,1,0.9996164,0.00037468653,8.963173e-06
2242,MR048994,glioma,0,1,0.9964181,0.0035805015,1.3870922e-06
2243,MR048994,glioma,0,1,0.9468181,0.053174984,6.906807e-06
2247,MR049142,glioma,0,1,0.89316857,0.097768135,0.009063233
2248,MR049142,glioma,0,1,0.5357978,0.43515617,0.02904603
2249,MR049142,glioma,0,1,0.9318434,0.0636578,0.0044988496
2250,MR048994B,glioma,0,1,0.99999535,4.204331e-06,5.296362e-07
2251,MR048994B,glioma,0,1,0.9999862,9.46011e-06,4.354027e-06
2252,MR048994B,glioma,0,1,0.9999889,5.9130502e-06,5.1624434e-06
2253,MR048994B,glioma,0,1,0.99997926,4.1199037e-06,1.6614236e-05
2317,MR050791B,glioma,0,1,0.9977871,0.0022061327,6.76051e-06
2318,MR050791B,glioma,0,1,0.99765426,0.0023232282,2.2613252e-05
2319,MR050791B,glioma,0,1,0.9937365,0.006250283,1.3146017e-05
2320,MR050791B,glioma,0,1,0.9886827,0.011306558,1.0723817e-05
2344,MR033389B,glioma,0,1,0.9988242,0.0011662017,9.680229e-06
2345,MR033389B,glioma,0,1,0.9869647,0.013033092,2.235005e-06
2346,MR033389B,glioma,0,1,0.9953459,0.0046539563,1.7515444e-07
2347,MR033389B,glioma,0,1,0.9880505,0.011944601,4.975529e-06
2348,MR033389B,glioma,0,1,0.99598664,0.004010086,3.1819936e-06
2410,MR048297,glioma,0,1,0.9999925,3.984014e-06,3.6173813e-06
2411,MR048297,glioma,0,1,0.9999598,3.917086e-05,9.174536e-07
2412,MR048297,glioma,0,1,0.99995136,3.8611124e-05,9.967574e-06
2413,MR048297,glioma,0,1,0.99977285,8.241335e-05,0.00014475422
2414,MR048297,glioma,0,1,0.99995804,2.2484799e-05,1.9387528e-05
2435,MR048994,glioma,0,1,0.97212833,0.027870663,1.0022343e-06
2436,MR048994,glioma,0,1,0.97240156,0.027594173,4.2503907e-06
2437,MR048994,glioma,0,1,0.95068717,0.049308423,4.4182248e-06
2438,MR048994,glioma,0,1,0.8630755,0.13691461,9.8825e-06
2439,MR048994,glioma,0,1,0.91264576,0.08735237,1.8636994e-06
2440,MR048994,glioma,0,1,0.89249974,0.10749577,4.434701e-06
2441,MR048994,glioma,0,1,0.94632053,0.053641804,3.7721442e-05
2487,MR033389B,glioma,0,1,0.9999435,5.589843e-05,5.527423e-07
2488,MR033389B,glioma,0,1,0.9999795,2.0216316e-05,1.8614998e-07
2489,MR033389B,glioma,0,1,0.999998,1.9978556e-06,2.1276415e-08
2490,MR033389B,glioma,0,1,0.9997596,0.00024027235,1.636225e-07
2491,MR033389B,glioma,0,1,0.9997564,0.0002430883,5.146952e-07
2492,MR033389B,glioma,0,1,0.9998105,0.00018874693,7.565982e-07
2493,MR033389B,glioma,0,1,0.99982965,0.00016750989,2.8157936e-06
2494,MR033389B,glioma,0,1,0.99897456,0.001009209,1.6243162e-05
2495,MR033389B,glioma,0,1,0.99990046,9.70847e-05,2.5069523e-06
2589,MR052550,glioma,0,1,0.99999356,4.1418584e-06,2.2523382e-06
2590,MR052550,glioma,0,1,0.999998,9.421915e-07,1.0390668e-06
2591,MR052550,glioma,0,1,0.9999999,1.1715998e-07,5.447567e-08
2592,MR052550,glioma,0,1,0.99999845,5.7130643e-07,9.987164e-07
2593,MR052550,glioma,0,1,0.9999956,8.014082e-07,3.6226743e-06
2594,MR052550,glioma,0,1,0.9999807,1.6378752e-05,2.9272205e-06
2612,MR047953C,glioma,0,1,0.9997849,0.0001332132,8.1862025e-05
2613,MR047953C,glioma,0,1,0.99974626,0.00020506399,4.8573693e-05
2614,MR047953C,glioma,0,1,0.99922466,0.0006711187,0.00010425538
2615,MR047953C,glioma,0,1,0.9995247,9.348367e-05,0.0003817137
2616,MR047953C,glioma,0,1,0.9966815,0.0018819742,0.0014364249
2634,MR050687C,glioma,0,1,0.9999546,1.6484755e-05,2.8911621e-05
2635,MR050687C,glioma,0,1,0.99998975,4.417453e-06,5.861145e-06
2636,MR050687C,glioma,0,1,0.99999464,3.565762e-06,1.8157085e-06
2637,MR050687C,glioma,0,1,0.99996984,2.1095748e-05,9.053927e-06
2638,MR050687C,glioma,0,1,0.99991155,1.41385335e-05,7.4282594e-05
2639,MR050687C,glioma,0,1,0.99992895,4.3721084e-05,2.728905e-05
2640,MR050687C,glioma,0,1,0.99998915,1.0313597e-05,4.9872796e-07
2641,MR049242C,glioma,0,1,0.9999937,5.067839e-06,1.1437406e-06
2642,MR049242C,glioma,0,1,0.99998355,1.1438147e-05,5.053545e-06
2643,MR049242C,glioma,0,1,0.9999976,1.8641869e-06,5.0896324e-07
2644,MR049242C,glioma,0,1,0.999856,0.00012719653,1.6856293e-05
2645,MR049242C,glioma,0,1,0.9998765,0.00010563428,1.783216e-05
2646,MR053241C,glioma,0,1,0.99995005,4.89759e-05,1.0025749e-06
2647,MR053241C,glioma,0,1,0.9999938,6.093942e-06,1.7465455e-07
2648,MR053241C,glioma,0,1,0.99998355,1.15873445e-05,4.870619e-06
2649,MR053241C,glioma,0,1,0.9999906,3.3045837e-06,6.0434204e-06
2680,MR024780D,glioma,0,1,0.9999968,2.2553418e-06,9.082845e-07
2681,MR024780D,glioma,0,1,0.99999475,1.3205002e-06,3.8828243e-06
2750,MR024780D,glioma,0,1,0.9994361,0.00028748217,0.0002764167
2751,MR024780D,glioma,0,1,0.9997168,0.00016023032,0.00012300549
2752,MR024780D,glioma,0,1,0.9999392,5.687769e-05,3.955752e-06
2821,MR033389B,glioma,0,1,0.999931,6.796252e-05,1.0812851e-06
2823,MR048297,glioma,0,1,0.6000931,0.39990404,2.7582148e-06
2824,MR048297,glioma,0,1,0.9991466,0.00085301895,3.20415e-07
2825,MR048297,glioma,0,1,0.99932325,0.00067663455,8.276044e-08
2826,MR048297,glioma,0,1,0.9973254,0.002674269,2.7275811e-07
2827,MR048297,glioma,0,1,0.9995271,0.00047273425,2.0920214e-07
2828,MR048297,glioma,0,1,0.9999206,7.928033e-05,8.9670976e-08
2829,MR048297,glioma,0,1,0.99996436,3.5423403e-05,2.0550156e-07
2830,MR048297,glioma,0,1,0.9999809,1.9005232e-05,1.5155169e-07
2846,MR048994,glioma,0,1,0.9975305,0.002439836,2.9696112e-05
2847,MR048994,glioma,0,1,0.1706124,0.8293666,2.0977212e-05
2848,MR048994,glioma,0,1,0.20237936,0.79760736,1.32763125e-05
2849,MR048994,glioma,0,1,0.9462743,0.053711567,1.40531765e-05
2850,MR048994,glioma,0,1,0.9152012,0.08479841,4.811694e-07
2851,MR048994,glioma,0,1,0.59332585,0.40667063,3.5274604e-06
2852,MR048994,glioma,0,1,0.45774448,0.5422533,2.2813847e-06
2853,MR048994,glioma,0,1,0.58881545,0.4111838,7.93621e-07
2858,MR049142,glioma,0,1,0.41232517,0.43143097,0.15624389
2859,MR049142,glioma,0,1,0.83979464,0.15996864,0.00023661947
2860,MR049142,glioma,0,1,0.6873317,0.3121477,0.00052064547
2861,MR048994B,glioma,0,1,0.99999213,1.3821463e-06,6.450971e-06
2862,MR048994B,glioma,0,1,0.99971837,1.796445e-05,0.00026358772
2863,MR048994B,glioma,0,1,0.99994075,4.7651094e-05,1.1558452e-05
2864,MR048994B,glioma,0,1,0.99997985,1.5799842e-05,4.315179e-06
2865,MR048994B,glioma,0,1,0.99997365,2.0310075e-05,6.071868e-06
2906,MR050791B,glioma,0,1,0.35282975,0.64708143,8.878866e-05
2907,MR050791B,glioma,0,1,0.91111255,0.08888284,4.604082e-06
2908,MR050791B,glioma,0,1,0.86426204,0.13572638,1.1514539e-05
2909,MR050791B,glioma,0,1,0.3025845,0.697405,1.0583109e-05
2910,MR050791B,glioma,0,1,0.60155183,0.3984302,1.7904218e-05
2911,MR050791B,glioma,0,1,0.55528426,0.4447083,7.455306e-06
2912,MR050791B,glioma,0,1,0.20420796,0.7956579,0.00013422186
2913,MR050791B,glioma,0,1,0.6047339,0.39396164,0.0013044636
2975,MR052550,glioma,0,1,0.9999734,1.9016567e-05,7.5498465e-06
2976,MR052550,glioma,0,1,0.9999614,2.1213711e-05,1.7346736e-05
2977,MR052550,glioma,0,1,0.9999833,1.4295978e-05,2.3701843e-06
2978,MR052550,glioma,0,1,0.99998283,1.3618992e-05,3.5837097e-06
2979,MR052550,glioma,0,1,0.9998565,0.00010652169,3.694596e-05
2980,MR052550,glioma,0,1,0.9992137,0.00023150005,0.0005548313
2981,MR052550,glioma,0,1,0.9996117,1.6635266e-05,0.00037170938
2982,MR052550,glioma,0,1,0.9999076,2.7420376e-06,8.9694746e-05
3014,MR050687C,glioma,0,1,0.9633107,0.03668692,2.435534e-06
3015,MR050687C,glioma,0,1,0.99937564,0.0006214212,3.0099422e-06
3016,MR050687C,glioma,0,1,0.9995908,0.00037075672,3.8488106e-05
3017,MR050687C,glioma,0,1,0.99979395,0.00019466499,1.139209e-05
3018,MR050687C,glioma,0,1,0.9992199,0.0007492956,3.0820713e-05
3019,MR050687C,glioma,0,1,0.9999074,7.984358e-05,1.2735207e-05
3031,MR033389B,glioma,0,1,0.9934784,0.0064928676,2.8678938e-05
3032,MR033389B,glioma,0,1,0.9995427,0.00045603813,1.2585384e-06
3033,MR033389B,glioma,0,1,0.99966705,0.00032636643,6.572712e-06
3034,MR033389B,glioma,0,1,0.99989307,0.00010249997,4.4337767e-06
3035,MR033389B,glioma,0,1,0.99988973,3.633191e-05,7.387489e-05
3036,MR033389B,glioma,0,1,0.99997175,9.959206e-06,1.8249433e-05
3037,MR033389B,glioma,0,1,0.9999268,5.566338e-05,1.7519069e-05
3038,MR033389B,glioma,0,1,0.99880743,0.0010515912,0.00014098422
3064,88510,meningioma,1,1,0.22953837,0.7699306,0.00053107523
16,101127,meningioma,1,2,3.862441e-05,0.018756116,0.9812052
17,101127,meningioma,1,2,0.0033502115,0.8654259,0.1312238
18,101127,meningioma,1,2,0.00040457092,0.9982559,0.001339456
19,101127,meningioma,1,2,0.4568281,0.13574895,0.40742293
27,102675,meningioma,1,2,0.09622046,0.90302086,0.0007586253
28,102714,meningioma,1,2,0.0042635966,0.57706547,0.41867095
29,102714,meningioma,1,2,0.00021285217,0.9789656,0.020821573
30,102714,meningioma,1,2,7.839289e-07,0.9896372,0.010361991
31,102714,meningioma,1,2,9.095156e-06,0.9944161,0.005574733
49,104281,meningioma,1,2,0.6887771,0.310195,0.0010278969
50,104281,meningioma,1,2,0.38644144,0.61309284,0.00046572703
51,104281,meningioma,1,2,0.073740594,0.9261194,0.00013995137
52,104281,meningioma,1,2,0.16922975,0.83071417,5.6042783e-05
53,104281,meningioma,1,2,0.3607637,0.6391705,6.579735e-05
54,104281,meningioma,1,2,0.0035305046,0.996406,6.3448104e-05
55,104281,meningioma,1,2,0.036194142,0.96354353,0.00026229842
58,105555,meningioma,1,2,0.6355163,0.3641876,0.00029606282
62,106284,meningioma,1,2,0.005431762,0.967929,0.026639177
63,106284,meningioma,1,2,0.55198234,0.43505275,0.012964902
64,106284,meningioma,1,2,0.065385506,0.910643,0.023971565
65,106284,meningioma,1,2,0.044212423,0.94834644,0.007441151
66,106284,meningioma,1,2,0.0013959489,0.9964659,0.002138069
73,106665,meningioma,1,2,0.9422293,0.05587031,0.0019003724
74,106665,meningioma,1,2,0.63032526,0.3694046,0.0002701679
75,106665,meningioma,1,2,0.0034237,0.99655837,1.7977669e-05
76,106665,meningioma,1,2,0.17227048,0.82771343,1.6122665e-05
77,106665,meningioma,1,2,0.58245254,0.41754568,1.8162615e-06
78,106665,meningioma,1,2,0.5738246,0.42615268,2.281154e-05
79,106665,meningioma,1,2,0.0011208302,0.9988765,2.6336145e-06
87,106914,meningioma,1,2,0.0047622975,0.96724,0.027997732
88,106914,meningioma,1,2,0.021040227,0.87736243,0.10159736
89,106914,meningioma,1,2,0.013228456,0.5578518,0.42891976
90,106914,meningioma,1,2,0.70611537,0.2751441,0.018740539
111,108550,meningioma,1,2,0.0037492756,0.2254085,0.7708422
112,108550,meningioma,1,2,0.0007447732,0.08466076,0.9145944
128,111366,meningioma,1,2,0.011737517,0.79954684,0.18871559
129,111366,meningioma,1,2,0.006007336,0.17721118,0.81678146
130,111366,meningioma,1,2,0.011144189,0.25344563,0.7354102
131,111366,meningioma,1,2,0.2368952,0.6276794,0.1354253
139,112062,meningioma,1,2,0.02779358,0.9722048,1.583708e-06
140,112062,meningioma,1,2,0.0015408578,0.9984546,4.5728034e-06
141,112062,meningioma,1,2,2.7897e-05,0.9999709,1.2124493e-06
142,112252,meningioma,1,2,0.41049135,0.58897924,0.00052944745
143,112252,meningioma,1,2,0.29469442,0.7052857,1.9840294e-05
227,101127,meningioma,1,2,0.036465883,0.1936875,0.7698467
228,101127,meningioma,1,2,0.0004967275,0.014306698,0.9851966
229,101127,meningioma,1,2,0.00014207655,0.015977623,0.98388034
230,101127,meningioma,1,2,0.0030900058,0.005247652,0.9916624
240,102675,meningioma,1,2,0.9633036,0.035299648,0.0013967208
241,102675,meningioma,1,2,0.6194279,0.37445122,0.006120884
242,102714,meningioma,1,2,0.002787035,0.93871564,0.058497246
243,102714,meningioma,1,2,1.3276511e-05,0.99785644,0.002130195
244,102714,meningioma,1,2,0.0146530615,0.980638,0.0047089206
245,102714,meningioma,1,2,0.042154398,0.9473655,0.0104801515
275,104281,meningioma,1,2,0.085229196,0.91465145,0.000119285745
276,104281,meningioma,1,2,0.15447576,0.84545493,6.932656e-05
277,104281,meningioma,1,2,0.3823211,0.6174758,0.00020309487
278,104281,meningioma,1,2,0.85126853,0.14869538,3.611203e-05
279,104281,meningioma,1,2,0.670351,0.32954893,0.00010002823
280,104281,meningioma,1,2,0.81286347,0.1869477,0.00018885621
283,105555,meningioma,1,2,0.012436718,0.9859396,0.0016235448
284,105555,meningioma,1,2,0.5721997,0.42755187,0.00024840457
285,105555,meningioma,1,2,0.97309273,0.02689438,1.2924218e-05
290,106284,meningioma,1,2,0.10969983,0.30322126,0.58707887
291,106284,meningioma,1,2,0.10457552,0.32736096,0.5680635
292,106284,meningioma,1,2,0.18220228,0.7696721,0.04812565
293,106284,meningioma,1,2,0.97360736,0.007609431,0.018783217
299,106665,meningioma,1,2,0.003416862,0.99523455,0.0013485743
300,106665,meningioma,1,2,0.5702087,0.42964575,0.00014553306
301,106665,meningioma,1,2,0.011133034,0.98860824,0.00025867973
302,106665,meningioma,1,2,0.0003671817,0.9996119,2.0916665e-05
303,106665,meningioma,1,2,0.011265969,0.98852205,0.00021194278
311,106914,meningioma,1,2,0.011206367,0.9870443,0.0017493006
312,106914,meningioma,1,2,1.69877e-05,0.99941826,0.0005646864
313,106914,meningioma,1,2,0.107103266,0.8908004,0.0020963338
314,106914,meningioma,1,2,0.00012991861,0.99968755,0.00018260111
332,108550,meningioma,1,2,0.9060657,0.08937054,0.004563807
333,108550,meningioma,1,2,0.50998354,0.48480895,0.005207495
353,111366,meningioma,1,2,0.64746785,0.34114328,0.011388817
354,111366,meningioma,1,2,0.20930125,0.7410844,0.0496143
355,111366,meningioma,1,2,0.019534722,0.6666968,0.31376848
356,111366,meningioma,1,2,0.31328914,0.6321629,0.054548018
366,112062,meningioma,1,2,0.6382932,0.3615018,0.00020501607
367,112062,meningioma,1,2,0.47704634,0.5229282,2.542067e-05
368,112062,meningioma,1,2,0.014844269,0.9850949,6.0793154e-05
369,112062,meningioma,1,2,0.8076367,0.19176613,0.000597197
370,112252,meningioma,1,2,0.83367175,0.16338004,0.0029481598
371,112252,meningioma,1,2,0.002755276,0.9963748,0.0008699329
452,100920,meningioma,1,2,0.06500105,0.9276814,0.0073176324
453,100920,meningioma,1,2,1.9793668e-05,0.9934651,0.0065150573
454,100920,meningioma,1,2,0.1903393,0.58992416,0.2197366
461,101127,meningioma,1,2,0.003448581,0.074184105,0.92236733
462,101127,meningioma,1,2,0.022634003,0.08009553,0.89727044
463,101127,meningioma,1,2,0.00037471196,0.39283124,0.60679406
464,101127,meningioma,1,2,0.063878484,0.24309917,0.6930224
478,102675,meningioma,1,2,0.19452752,0.8051817,0.00029086557
479,102675,meningioma,1,2,0.8213718,0.17853536,9.279275e-05
480,102714,meningioma,1,2,0.9008803,0.09890984,0.00020981499
481,102714,meningioma,1,2,0.015800776,0.9817701,0.0024290367
482,102714,meningioma,1,2,0.0013204768,0.82210004,0.17657942
483,102714,meningioma,1,2,0.028767357,0.9632835,0.007949117
484,102714,meningioma,1,2,0.7872168,0.07544434,0.1373389
510,104281,meningioma,1,2,8.95164e-06,0.9999881,2.9740654e-06
511,104281,meningioma,1,2,0.00021311139,0.99972695,5.9968483e-05
512,104281,meningioma,1,2,1.702956e-05,0.9999776,5.3960866e-06
513,104281,meningioma,1,2,0.014647963,0.98507684,0.00027508326
514,104695,meningioma,1,2,0.091535926,0.9084221,4.189625e-05
515,104695,meningioma,1,2,0.9192037,0.0807431,5.3152362e-05
516,104695,meningioma,1,2,0.7625434,0.23669961,0.0007569462
518,105555,meningioma,1,2,0.66075546,0.33776128,0.0014832598
519,105555,meningioma,1,2,0.8348323,0.1644967,0.00067092397
523,106284,meningioma,1,2,0.034139365,0.62432796,0.34153262
524,106284,meningioma,1,2,0.04542611,0.8227489,0.13182493
525,106284,meningioma,1,2,0.025498219,0.9597797,0.01472204
526,106284,meningioma,1,2,0.0013141728,0.99352866,0.005157139
533,106665,meningioma,1,2,0.5446747,0.45452356,0.0008017912
534,106665,meningioma,1,2,0.011916797,0.98806864,1.4582241e-05
535,106665,meningioma,1,2,0.00046154583,0.9995214,1.6984563e-05
536,106665,meningioma,1,2,0.0017799821,0.998173,4.6957077e-05
537,106665,meningioma,1,2,0.00022527114,0.9997216,5.3197396e-05
538,106665,meningioma,1,2,0.011312751,0.98842794,0.0002593293
539,106665,meningioma,1,2,0.027231382,0.9725834,0.00018518325
543,106914,meningioma,1,2,0.022628026,0.26759613,0.70977587
544,106914,meningioma,1,2,0.0096391635,0.93797535,0.05238551
545,106914,meningioma,1,2,0.004270063,0.9845616,0.011168212
546,106914,meningioma,1,2,0.042384893,0.9569673,0.00064773776
547,106914,meningioma,1,2,0.00030303857,0.99956304,0.00013398202
548,106914,meningioma,1,2,0.0007260143,0.99897987,0.0002941254
549,106914,meningioma,1,2,0.06575044,0.877431,0.05681853
569,108550,meningioma,1,2,0.09678639,0.83617485,0.0670388
570,108550,meningioma,1,2,0.4449189,0.52316535,0.031915832
577,109350,meningioma,1,2,0.03973966,0.9309721,0.029288245
578,109350,meningioma,1,2,0.056851044,0.76903963,0.17410927
584,110808,meningioma,1,2,0.13502926,0.8640131,0.0009576497
585,110808,meningioma,1,2,0.9636568,0.036336787,6.441288e-06
589,111366,meningioma,1,2,0.35607478,0.6437677,0.00015756424
590,111366,meningioma,1,2,0.07127173,0.92866904,5.920744e-05
591,111366,meningioma,1,2,0.0011613611,0.9980116,0.0008269543
592,111366,meningioma,1,2,0.007624458,0.99202526,0.0003502314
597,111710,meningioma,1,2,0.98224294,0.01704978,0.00070726004
598,111710,meningioma,1,2,0.721644,0.27741885,0.0009371415
603,112062,meningioma,1,2,0.3319868,0.6679265,8.6728316e-05
604,112062,meningioma,1,2,0.11426483,0.88553923,0.00019587894
605,112062,meningioma,1,2,0.43363643,0.52426803,0.042095494
606,112252,meningioma,1,2,0.044497803,0.9547063,0.000795845
607,112252,meningioma,1,2,0.1040988,0.49149242,0.4044088
655,114417,meningioma,1,2,0.8176144,0.18230654,7.917337e-05
656,114417,meningioma,1,2,0.076071054,0.9238166,0.00011234523
657,114417,meningioma,1,2,0.44463974,0.5347325,0.020627731
658,114417,meningioma,1,2,0.08763681,0.55164146,0.3607217
693,99162,meningioma,1,2,0.43346834,0.56214625,0.0043853703
694,99162,meningioma,1,2,0.35288438,0.61126685,0.035848796
695,99162,meningioma,1,2,0.053878862,0.12720582,0.8189153
799,90284,glioma,0,2,0.9550823,0.028153233,0.016764518
800,90284,glioma,0,2,0.9963786,0.0020569297,0.001564585
801,90284,glioma,0,2,0.9860941,0.013809726,9.615963e-05
802,90284,glioma,0,2,0.96840054,0.029758377,0.0018410648
803,90284,glioma,0,2,0.9872988,0.009876312,0.0028248625
804,90284,glioma,0,2,0.7899315,0.16553959,0.044528924
805,90284,glioma,0,2,0.88278145,0.085833654,0.031384848
806,90284,glioma,0,2,0.99716055,0.0021019005,0.00073755614
809,93825,glioma,0,2,0.99953914,0.00035447752,0.0001064495
810,93825,glioma,0,2,0.99653804,0.00309882,0.00036318664
811,93825,glioma,0,2,0.99245304,0.007429292,0.00011771426
870,90284,glioma,0,2,0.8470145,0.099651255,0.053334262
871,90284,glioma,0,2,0.011733584,0.97696817,0.01129829
872,90284,glioma,0,2,0.96016186,0.032081783,0.007756253
873,90284,glioma,0,2,0.16388302,0.3869336,0.44918332
874,90284,glioma,0,2,0.020264005,0.056938626,0.9227973
875,90284,glioma,0,2,0.67053014,0.32079893,0.008670943
876,90284,glioma,0,2,0.98833746,0.0004120783,0.011250457
877,90284,glioma,0,2,0.9995765,0.00016592401,0.0002576716
878,90284,glioma,0,2,0.9925012,0.0070582866,0.00044047117
879,90284,glioma,0,2,0.98036367,0.014578886,0.0050574928
880,90284,glioma,0,2,0.9645322,0.014643022,0.020824797
888,93825,glioma,0,2,0.9862265,0.0134452535,0.00032825186
889,93825,glioma,0,2,0.991939,0.007907239,0.00015369605
890,93825,glioma,0,2,0.9998499,8.890059e-05,6.114385e-05
891,93825,glioma,0,2,0.99986815,5.3057087e-05,7.8795376e-05
946,107743,pituitary,2,2,8.040431e-07,9.625486e-05,0.99990296
947,107743,pituitary,2,2,1.5090079e-06,6.673742e-05,0.9999317
948,107743,pituitary,2,2,1.6229554e-06,0.000100473255,0.99989784
949,107743,pituitary,2,2,2.6413056e-06,0.00034152018,0.99965584
1003,112746,pituitary,2,2,0.0016210434,0.009409183,0.9889698
1004,112746,pituitary,2,2,0.00063458865,0.0014842084,0.99788123
1005,112746,pituitary,2,2,0.00016988086,0.0020133953,0.9978167
1015,114040,pituitary,2,2,0.00014550237,0.00057196204,0.99928254
1016,114040,pituitary,2,2,0.00043807982,0.0021191747,0.9974427
1017,114040,pituitary,2,2,0.0001231483,0.00021461026,0.9996623
1018,114361,pituitary,2,2,3.5192807e-05,4.534004e-06,0.9999603
1019,114361,pituitary,2,2,1.4184725e-05,1.9645257e-05,0.99996614
1020,114361,pituitary,2,2,0.0002528938,0.0001539133,0.9995932
1030,101029,pituitary,2,2,0.00036633504,0.029053818,0.97057986
1031,101029,pituitary,2,2,7.404147e-05,0.014616043,0.9853099
1032,101029,pituitary,2,2,6.694356e-06,0.0014277542,0.9985656
1033,101029,pituitary,2,2,0.0004032126,0.027158152,0.9724387
1059,107743,pituitary,2,2,1.2115008e-06,5.539991e-06,0.9999932
1060,107743,pituitary,2,2,7.2721778e-06,1.7971404e-05,0.9999747
1061,107743,pituitary,2,2,8.366088e-06,5.0692473e-05,0.999941
1062,107743,pituitary,2,2,7.683077e-06,9.756177e-05,0.99989474
1063,107743,pituitary,2,2,4.5337876e-07,6.5438326e-05,0.9999341
1064,107743,pituitary,2,2,1.10486535e-05,0.00042912186,0.9995598
1140,112746,pituitary,2,2,7.675155e-06,4.287501e-05,0.99994946
1141,112746,pituitary,2,2,2.1125355e-05,1.7008777e-05,0.99996185
1142,112746,pituitary,2,2,3.4182463e-05,4.6523895e-05,0.9999193
1143,112746,pituitary,2,2,4.106625e-05,4.024378e-05,0.9999187
1154,114040,pituitary,2,2,5.310572e-05,1.4064557e-05,0.99993277
1155,114040,pituitary,2,2,6.937839e-05,7.15491e-05,0.9998591
1156,114040,pituitary,2,2,7.013704e-05,8.99972e-05,0.9998398
1157,114361,pituitary,2,2,4.689181e-06,3.3883964e-05,0.9999614
1158,114361,pituitary,2,2,1.6886823e-05,4.548643e-06,0.99997854
1159,114361,pituitary,2,2,7.127479e-05,1.1185345e-05,0.9999175
1160,114361,pituitary,2,2,8.2705956e-05,3.5485056e-05,0.99988174
1194,107743,pituitary,2,2,0.0009535902,4.8767368e-05,0.9989976
1195,107743,pituitary,2,2,0.0001071872,8.137056e-05,0.9998115
1196,107743,pituitary,2,2,3.2069702e-06,1.12842845e-05,0.99998546
1197,107743,pituitary,2,2,1.9951445e-05,3.5554626e-06,0.9999765
1256,112746,pituitary,2,2,9.761294e-07,4.2318757e-06,0.99999475
1257,112746,pituitary,2,2,4.3132155e-07,9.668504e-05,0.99990284
1258,112746,pituitary,2,2,3.7725542e-05,5.962383e-05,0.9999026
1259,112746,pituitary,2,2,3.7592065e-07,1.2563494e-05,0.999987
1260,112746,pituitary,2,2,3.1024792e-06,3.154078e-06,0.9999938
1273,114040,pituitary,2,2,0.0006440693,0.0001284102,0.9992275
1274,114040,pituitary,2,2,0.0007847991,4.6742625e-05,0.9991685
1275,114040,pituitary,2,2,0.0040315893,0.0011537921,0.9948146
1276,114361,pituitary,2,2,6.816224e-09,0.007183201,0.9928168
1277,114361,pituitary,2,2,4.2934607e-07,0.0008683243,0.99913126
1278,114361,pituitary,2,2,3.2336047e-07,0.00059276604,0.99940693
1283,101029,pituitary,2,2,0.0011381278,0.007239191,0.9916226
1284,101029,pituitary,2,2,0.00045327217,0.0023098579,0.99723685
1317,103582,pituitary,2,2,9.757289e-05,0.0054923035,0.9944101
1318,103582,pituitary,2,2,0.003962107,0.014249446,0.9817885
1319,103582,pituitary,2,2,0.00011720174,0.0038222845,0.99606043
1320,103582,pituitary,2,2,3.348136e-06,0.00391668,0.99608
1321,103582,pituitary,2,2,6.682175e-06,0.00064057636,0.99935275
1322,103582,pituitary,2,2,0.055698704,0.003391374,0.9409099
1348,104019,pituitary,2,2,3.9437407e-05,0.0008309516,0.9991296
1349,104019,pituitary,2,2,4.444803e-05,1.012084e-05,0.9999454
1350,104019,pituitary,2,2,6.854124e-05,1.2898637e-05,0.9999186
1351,104019,pituitary,2,2,0.00024506176,2.310316e-05,0.99973184
1352,104558,pituitary,2,2,0.006909701,0.016520891,0.9765694
1353,104558,pituitary,2,2,0.004487053,0.004679553,0.99083346
1354,104558,pituitary,2,2,7.8711855e-05,0.007427113,0.9924941
1355,104558,pituitary,2,2,1.1214414e-05,0.016666228,0.98332256
1356,104558,pituitary,2,2,1.7691781e-07,0.32164916,0.6783507
1357,104558,pituitary,2,2,6.6681173e-07,0.96915776,0.030841539
1358,104558,pituitary,2,2,8.989375e-05,0.7882358,0.21167429
1359,104558,pituitary,2,2,0.00013757635,0.05844924,0.94141316
1395,97461,pituitary,2,2,0.014258209,0.0032426228,0.9824991
1396,97461,pituitary,2,2,1.0000811e-05,0.00013522797,0.9998548
1397,97461,pituitary,2,2,2.88936e-07,0.00041488433,0.99958485
1398,97461,pituitary,2,2,1.5033232e-05,0.00013643387,0.9998485
1399,97461,pituitary,2,2,7.748078e-05,0.00083560107,0.999087
1400,97461,pituitary,2,2,3.1442414e-05,0.0039957473,0.9959728
1401,97461,pituitary,2,2,2.7964159e-06,6.358013e-05,0.9999336
1402,97461,pituitary,2,2,0.0064611416,0.0012788821,0.99226004
1403,97461,pituitary,2,2,0.00068443874,0.00021110816,0.99910444
1410,97890,pituitary,2,2,4.085812e-06,9.372897e-05,0.9999021
1411,97890,pituitary,2,2,1.8759013e-07,3.068501e-05,0.9999691
1412,97890,pituitary,2,2,0.0007183401,0.000120695724,0.999161
1413,97890,pituitary,2,2,0.00023911413,4.30707e-05,0.9997178
1424,98871,pituitary,2,2,5.1199377e-06,0.0034079952,0.9965869
1425,98871,pituitary,2,2,1.7190282e-06,0.0024530834,0.9975452
1426,98871,pituitary,2,2,2.980819e-07,0.00021860206,0.9997811
1427,98871,pituitary,2,2,5.7768382e-05,0.00062439736,0.9993179
1428,98871,pituitary,2,2,6.678474e-05,0.00051412353,0.9994191
1429,98871,pituitary,2,2,0.000103107144,0.00012854,0.9997683
1462,101029,pituitary,2,2,2.392311e-05,1.4142452e-06,0.9999746
1463,101029,pituitary,2,2,5.618756e-06,6.77699e-06,0.9999876
1464,101029,pituitary,2,2,5.8942046e-06,3.40333e-06,0.9999907
1465,101029,pituitary,2,2,7.799205e-05,5.9667385e-05,0.9998623
1466,101029,pituitary,2,2,4.5037923e-06,1.0698482e-05,0.99998474
1467,101029,pituitary,2,2,8.557947e-06,5.68075e-05,0.9999347
1506,103582,pituitary,2,2,7.669269e-08,2.1275508e-05,0.99997866
1507,103582,pituitary,2,2,2.9134426e-07,3.2915417e-05,0.99996674
1508,103582,pituitary,2,2,8.392971e-08,9.611001e-05,0.9999038
1509,103582,pituitary,2,2,1.8423698e-06,7.403655e-05,0.99992406
1510,103582,pituitary,2,2,4.8475376e-06,0.00061213406,0.999383
1533,104019,pituitary,2,2,7.925918e-07,9.473562e-05,0.9999045
1534,104019,pituitary,2,2,2.530911e-06,0.00052549737,0.99947196
1535,104019,pituitary,2,2,8.092674e-07,7.224119e-05,0.9999269
1536,104019,pituitary,2,2,1.2457154e-05,0.00013409674,0.9998534
1537,104019,pituitary,2,2,6.9037505e-06,2.3641525e-05,0.9999695
1538,104558,pituitary,2,2,1.853607e-05,3.103568e-05,0.9999504
1539,104558,pituitary,2,2,4.6726263e-06,0.0006778416,0.9993175
1540,104558,pituitary,2,2,0.00011832321,0.00044721877,0.9994344
1541,104558,pituitary,2,2,8.772705e-06,0.002840303,0.99715096
1542,104558,pituitary,2,2,5.375115e-07,0.001827215,0.9981723
1543,104558,pituitary,2,2,2.8085956e-06,0.49369743,0.50629973
1544,104558,pituitary,2,2,5.2661697e-05,0.00037208525,0.9995752
1581,97461,pituitary,2,2,6.2951103e-06,3.6433394e-05,0.9999573
1582,97461,pituitary,2,2,1.7374029e-07,2.5299887e-06,0.99999726
1583,97461,pituitary,2,2,3.9002238e-08,2.0213314e-07,0.99999976
1584,97461,pituitary,2,2,2.991561e-07,3.000344e-07,0.9999994
1585,97461,pituitary,2,2,6.533289e-07,2.0537725e-07,0.99999917
1586,97461,pituitary,2,2,4.54549e-06,1.7211813e-06,0.9999937
1587,97461,pituitary,2,2,4.245658e-05,2.0318416e-06,0.99995553
1588,97461,pituitary,2,2,1.6547762e-06,1.2053607e-06,0.99999714
1596,97890,pituitary,2,2,1.54397e-06,8.1389896e-07,0.9999976
1597,97890,pituitary,2,2,1.5342731e-06,2.1661926e-06,0.9999963
1598,97890,pituitary,2,2,7.4585623e-06,1.0906689e-05,0.99998164
1599,97890,pituitary,2,2,3.001403e-07,2.0628784e-06,0.9999976
1609,98871,pituitary,2,2,3.8486e-06,9.673898e-07,0.99999523
1610,98871,pituitary,2,2,3.9585677e-05,5.5302407e-06,0.99995494
1611,98871,pituitary,2,2,5.5964627e-08,2.427132e-06,0.9999975
1612,98871,pituitary,2,2,4.2997737e-05,1.1286569e-05,0.99994576
1613,98871,pituitary,2,2,6.1202886e-06,3.3374017e-06,0.9999906
1614,98871,pituitary,2,2,2.030281e-05,1.2942534e-05,0.99996674
1615,98871,pituitary,2,2,4.503374e-06,4.4522158e-06,0.99999106
1644,101029,pituitary,2,2,1.6688117e-06,1.9558652e-06,0.9999964
1645,101029,pituitary,2,2,1.306846e-07,7.5062434e-07,0.99999917
1646,101029,pituitary,2,2,5.13517e-08,9.58069e-07,0.99999905
1647,101029,pituitary,2,2,1.2033593e-08,4.5488184e-07,0.9999995
1648,101029,pituitary,2,2,1.1290258e-05,2.271826e-06,0.9999864
1649,101029,pituitary,2,2,1.8446221e-06,7.2423204e-06,0.99999094
1650,101029,pituitary,2,2,8.0558806e-07,6.7529004e-06,0.9999925
1692,103582,pituitary,2,2,8.7196184e-08,4.8991155e-06,0.999995
1693,103582,pituitary,2,2,1.6684832e-07,4.037936e-05,0.99995947
1694,103582,pituitary,2,2,1.6389963e-07,1.2842626e-05,0.999987
1695,103582,pituitary,2,2,2.4223473e-06,6.1172635e-05,0.99993634
1696,103582,pituitary,2,2,3.7221105e-07,7.650379e-06,0.999992
1697,103582,pituitary,2,2,5.726147e-07,3.3675112e-06,0.99999607
1698,103582,pituitary,2,2,1.1849352e-05,7.656428e-06,0.99998045
1699,103582,pituitary,2,2,2.0493246e-06,0.00015119942,0.9998467
1721,104019,pituitary,2,2,4.9140867e-06,0.0006231486,0.99937195
1722,104019,pituitary,2,2,7.9167876e-07,7.9018835e-05,0.9999201
1723,104019,pituitary,2,2,5.7694706e-07,0.00011249085,0.9998869
1724,104019,pituitary,2,2,1.4853363e-05,0.00012578152,0.99985933
1725,104558,pituitary,2,2,0.00096637016,2.9650457e-05,0.99900395
1726,104558,pituitary,2,2,0.0027025444,0.001079018,0.9962185
1727,104558,pituitary,2,2,0.00020291776,0.0014783426,0.9983188
1728,104558,pituitary,2,2,1.2484733e-05,0.00022951806,0.99975795
1729,104558,pituitary,2,2,4.6851997e-06,0.0001222543,0.99987304
1730,104558,pituitary,2,2,5.3352534e-05,0.00028076052,0.99966586
1731,104558,pituitary,2,2,7.713464e-06,0.0020694593,0.99792284
1732,104558,pituitary,2,2,0.00019458223,6.4688866e-05,0.9997408
1733,104558,pituitary,2,2,0.068548284,0.001283822,0.930168
1773,97461,pituitary,2,2,2.8133961e-06,0.000113234266,0.9998839
1774,97461,pituitary,2,2,2.4338322e-08,7.4653826e-06,0.9999925
1775,97461,pituitary,2,2,7.815128e-06,9.1608345e-05,0.9999006
1776,97461,pituitary,2,2,4.7176763e-06,5.0385122e-05,0.9999449
1777,97461,pituitary,2,2,1.568281e-06,0.00025632355,0.9997421
1778,97461,pituitary,2,2,1.1558784e-05,0.00050141907,0.99948704
1779,97461,pituitary,2,2,3.8655267e-06,0.0006705703,0.99932563
1780,97461,pituitary,2,2,9.1553535e-05,0.0009368021,0.9989717
1789,97890,pituitary,2,2,1.5559826e-07,1.14796085e-05,0.9999883
1790,97890,pituitary,2,2,4.6786933e-08,1.0544656e-05,0.9999894
1791,97890,pituitary,2,2,2.862963e-07,0.00016952073,0.9998301
1792,97890,pituitary,2,2,3.4723034e-06,4.2604068e-05,0.99995387
1793,97890,pituitary,2,2,2.0054472e-07,5.195136e-05,0.9999478
1794,97890,pituitary,2,2,1.056163e-07,3.1213751e-06,0.9999968
1806,98871,pituitary,2,2,0.00056477933,0.00016367628,0.9992716
1807,98871,pituitary,2,2,0.00016590935,0.00032784362,0.99950624
1808,98871,pituitary,2,2,4.1322974e-07,0.00013265932,0.99986696
1809,98871,pituitary,2,2,1.2842118e-05,0.00034301935,0.99964416
1810,98871,pituitary,2,2,0.003604928,0.0006361059,0.99575895
1811,98871,pituitary,2,2,9.082456e-05,0.00016976953,0.99973935
1812,98871,pituitary,2,2,1.34476895e-05,0.00019608295,0.9997905
1853,MR048294B,glioma,0,2,0.9998933,1.9618888e-05,8.701866e-05
1854,MR048621B,glioma,0,2,0.99524873,0.0004997354,0.0042515197
1855,MR048621B,glioma,0,2,0.9986663,0.0002693777,0.0010642753
1856,MR048621B,glioma,0,2,0.9979943,0.00013125995,0.0018744748
1857,MR048621B,glioma,0,2,0.99888915,0.00026371286,0.0008471162
1858,MR048621B,glioma,0,2,0.999355,0.00050607865,0.00013888914
1859,MR048621B,glioma,0,2,0.9998406,0.00013983987,1.9590858e-05
1860,MR048621B,glioma,0,2,0.99886584,0.001095723,3.849068e-05
1861,MR048621B,glioma,0,2,0.99878746,0.0011281068,8.437031e-05
1879,MR049104,glioma,0,2,0.9992855,0.0003852603,0.0003292895
1880,MR049104,glioma,0,2,0.9999635,2.0804398e-05,1.5640982e-05
1945,MR048294B,glioma,0,2,0.9998473,2.1951291e-05,0.00013081195
1946,MR048294B,glioma,0,2,0.99995196,1.3270962e-05,3.482785e-05
1947,MR048294B,glioma,0,2,0.9999902,4.2269758e-06,5.654544e-06
1948,MR048621B,glioma,0,2,0.9973373,0.0015304628,0.001132231
1949,MR048621B,glioma,0,2,0.98754686,0.0017461167,0.01070706
1998,MR051461,glioma,0,2,0.9999906,8.123583e-06,1.2619706e-06
1999,MR051461,glioma,0,2,0.99999714,2.764616e-06,7.2453695e-08
2000,MR051461,glioma,0,2,0.9999907,9.057924e-06,1.892163e-07
2001,MR051461,glioma,0,2,0.99999285,6.9662397e-06,1.7913277e-07
2002,MR051461,glioma,0,2,0.9999975,2.3366356e-06,7.35425e-08
2003,MR051461,glioma,0,2,0.9999951,4.611867e-06,1.8876186e-07
2004,MR051461,glioma,0,2,0.999979,2.0814246e-05,1.1184806e-07
2012,MR051461B,glioma,0,2,0.9998528,0.00014660192,5.759851e-07
2013,MR051461B,glioma,0,2,0.99997437,2.5641744e-05,2.2465414e-08
2014,MR051461B,glioma,0,2,0.99828374,0.0017161462,1.4626447e-07
2015,MR051461B,glioma,0,2,0.9986166,0.001383152,2.2228447e-07
2016,MR051461B,glioma,0,2,0.99963975,0.0003600591,2.0089176e-07
2017,MR051644,glioma,0,2,0.84322315,0.15220624,0.004570666
2018,MR051644,glioma,0,2,0.82253754,0.10550305,0.071959354
2019,MR051644,glioma,0,2,0.9560028,0.043658644,0.00033864062
2020,MR051644,glioma,0,2,0.6852115,0.31439716,0.00039132417
2021,MR051644,glioma,0,2,0.9919092,0.008087863,3.0016542e-06
2022,MR051644,glioma,0,2,0.9983241,0.0016738365,2.0175241e-06
2023,MR051644,glioma,0,2,0.9985819,0.0014104982,7.5841663e-06
2024,MR051644,glioma,0,2,0.99631953,0.0029773281,0.0007030839
2025,MR051644,glioma,0,2,0.9922077,0.005706285,0.0020859956
2026,MR051644,glioma,0,2,0.99248016,0.0041950494,0.003324855
2027,MR051644,glioma,0,2,0.9961337,0.0036554832,0.00021085894
2028,MR051644,glioma,0,2,0.99972457,0.00023548989,3.9934042e-05
2029,MR051644,glioma,0,2,0.99953794,0.00038062263,8.151893e-05
2030,MR051644,glioma,0,2,0.9986071,0.0013337274,5.9175774e-05
2031,MR051644,glioma,0,2,0.9484146,0.051317353,0.00026798667
2038,MR051796,glioma,0,2,0.9999988,7.288722e-07,4.2684675e-07
2039,MR051796,glioma,0,2,0.9999988,3.34363e-07,8.099402e-07
2040,MR051796,glioma,0,2,0.9999989,4.5760714e-07,5.7917947e-07
2041,MR051796,glioma,0,2,0.999998,1.9027963e-06,1.245026e-07
2042,MR051796,glioma,0,2,0.99999154,8.170924e-06,1.848026e-07
2043,MR051796,glioma,0,2,0.9999124,8.756677e-05,2.4409498e-08
2044,MR051796,glioma,0,2,0.998543,0.0014567826,2.638628e-07
2058,MR051796B,glioma,0,2,0.9999945,3.5012332e-07,5.0910903e-06
2059,MR051796B,glioma,0,2,0.9997849,2.0033602e-05,0.00019507634
2060,MR051796B,glioma,0,2,0.99985576,1.3290089e-05,0.00013081556
2087,MR053110B,glioma,0,2,0.99139714,0.0015272844,0.007075526
2088,MR053110B,glioma,0,2,0.9974922,0.0020946553,0.00041318586
2089,MR053110B,glioma,0,2,0.99953127,0.000371111,9.761498e-05
2090,MR053110B,glioma,0,2,0.99993205,4.603059e-05,2.1874615e-05
2091,MR053110B,glioma,0,2,0.9999875,7.3967103e-06,5.0764224e-06
2092,MR053110B,glioma,0,2,0.99997854,1.7165796e-05,4.3414593e-06
2100,MR054875,glioma,0,2,0.999506,0.00018932266,0.0003046648
2101,MR054875,glioma,0,2,0.9999596,3.8073467e-06,3.655236e-05
2102,MR054875,glioma,0,2,0.9999496,1.457767e-05,3.584768e-05
2103,MR054875,glioma,0,2,0.9997811,5.474065e-05,0.00016423175
2128,MR053110E,glioma,0,2,0.98861885,0.00030464525,0.011076504
2129,MR053110E,glioma,0,2,0.87458277,0.0010358561,0.12438142
2130,MR053110E,glioma,0,2,0.9997204,0.00016691611,0.000112663976
2131,MR053110E,glioma,0,2,0.99961346,0.0002270656,0.00015941254
2132,MR053110E,glioma,0,2,0.9998666,3.4557495e-05,9.8861085e-05
2133,MR053110E,glioma,0,2,0.9998117,2.954964e-05,0.00015870883
2186,MR037458C,glioma,0,2,0.9429744,0.012877076,0.04414857
2187,MR037458C,glioma,0,2,0.99655557,0.00030755348,0.0031369003
2188,MR037458C,glioma,0,2,0.99807525,0.0018669445,5.7854017e-05
2189,MR037458C,glioma,0,2,0.99995875,2.8463211e-05,1.2714174e-05
2190,MR037458C,glioma,0,2,0.9999516,4.002143e-05,8.362571e-06
2191,MR037458C,glioma,0,2,0.99999106,6.388011e-06,2.5428055e-06
2192,MR037458C,glioma,0,2,0.9990958,0.0008920266,1.2137605e-05
2193,MR037458C,glioma,0,2,0.99996233,3.3836335e-05,3.8415287e-06
2194,MR037458C,glioma,0,2,0.89454824,0.10445995,0.0009917967
2195,MR037458C,glioma,0,2,0.999956,4.2687694e-05,1.3220417e-06
2244,MR049104,glioma,0,2,0.9999875,1.1033433e-05,1.4493351e-06
2245,MR049104,glioma,0,2,0.99999964,3.1352045e-07,5.0903928e-08
2246,MR049104,glioma,0,2,0.9999995,2.204922e-07,2.1557665e-07
2333,MR051461,glioma,0,2,0.9999962,3.4066384e-06,2.983554e-07
2334,MR051461,glioma,0,2,0.9999882,1.1581345e-05,2.337337e-07
2335,MR051461,glioma,0,2,0.99990237,9.744089e-05,2.2189015e-07
2336,MR051461,glioma,0,2,0.9999151,8.421896e-05,5.480927e-07
2337,MR051461,glioma,0,2,0.9999845,1.46155435e-05,8.414956e-07
2338,MR051461,glioma,0,2,0.9999989,5.199104e-07,6.137889e-07
2339,MR051461,glioma,0,2,0.9999999,1.0410918e-07,5.456885e-08
2340,MR051461,glioma,0,2,0.99999917,4.6467161e-07,3.8140735e-07
2341,MR051461,glioma,0,2,0.9999993,5.539203e-07,6.573423e-08
2362,MR040240C,glioma,0,2,0.9993094,0.00040384775,0.00028668327
2363,MR040240C,glioma,0,2,0.99999917,5.892493e-07,2.860115e-07
2364,MR040240C,glioma,0,2,0.9999809,1.8266437e-05,8.4548566e-07
2365,MR040240C,glioma,0,2,0.99988616,2.233913e-05,9.1584225e-05
2366,MR040240C,glioma,0,2,0.9999728,7.563361e-06,1.9691232e-05
2367,MR040240C,glioma,0,2,0.99996066,4.830255e-06,3.443888e-05
2368,MR040240C,glioma,0,2,0.9999937,9.840066e-07,5.319733e-06
2369,MR040240C,glioma,0,2,0.99997497,8.052955e-06,1.6935162e-05
2370,MR040240C,glioma,0,2,0.9999844,7.625038e-06,8.039901e-06
2371,MR040240C,glioma,0,2,0.99997365,1.8187302e-05,8.125972e-06
2372,MR040240C,glioma,0,2,0.9999982,1.5252963e-06,2.7375785e-07
2415,MR048294B,glioma,0,2,0.9998994,3.0224405e-07,0.00010019248
2416,MR048294B,glioma,0,2,0.9992409,8.7825987e-07,0.00075830735
2417,MR048294B,glioma,0,2,0.9999769,2.33745e-06,2.075937e-05
2418,MR048294B,glioma,0,2,0.99999714,3.3452e-07,2.5148768e-06
2419,MR048294B,glioma,0,2,0.9999994,1.6735204e-07,5.293101e-07
2420,MR048621B,glioma,0,2,0.9998971,4.7997186e-05,5.487476e-05
2421,MR048621B,glioma,0,2,0.99995804,1.2574373e-05,2.9471863e-05
2422,MR048621B,glioma,0,2,0.99999833,6.207975e-07,1.0619068e-06
2423,MR048621B,glioma,0,2,0.99985707,4.1176286e-06,0.00013869717
2424,MR048621B,glioma,0,2,0.99992836,2.8808024e-06,6.875271e-05
2425,MR048621B,glioma,0,2,0.9999217,5.4117885e-07,7.769238e-05
2442,MR037458C,glioma,0,2,0.99989736,4.742227e-05,5.52063e-05
2509,MR040240C,glioma,0,2,0.99988973,7.312234e-06,0.00010296902
2510,MR040240C,glioma,0,2,0.99986327,2.0023024e-05,0.0001167067
2511,MR040240C,glioma,0,2,0.9999882,1.14410705e-05,3.25247e-07
2512,MR040240C,glioma,0,2,0.9999956,4.121971e-06,1.95518e-07
2513,MR040240C,glioma,0,2,0.9999845,1.3789686e-05,1.726716e-06
2514,MR040240C,glioma,0,2,0.9997594,0.0002385246,2.1453388e-06
2515,MR040240C,glioma,0,2,0.99641716,0.0035667943,1.6072463e-05
2516,MR040240C,glioma,0,2,0.9998752,2.1668715e-05,0.00010304503
2517,MR040240C,glioma,0,2,0.99989414,4.3248718e-05,6.260526e-05
2518,MR040240C,glioma,0,2,0.99990606,8.472829e-05,9.181794e-06
2519,MR040240C,glioma,0,2,0.9997627,0.00015926933,7.8018056e-05
2520,MR040240C,glioma,0,2,0.99973017,0.0002613727,8.490616e-06
2521,MR040240C,glioma,0,2,0.99953735,0.00045915393,3.520858e-06
2522,MR040240C,glioma,0,2,0.9996093,0.0003695203,2.1161935e-05
2523,MR040240C,glioma,0,2,0.99997735,2.155213e-05,1.0200589e-06
2550,MR051461B,glioma,0,2,0.9996138,0.00032574922,6.0446673e-05
2551,MR051461B,glioma,0,2,0.9997172,0.00025091285,3.1885484e-05
2552,MR051461B,glioma,0,2,0.99461925,0.005257733,0.00012292991
2553,MR051461B,glioma,0,2,0.99996257,3.511618e-05,2.2693466e-06
2554,MR051644,glioma,0,2,0.99996185,3.4544737e-05,3.5958906e-06
2555,MR051644,glioma,0,2,0.9998093,0.00018299278,7.715364e-06
2556,MR051644,glioma,0,2,0.99984133,0.00015691653,1.6436794e-06
2557,MR051644,glioma,0,2,0.99994445,5.5188633e-05,3.511886e-07
2558,MR051644,glioma,0,2,0.99996483,3.3515487e-05,1.6251272e-06
2559,MR051644,glioma,0,2,0.99985886,0.00013703096,3.993337e-06
2560,MR051644,glioma,0,2,0.9999634,3.5730493e-05,8.6415486e-07
2561,MR051644,glioma,0,2,0.9999888,1.0651957e-05,6.042139e-07
2562,MR051644,glioma,0,2,0.9997745,0.00022515937,3.318381e-07
2563,MR051644,glioma,0,2,0.99999833,1.5140488e-06,7.929054e-08
2564,MR051644,glioma,0,2,0.9999883,1.1512784e-05,6.162925e-08
2565,MR051644,glioma,0,2,0.9999993,6.3803526e-07,1.3684887e-07
2573,MR051796,glioma,0,2,0.9999654,1.6001374e-06,3.297083e-05
2574,MR051796,glioma,0,2,0.999808,1.8067701e-06,0.00019020995
2575,MR051796,glioma,0,2,0.99997497,9.3658684e-07,2.4082485e-05
2576,MR051796,glioma,0,2,0.99998164,2.6460445e-06,1.5714215e-05
2577,MR051796,glioma,0,2,0.99998355,7.345142e-06,9.099471e-06
2578,MR051796,glioma,0,2,0.9999616,2.4675554e-05,1.3698173e-05
2586,MR051796B,glioma,0,2,0.9999881,4.5748193e-06,7.4138197e-06
2587,MR051796B,glioma,0,2,0.99997044,7.6016505e-07,2.8816014e-05
2588,MR051796B,glioma,0,2,0.9999943,1.972603e-07,5.480355e-06
2617,MR053110B,glioma,0,2,0.9999988,4.3386146e-07,7.319999e-07
2618,MR053110B,glioma,0,2,0.999997,2.398408e-06,6.0559177e-07
2619,MR053110B,glioma,0,2,0.99999917,7.105748e-08,6.841953e-07
2620,MR053110B,glioma,0,2,0.99999726,5.554395e-07,2.1875903e-06
2621,MR053110B,glioma,0,2,0.9999989,3.397399e-07,7.193439e-07
2622,MR053110B,glioma,0,2,0.99998975,9.161516e-06,1.0284466e-06
2623,MR053110B,glioma,0,2,0.9999956,4.1994595e-06,2.9674058e-07
2664,MR053110E,glioma,0,2,0.9997024,0.00025420377,4.3404616e-05
2665,MR053110E,glioma,0,2,0.9998172,4.3892323e-05,0.00013898675
2666,MR053110E,glioma,0,2,0.9995146,0.00048220172,3.1630134e-06
2667,MR053110E,glioma,0,2,0.99956053,0.00025251752,0.00018701337
2668,MR053110E,glioma,0,2,0.999451,0.00043466283,0.00011439369
2669,MR053110E,glioma,0,2,0.99998057,1.2559963e-05,6.968201e-06
2670,MR053110E,glioma,0,2,0.9999211,7.639269e-05,2.4486678e-06
2671,MR053110E,glioma,0,2,0.999918,8.003532e-05,2.0258294e-06
2672,MR053110E,glioma,0,2,0.99966276,0.00032633793,1.0979266e-05
2673,MR053110E,glioma,0,2,0.9997987,0.00019704718,4.284735e-06
2674,MR053110E,glioma,0,2,0.9994437,0.0005460926,1.0161254e-05
2723,MR037458C,glioma,0,2,0.9999958,1.3938156e-06,2.6966404e-06
2724,MR037458C,glioma,0,2,0.9999671,3.0319707e-05,2.6609262e-06
2725,MR037458C,glioma,0,2,0.9999132,8.141898e-05,5.371588e-06
2726,MR037458C,glioma,0,2,0.9999529,3.2046693e-05,1.505855e-05
2727,MR037458C,glioma,0,2,0.9999554,3.9603743e-05,5.0175217e-06
2728,MR037458C,glioma,0,2,0.9999894,6.993207e-06,3.5484522e-06
2729,MR037458C,glioma,0,2,0.9998889,6.274916e-05,4.843698e-05
2730,MR037458C,glioma,0,2,0.99980825,0.00017799776,1.3782313e-05
2738,MR053110E,glioma,0,2,0.99447614,0.0052531203,0.00027080136
2739,MR053110E,glioma,0,2,0.9868787,0.0075637824,0.005557546
2740,MR053110E,glioma,0,2,0.99989116,4.62717e-05,6.254259e-05
2741,MR053110E,glioma,0,2,0.9997161,0.00020254553,8.12937e-05
2742,MR053110E,glioma,0,2,0.99739873,0.0025419358,5.930766e-05
2831,MR048294B,glioma,0,2,0.99081755,0.009094932,8.7571854e-05
2832,MR048294B,glioma,0,2,0.99908674,0.00070941215,0.00020384183
2833,MR048294B,glioma,0,2,0.9999716,1.1071816e-05,1.7230459e-05
2834,MR048294B,glioma,0,2,0.99995625,1.3519074e-06,4.238884e-05
2835,MR048294B,glioma,0,2,0.9998623,3.7202156e-07,0.0001372725
2836,MR048294B,glioma,0,2,0.99997854,6.1055096e-07,2.0889564e-05
2837,MR048621B,glioma,0,2,0.99997187,5.1305815e-06,2.302114e-05
2838,MR048621B,glioma,0,2,0.9999975,2.117271e-06,3.4983665e-07
2839,MR048621B,glioma,0,2,0.99999917,5.870035e-07,2.506938e-07
2854,MR049104,glioma,0,2,0.9993413,5.9269005e-05,0.00059935835
2855,MR049104,glioma,0,2,0.999933,1.0167107e-06,6.589994e-05
2856,MR049104,glioma,0,2,0.9999659,5.8536316e-06,2.823876e-05
2857,MR049104,glioma,0,2,0.9999777,5.754907e-06,1.6521511e-05
2918,MR051461,glioma,0,2,0.9999957,4.181245e-06,1.1799317e-07
2919,MR051461,glioma,0,2,0.9999776,2.165736e-05,7.047182e-07
2920,MR051461,glioma,0,2,0.99958247,0.00041535348,2.1514145e-06
2921,MR051461,glioma,0,2,0.99961555,0.00038345845,9.3281625e-07
2922,MR051461,glioma,0,2,0.9998714,0.00012694644,1.7069498e-06
2923,MR051461,glioma,0,2,0.99994814,4.570679e-05,6.2331455e-06
2924,MR051461,glioma,0,2,0.9999548,3.890092e-05,6.359018e-06
2934,MR051644,glioma,0,2,0.99968183,0.0003154559,2.7099657e-06
2935,MR051644,glioma,0,2,0.99946636,0.0005172068,1.643446e-05
2936,MR051644,glioma,0,2,0.9994454,0.00050409563,5.047106e-05
2937,MR051644,glioma,0,2,0.99975437,0.00023244871,1.32670875e-05
2938,MR051644,glioma,0,2,0.99927276,0.00072438933,2.8613847e-06
2939,MR051644,glioma,0,2,0.99992955,5.9241036e-05,1.1183913e-05
2940,MR051644,glioma,0,2,0.9993412,0.0005787812,8.0007914e-05
2941,MR051644,glioma,0,2,0.99894935,0.0010440069,6.7181663e-06
2942,MR051644,glioma,0,2,0.99940896,0.00058654696,4.5529073e-06
2943,MR051644,glioma,0,2,0.9999149,8.087532e-05,4.2647994e-06
2948,MR051796,glioma,0,2,0.99836963,0.00046742262,0.0011629811
2949,MR051796,glioma,0,2,0.9998227,4.7355818e-05,0.00013008545
2950,MR051796,glioma,0,2,0.9999465,3.92162e-05,1.4338077e-05
2951,MR051796,glioma,0,2,0.999856,4.8609243e-05,9.530397e-05
2952,MR051796,glioma,0,2,0.997265,0.00015763567,0.0025774236
2953,MR051796,glioma,0,2,0.93601346,0.0009825454,0.06300392
2954,MR051796,glioma,0,2,0.9638338,0.0006087098,0.03555749
2970,MR051796B,glioma,0,2,0.9997563,9.400832e-06,0.00023427697
2971,MR051796B,glioma,0,2,0.999959,1.0161628e-05,3.0865693e-05
2972,MR051796B,glioma,0,2,0.9998964,2.0191892e-06,0.00010153363
2973,MR051796B,glioma,0,2,0.9999709,1.1930038e-05,1.7109864e-05
2974,MR051796B,glioma,0,2,0.99997115,8.000985e-06,2.0826354e-05
2999,MR053110B,glioma,0,2,0.9998504,0.000112792586,3.6794365e-05
3000,MR053110B,glioma,0,2,0.99998844,6.277189e-06,5.1893426e-06
3001,MR053110B,glioma,0,2,0.999913,6.919572e-05,1.7721073e-05
3002,MR053110B,glioma,0,2,0.9999063,1.4766744e-05,7.8852885e-05
3003,MR053110B,glioma,0,2,0.9993843,0.0005881779,2.7462342e-05
3004,MR053110B,glioma,0,2,0.9911028,0.008707431,0.00018971466
3009,MR054875,glioma,0,2,0.9919527,0.00010325078,0.007944075
3010,MR054875,glioma,0,2,0.9994603,3.953633e-05,0.00050020043
3011,MR054875,glioma,0,2,0.99440104,0.00010247579,0.0054965154
3012,MR054875,glioma,0,2,0.9878754,0.00020222772,0.011922422
3013,MR054875,glioma,0,2,0.9994036,0.0001020678,0.0004942579
3030,53669,meningioma,1,2,0.16372266,0.831471,0.0048062494
3042,MR040240C,glioma,0,2,0.9999018,1.611591e-05,8.208973e-05
3043,MR040240C,glioma,0,2,0.99986005,0.00010519635,3.466953e-05
3044,MR040240C,glioma,0,2,0.9999672,2.229114e-05,1.05302315e-05
3045,MR040240C,glioma,0,2,0.99207157,0.005627196,0.0023011325
3046,MR040240C,glioma,0,2,0.9935408,0.0027679987,0.0036911785
1,100360,meningioma,1,3,0.90857846,0.04141022,0.05001131
2,100360,meningioma,1,3,0.5046881,0.19004384,0.3052681
3,100360,meningioma,1,3,0.9594921,0.022120921,0.018387042
4,100360,meningioma,1,3,0.98574847,0.010980318,0.0032712936
5,100360,meningioma,1,3,0.9964497,0.0032259715,0.00032428393
24,102420,meningioma,1,3,0.20580852,0.6946805,0.099511005
25,102420,meningioma,1,3,0.014826411,0.3881588,0.59701484
42,103925,meningioma,1,3,0.6992764,0.057983506,0.24274011
43,103925,meningioma,1,3,0.09246138,0.3762207,0.5313179
44,103925,meningioma,1,3,0.00021610771,0.005115999,0.9946679
132,111532,meningioma,1,3,0.829537,0.17037772,8.536796e-05
133,111532,meningioma,1,3,0.00780884,0.99218583,5.266542e-06
134,111532,meningioma,1,3,0.014012047,0.9859671,2.0925447e-05
135,112002,meningioma,1,3,0.39643756,0.5709425,0.03261993
136,112002,meningioma,1,3,0.39295572,0.60401654,0.0030277045
137,112002,meningioma,1,3,0.5758388,0.40217894,0.021982227
138,112002,meningioma,1,3,0.52017653,0.46800876,0.011814717
144,112552,meningioma,1,3,0.6145518,0.29674134,0.088706866
145,112552,meningioma,1,3,0.020442205,0.9751663,0.0043914383
146,112552,meningioma,1,3,0.1150841,0.88156956,0.0033463205
147,112552,meningioma,1,3,0.024061153,0.9746524,0.0012864141
148,112552,meningioma,1,3,0.061510596,0.938048,0.00044142068
149,112552,meningioma,1,3,0.01361557,0.9858906,0.00049389986
150,112552,meningioma,1,3,0.103961736,0.8959375,0.000100851365
164,114018,meningioma,1,3,0.009900505,0.4976499,0.49244958
165,114018,meningioma,1,3,0.001312791,0.20127302,0.7974142
166,114018,meningioma,1,3,0.0043793204,0.30938342,0.6862372
167,114018,meningioma,1,3,0.013903794,0.57068336,0.41541284
168,114018,meningioma,1,3,0.039716735,0.9017893,0.05849404
175,97607,meningioma,1,3,0.048967887,0.9508789,0.00015328875
176,97607,meningioma,1,3,0.024487564,0.97545683,5.5626195e-05
177,97607,meningioma,1,3,0.003959896,0.99602216,1.7944449e-05
178,97607,meningioma,1,3,0.0038308597,0.9961577,1.1445901e-05
179,97607,meningioma,1,3,0.020800298,0.97918475,1.4929934e-05
187,97943,meningioma,1,3,0.3309098,0.47787592,0.19121432
188,97943,meningioma,1,3,0.85515857,0.1366053,0.008236168
189,97943,meningioma,1,3,0.27980617,0.6032431,0.116950765
190,97943,meningioma,1,3,0.21635914,0.6584299,0.12521088
191,97943,meningioma,1,3,0.5067126,0.4258983,0.06738913
211,100360,meningioma,1,3,0.804457,0.19527087,0.0002721396
212,100360,meningioma,1,3,0.96768713,0.032145835,0.00016708145
213,100360,meningioma,1,3,0.48832095,0.48939362,0.022285411
214,100360,meningioma,1,3,0.91365546,0.08259118,0.0037533515
215,100360,meningioma,1,3,0.9799872,0.019851074,0.00016168092
216,100360,meningioma,1,3,0.98167026,0.018090159,0.00023950588
217,100360,meningioma,1,3,0.68654865,0.30654207,0.0069092675
236,102420,meningioma,1,3,0.023621295,0.79071796,0.18566078
237,102420,meningioma,1,3,0.03989985,0.6545455,0.3055546
238,102420,meningioma,1,3,0.016236397,0.6940695,0.28969413
261,103925,meningioma,1,3,0.38560095,0.512413,0.10198595
262,103925,meningioma,1,3,0.5698125,0.32018253,0.11000503
263,103925,meningioma,1,3,0.15914188,0.5498957,0.29096246
264,103925,meningioma,1,3,0.30991277,0.38231125,0.30777603
265,103925,meningioma,1,3,0.32794103,0.58481395,0.087245055
266,103925,meningioma,1,3,0.4128282,0.5603416,0.026830181
267,103925,meningioma,1,3,0.40416136,0.5814714,0.014367206
268,103925,meningioma,1,3,0.54299295,0.44338325,0.013623837
357,111532,meningioma,1,3,0.78327197,0.18715014,0.029577898
358,111532,meningioma,1,3,0.7133746,0.077312484,0.20931287
359,111532,meningioma,1,3,0.94602555,0.05097499,0.0029994461
360,111532,meningioma,1,3,0.9232323,0.074807316,0.0019603956
361,111532,meningioma,1,3,0.97619504,0.01946635,0.0043385862
362,112002,meningioma,1,3,0.67898035,0.3158113,0.0052083633
363,112002,meningioma,1,3,0.5064498,0.49131608,0.0022341039
364,112002,meningioma,1,3,0.38224497,0.6169399,0.00081516017
365,112002,meningioma,1,3,0.92350596,0.07496288,0.0015311557
372,112552,meningioma,1,3,0.098415874,0.81217223,0.089411825
373,112552,meningioma,1,3,0.7392205,0.24520555,0.015573955
374,112552,meningioma,1,3,0.21872815,0.6285687,0.1527031
375,112552,meningioma,1,3,0.29440233,0.65533245,0.05026525
376,112552,meningioma,1,3,0.928386,0.0642548,0.0073592844
377,112552,meningioma,1,3,0.42843023,0.055996895,0.51557285
378,112552,meningioma,1,3,0.45290267,0.38186622,0.16523105
395,114018,meningioma,1,3,0.5645148,0.3253136,0.110171594
396,114018,meningioma,1,3,0.029816484,0.015651487,0.954532
397,114018,meningioma,1,3,0.084757425,0.1954072,0.71983546
398,114018,meningioma,1,3,0.860907,0.043856453,0.09523654
405,97607,meningioma,1,3,0.00069061003,0.98069626,0.018613214
406,97607,meningioma,1,3,0.01516842,0.9762882,0.008543399
407,97607,meningioma,1,3,0.00449935,0.99517894,0.0003216879
418,97943,meningioma,1,3,5.389089e-05,0.99039453,0.009551587
419,97943,meningioma,1,3,0.0031601375,0.99545884,0.0013810912
420,97943,meningioma,1,3,0.0054815067,0.9944847,3.374798e-05
421,97943,meningioma,1,3,0.039785657,0.96016115,5.3277457e-05
422,97943,meningioma,1,3,0.1961895,0.8037321,7.840974e-05
442,100360,meningioma,1,3,0.47575602,0.5240919,0.00015207405
443,100360,meningioma,1,3,0.6282581,0.37010697,0.0016349572
444,100360,meningioma,1,3,0.49042276,0.5087492,0.00082801975
445,100360,meningioma,1,3,0.62684625,0.37207577,0.0010778838
446,100360,meningioma,1,3,0.6756784,0.31757283,0.006748827
447,100360,meningioma,1,3,0.062046777,0.8252782,0.11267501
474,102420,meningioma,1,3,0.4064781,0.24189445,0.3516274
475,102420,meningioma,1,3,0.21129134,0.20332931,0.58537936
485,102818,meningioma,1,3,0.5395543,0.45096806,0.009477631
486,102818,meningioma,1,3,0.07562225,0.9053368,0.01904096
487,102818,meningioma,1,3,0.013365138,0.77175456,0.21488026
488,102818,meningioma,1,3,0.6692618,0.07452813,0.2562101
501,103925,meningioma,1,3,0.010305722,0.040968165,0.9487261
502,103925,meningioma,1,3,0.19121043,0.30782095,0.5009686
503,103925,meningioma,1,3,0.22300903,0.38349319,0.3934977
504,103925,meningioma,1,3,0.15545121,0.71577805,0.12877071
593,111532,meningioma,1,3,0.18891208,0.8108894,0.0001984296
594,111532,meningioma,1,3,0.09174384,0.9052465,0.003009625
595,111532,meningioma,1,3,0.7763104,0.14952785,0.07416181
599,112002,meningioma,1,3,0.99587566,0.004024994,9.933429e-05
600,112002,meningioma,1,3,0.46110904,0.5157849,0.023106083
601,112002,meningioma,1,3,0.39032227,0.60481733,0.004860381
602,112002,meningioma,1,3,0.30490837,0.54726857,0.14782307
608,112552,meningioma,1,3,0.38016036,0.50719005,0.11264961
609,112552,meningioma,1,3,0.47515443,0.325543,0.19930266
610,112552,meningioma,1,3,0.1017006,0.83143157,0.06686788
611,112552,meningioma,1,3,0.15433022,0.84485877,0.00081095257
612,112552,meningioma,1,3,0.36692727,0.63027203,0.0028007186
613,112552,meningioma,1,3,0.2689413,0.7293506,0.0017080794
614,112552,meningioma,1,3,0.04187652,0.9571984,0.0009250767
619,112650,meningioma,1,3,0.07024908,0.92962474,0.00012624098
620,112650,meningioma,1,3,0.5506443,0.44911402,0.00024167285
642,114018,meningioma,1,3,0.045216933,0.66280234,0.29198068
643,114018,meningioma,1,3,0.0010370379,0.41856647,0.58039653
644,114018,meningioma,1,3,0.02745597,0.3944835,0.5780605
645,114018,meningioma,1,3,0.0069077793,0.05959327,0.9334989
646,114018,meningioma,1,3,0.0043228837,0.051345505,0.9443316
647,114018,meningioma,1,3,0.03390385,0.02058329,0.94551283
664,97607,meningioma,1,3,0.19695863,0.80284065,0.00020067827
665,97607,meningioma,1,3,0.052445956,0.91743296,0.030121105
666,97607,meningioma,1,3,0.084723644,0.7973247,0.11795163
667,97607,meningioma,1,3,0.1600433,0.3848705,0.45508617
675,97943,meningioma,1,3,0.59889793,0.39991698,0.0011850818
676,97943,meningioma,1,3,0.7317069,0.26805118,0.0002418531
677,97943,meningioma,1,3,0.49189037,0.5073256,0.0007840541
678,97943,meningioma,1,3,0.36439624,0.5545522,0.081051536
679,97943,meningioma,1,3,0.87767905,0.08689267,0.03542821
712,106062,pituitary,2,3,1.7321134e-05,5.9086815e-05,0.9999236
713,106062,pituitary,2,3,6.822698e-05,0.00014921682,0.9997826
714,106062,pituitary,2,3,7.552998e-05,0.00066889025,0.9992556
722,102075,glioma,0,3,0.9369685,0.0052878144,0.05774376
723,102075,glioma,0,3,0.34952742,0.16496548,0.4855071
724,102075,glioma,0,3,0.19068453,0.17257817,0.63673735
761,102075,glioma,0,3,0.9276236,0.0704273,0.0019490832
762,102075,glioma,0,3,0.79302317,0.20252328,0.0044534486
763,102075,glioma,0,3,0.1630958,0.8248261,0.012078134
812,97609,glioma,0,3,0.90833324,0.09152666,0.00014013516
813,97609,glioma,0,3,0.62337,0.37590736,0.00072268397
814,97609,glioma,0,3,0.68870574,0.31056204,0.0007322178
815,97609,glioma,0,3,0.8470659,0.15218513,0.0007489169
816,97609,glioma,0,3,0.90794533,0.09183159,0.00022311982
817,97609,glioma,0,3,0.8031223,0.19626023,0.00061752147
818,100416,glioma,0,3,0.7075058,0.29171452,0.0007796875
819,100416,glioma,0,3,0.9812552,0.018661626,8.3192455e-05
820,100416,glioma,0,3,0.9696158,0.030067986,0.00031620002
821,100416,glioma,0,3,0.96422935,0.035557363,0.00021332424
837,102075,glioma,0,3,0.630304,0.3676869,0.0020090907
838,102075,glioma,0,3,0.35035822,0.6429394,0.0067023817
839,102075,glioma,0,3,0.8226263,0.17717808,0.00019559676
844,105653,glioma,0,3,0.43778387,0.5346661,0.027550036
845,105653,glioma,0,3,0.12032897,0.6294756,0.2501955
857,108479,glioma,0,3,0.59665966,0.044649903,0.35869038
858,108479,glioma,0,3,0.43688202,0.01986162,0.5432564
904,96587,glioma,0,3,0.76426166,0.23474173,0.0009966211
905,96587,glioma,0,3,0.9626455,0.03726958,8.4883184e-05
906,96587,glioma,0,3,0.9868036,0.013152174,4.4254382e-05
907,96587,glioma,0,3,0.9520298,0.047869876,0.00010028001
908,97609,glioma,0,3,0.9472429,0.052656826,0.000100301375
909,97609,glioma,0,3,0.9884106,0.011543149,4.631597e-05
910,97609,glioma,0,3,0.85853136,0.1412016,0.00026698792
911,97609,glioma,0,3,0.9677697,0.018054841,0.014175551
922,106062,pituitary,2,3,0.00070025463,0.0010137759,0.99828595
923,106062,pituitary,2,3,0.00018195942,0.0005883887,0.99922967
924,106062,pituitary,2,3,2.647758e-05,0.00013467265,0.9998388
925,106062,pituitary,2,3,1.7938793e-05,0.00011351386,0.9998685
939,107505,pituitary,2,3,0.00015029906,1.5005307e-05,0.99983466
940,107505,pituitary,2,3,2.3570066e-05,2.2455779e-05,0.999954
941,107505,pituitary,2,3,2.3155449e-06,6.4814403e-06,0.9999912
942,107505,pituitary,2,3,3.137407e-06,4.970117e-06,0.9999919
943,107505,pituitary,2,3,3.7269217e-06,5.633108e-07,0.9999957
944,107505,pituitary,2,3,1.175042e-05,1.0213158e-05,0.99997807
945,107505,pituitary,2,3,3.1628875e-05,7.822128e-06,0.99996054
955,108931,pituitary,2,3,3.915951e-07,3.6840494e-05,0.9999628
956,108931,pituitary,2,3,2.2616774e-07,2.6672495e-05,0.99997306
957,108931,pituitary,2,3,1.5583344e-06,7.3882125e-05,0.99992454
958,109471,pituitary,2,3,0.00015955392,0.0623675,0.93747294
959,109471,pituitary,2,3,0.00018214826,0.06614367,0.9336742
960,109471,pituitary,2,3,0.0006692867,0.026346741,0.972984
961,109471,pituitary,2,3,0.0032715597,0.037308343,0.9594201
962,109769,pituitary,2,3,1.0010804e-06,1.6719603e-05,0.99998224
963,109769,pituitary,2,3,6.622519e-07,9.411973e-06,0.99998987
964,109769,pituitary,2,3,1.5298989e-05,3.7255853e-05,0.9999474
965,109769,pituitary,2,3,2.7925803e-06,1.9171583e-05,0.99997807
980,111075,pituitary,2,3,0.0007430634,0.00062842696,0.9986285
981,111075,pituitary,2,3,0.0006313589,0.00019833367,0.9991703
982,111075,pituitary,2,3,1.4246641e-05,5.2948948e-05,0.99993277
983,111075,pituitary,2,3,4.6251074e-07,3.43963e-05,0.9999652
984,111075,pituitary,2,3,7.8788685e-07,1.2582907e-06,0.999998
985,111075,pituitary,2,3,1.6384513e-06,3.0264125e-06,0.99999535
994,112074,pituitary,2,3,0.09237928,0.10244582,0.8051749
995,112074,pituitary,2,3,8.603773e-05,0.037461974,0.96245193
996,112074,pituitary,2,3,0.0001138956,0.039716244,0.9601698
997,112074,pituitary,2,3,0.001210296,0.056947358,0.9418423
1025,101017,pituitary,2,3,3.0183419e-06,0.00014655935,0.9998504
1026,101017,pituitary,2,3,2.0300001e-07,6.358893e-06,0.99999344
1027,101017,pituitary,2,3,1.0753483e-06,2.1176782e-05,0.9999777
1028,101017,pituitary,2,3,1.251063e-05,0.00015527966,0.99983215
1029,101017,pituitary,2,3,1.1700745e-05,0.00016208562,0.99982625
1035,106062,pituitary,2,3,0.008863145,0.002701717,0.98843515
1036,106062,pituitary,2,3,0.002622338,0.002325096,0.99505264
1037,106062,pituitary,2,3,0.009101267,0.0072848233,0.98361397
1038,106062,pituitary,2,3,0.0007489462,0.0005704347,0.99868065
1039,106062,pituitary,2,3,0.00016465805,0.000743099,0.9990922
1040,106062,pituitary,2,3,0.0010597213,0.002749366,0.9961909
1041,106062,pituitary,2,3,0.012701216,0.004572599,0.9827262
1054,107505,pituitary,2,3,0.00019641645,0.0002134243,0.9995902
1055,107505,pituitary,2,3,8.402593e-05,4.4701057e-05,0.99987125
1056,107505,pituitary,2,3,0.0008585901,0.00028713673,0.9988543
1057,107505,pituitary,2,3,0.00010873555,0.000579728,0.99931157
1058,107505,pituitary,2,3,0.0040414627,0.0018265451,0.994132
1070,108931,pituitary,2,3,0.00064357586,0.0003238909,0.9990325
1071,108931,pituitary,2,3,0.0003776236,0.0006307225,0.99899167
1072,108931,pituitary,2,3,0.00029600883,0.00014934552,0.9995546
1073,108931,pituitary,2,3,6.613536e-05,5.496678e-05,0.9998789
1074,108931,pituitary,2,3,0.00015728774,0.00017815644,0.99966455
1075,108931,pituitary,2,3,0.00025078555,0.0002198525,0.99952936
1076,108931,pituitary,2,3,0.00095745735,1.169998e-05,0.9990308
1077,109471,pituitary,2,3,0.0002731408,0.000357708,0.9993692
1078,109471,pituitary,2,3,0.00032559995,0.00016237922,0.9995121
1079,109471,pituitary,2,3,0.0025608866,9.327428e-05,0.99734586
1080,109471,pituitary,2,3,0.00082723994,0.00014018202,0.9990326
1081,109471,pituitary,2,3,0.00087157235,9.0139794e-05,0.99903834
1082,109471,pituitary,2,3,0.0019663316,0.000651563,0.9973821
1083,109769,pituitary,2,3,7.447944e-06,5.842584e-05,0.9999341
1084,109769,pituitary,2,3,6.5678923e-06,7.7720746e-05,0.9999157
1085,109769,pituitary,2,3,2.830264e-05,0.0006812894,0.99929035
1086,109769,pituitary,2,3,8.557651e-06,0.00063667225,0.9993548
1087,109769,pituitary,2,3,3.0738112e-05,0.00044033825,0.9995289
1112,111075,pituitary,2,3,6.7665045e-05,5.8347054e-05,0.999874
1113,111075,pituitary,2,3,9.5027804e-05,0.0002348041,0.99967015
1114,111075,pituitary,2,3,6.602737e-05,0.0002644626,0.99966955
1115,111075,pituitary,2,3,1.7209384e-05,0.00054733816,0.9994355
1116,111075,pituitary,2,3,9.260949e-05,7.822366e-05,0.9998292
1117,111075,pituitary,2,3,0.0008949302,0.0008966448,0.9982084
1129,112074,pituitary,2,3,0.005179661,0.058311187,0.93650913
1130,112074,pituitary,2,3,0.031737123,0.108993806,0.859269
1131,112074,pituitary,2,3,0.0030137736,0.024012564,0.97297364
1132,112074,pituitary,2,3,0.009896465,0.022636026,0.9674675
1133,112074,pituitary,2,3,0.016535128,0.008468431,0.97499645
1169,106062,pituitary,2,3,2.1703803e-05,1.1941196e-05,0.9999664
1170,106062,pituitary,2,3,6.676357e-05,0.00011992005,0.9998134
1171,106062,pituitary,2,3,0.00041486986,0.00060646236,0.99897873
1172,106062,pituitary,2,3,0.017473688,0.0026626247,0.97986364
1173,106062,pituitary,2,3,0.0001735942,0.00023978832,0.99958664
1174,106062,pituitary,2,3,9.69883e-05,6.156942e-05,0.99984145
1175,106062,pituitary,2,3,0.00032791382,5.5689474e-05,0.9996164
1189,107505,pituitary,2,3,0.0011964978,0.00043206583,0.9983714
1190,107505,pituitary,2,3,0.0006654066,0.0007343406,0.9986003
1191,107505,pituitary,2,3,0.009255306,0.0045574335,0.9861872
1192,107505,pituitary,2,3,0.011011654,0.0118884025,0.9770999
1193,107505,pituitary,2,3,4.330614e-05,0.0006228485,0.9993338
1203,108931,pituitary,2,3,9.202469e-05,0.00012683829,0.9997812
1204,108931,pituitary,2,3,5.3593343e-05,0.00029765148,0.9996488
1205,108931,pituitary,2,3,0.00025544234,0.0006668986,0.9990777
1206,108931,pituitary,2,3,0.0001758804,0.0015537513,0.9982704
1207,108931,pituitary,2,3,0.00031461925,0.00053889264,0.99914646
1208,109471,pituitary,2,3,5.280553e-05,0.00045018428,0.99949694
1209,109471,pituitary,2,3,1.8624825e-05,0.00012547162,0.9998559
1210,109471,pituitary,2,3,2.5243397e-05,1.3379741e-05,0.9999614
1211,109471,pituitary,2,3,0.00021886411,0.0013299636,0.9984511
1212,109471,pituitary,2,3,0.00019038985,0.0015018014,0.9983078
1213,109471,pituitary,2,3,9.509274e-06,9.94937e-05,0.99989104
1214,109769,pituitary,2,3,0.00015575187,0.00047738722,0.9993668
1215,109769,pituitary,2,3,0.00048191106,0.00075844466,0.9987596
1216,109769,pituitary,2,3,0.00078456325,0.0005767654,0.9986387
1217,109769,pituitary,2,3,0.0023280738,0.0053048884,0.9923671
1218,109769,pituitary,2,3,0.0009526417,0.0076036374,0.9914437
1233,111075,pituitary,2,3,1.8817987e-05,0.00011945819,0.9998617
1234,111075,pituitary,2,3,1.190195e-05,0.00022591068,0.99976224
1235,111075,pituitary,2,3,0.00015867656,0.0005263918,0.9993149
1236,111075,pituitary,2,3,0.00043779658,0.0008851994,0.99867696
1237,111075,pituitary,2,3,0.0025111826,0.01610374,0.9813851
1246,112074,pituitary,2,3,0.087674096,0.7170564,0.19526948
1247,112074,pituitary,2,3,0.02174762,0.18233447,0.7959179
1248,112074,pituitary,2,3,0.013377536,0.023742976,0.9628795
1249,112074,pituitary,2,3,0.005490128,0.12945522,0.86505467
1250,112074,pituitary,2,3,0.40212703,0.5401359,0.057737082
1293,101724,pituitary,2,3,4.62779e-06,0.00013549897,0.9998598
1294,101724,pituitary,2,3,6.060489e-07,8.878178e-06,0.99999046
1310,103478,pituitary,2,3,0.00028797748,0.01826817,0.9814439
1311,103478,pituitary,2,3,0.00012562927,0.012615069,0.9872593
1312,103478,pituitary,2,3,0.0016402173,0.22968158,0.7686782
1313,103478,pituitary,2,3,0.0029272484,0.09785639,0.89921635
1314,103478,pituitary,2,3,0.0026223434,0.09304744,0.90433025
1315,103478,pituitary,2,3,0.017317554,0.37688258,0.6057999
1316,103478,pituitary,2,3,0.009295208,0.009295873,0.9814089
1340,103837,pituitary,2,3,1.7902196e-06,0.0039765723,0.9960217
1341,103837,pituitary,2,3,6.04451e-06,0.0033470516,0.99664694
1342,103837,pituitary,2,3,2.6284158e-06,0.0027740593,0.9972234
1343,103837,pituitary,2,3,7.593193e-07,0.00016937073,0.9998299
1344,103837,pituitary,2,3,3.2049873e-06,0.00017787427,0.999819
1345,103837,pituitary,2,3,2.5542946e-05,0.00068838114,0.9992861
1346,103837,pituitary,2,3,7.3511495e-05,0.0013174162,0.9986091
1347,103837,pituitary,2,3,1.1620919e-05,0.0006836693,0.99930465
1380,105538,pituitary,2,3,0.46221384,0.24148498,0.2963012
1381,105538,pituitary,2,3,0.042361174,0.85110116,0.10653768
1382,105538,pituitary,2,3,0.06614131,0.4504667,0.48339194
1435,98992,pituitary,2,3,0.0009763821,0.0076377937,0.9913858
1436,98992,pituitary,2,3,0.003805725,0.0063001383,0.9898941
1437,98992,pituitary,2,3,0.0083214445,0.0037929898,0.9878856
1438,98992,pituitary,2,3,5.5129596e-05,0.015163525,0.9847814
1439,98992,pituitary,2,3,0.28529182,0.016996913,0.6977113
1440,98992,pituitary,2,3,0.06306613,0.0039785895,0.9329553
1441,98992,pituitary,2,3,0.0717295,0.009108886,0.9191616
1456,101017,pituitary,2,3,6.865588e-05,0.00013639899,0.999795
1457,101017,pituitary,2,3,9.10531e-05,9.025806e-05,0.99981874
1458,101017,pituitary,2,3,3.50359e-05,1.7639111e-05,0.9999473
1459,101017,pituitary,2,3,9.129883e-05,0.00015184167,0.9997569
1460,101017,pituitary,2,3,5.3746284e-05,0.00010461694,0.9998416
1461,101017,pituitary,2,3,4.905222e-05,0.00016506884,0.99978584
1480,101724,pituitary,2,3,0.00030438628,0.0007748315,0.9989208
1481,101724,pituitary,2,3,0.0023654178,0.0003469405,0.99728763
1482,101724,pituitary,2,3,0.00013824338,2.1205728e-05,0.9998405
1498,103478,pituitary,2,3,0.00031280515,0.0017849697,0.9979023
1499,103478,pituitary,2,3,4.279643e-05,0.0017243614,0.99823284
1500,103478,pituitary,2,3,0.00010893343,0.00061047554,0.99928063
1501,103478,pituitary,2,3,1.1740835e-05,0.000460676,0.9995276
1502,103478,pituitary,2,3,0.00016062864,0.0010856283,0.9987538
1503,103478,pituitary,2,3,0.000349264,0.0022370939,0.9974137
1504,103478,pituitary,2,3,0.00040036842,0.00043229212,0.9991673
1505,103478,pituitary,2,3,0.00063346815,0.0010484372,0.9983181
1528,103837,pituitary,2,3,0.00034589577,0.012210246,0.98744386
1529,103837,pituitary,2,3,7.673597e-06,0.0013989633,0.9985934
1530,103837,pituitary,2,3,7.709676e-06,0.004018575,0.99597377
1531,103837,pituitary,2,3,3.0939944e-05,0.0040325522,0.9959365
1532,103837,pituitary,2,3,7.864074e-06,0.001991294,0.9980008
1566,105538,pituitary,2,3,0.0463117,0.93981254,0.013875741
1567,105538,pituitary,2,3,0.054757502,0.94279605,0.0024463458
1621,98992,pituitary,2,3,0.0024303487,0.0081095565,0.9894601
1622,98992,pituitary,2,3,0.000735173,0.0013028663,0.997962
1623,98992,pituitary,2,3,2.1310105e-05,0.00011082292,0.9998678
1624,98992,pituitary,2,3,0.00021953465,0.00017211122,0.99960834
1625,98992,pituitary,2,3,1.6425434e-05,0.00045435742,0.99952924
1626,98992,pituitary,2,3,0.00026525542,0.0012450432,0.99848974
1627,98992,pituitary,2,3,2.4772049e-05,0.00020005106,0.99977523
1640,101017,pituitary,2,3,1.2080338e-06,2.7118465e-06,0.99999607
1641,101017,pituitary,2,3,8.5179073e-07,5.9735703e-07,0.99999857
1642,101017,pituitary,2,3,0.00047406898,2.611589e-05,0.9994998
1643,101017,pituitary,2,3,0.0005150365,7.695667e-05,0.999408
1659,101724,pituitary,2,3,0.00085080706,0.0021518767,0.99699736
1660,101724,pituitary,2,3,3.4044722e-05,0.0028205016,0.9971455
1661,101724,pituitary,2,3,0.00059186073,0.114297256,0.88511086
1662,101724,pituitary,2,3,0.0005784526,0.02438893,0.97503257
1663,101724,pituitary,2,3,0.00035323613,0.005580947,0.99406576
1664,101724,pituitary,2,3,0.0038044439,0.0021096691,0.9940859
1684,103478,pituitary,2,3,7.0414695e-05,9.4565745e-05,0.999835
1685,103478,pituitary,2,3,2.9754614e-05,5.2230633e-05,0.999918
1686,103478,pituitary,2,3,0.020957612,0.0036333564,0.975409
1687,103478,pituitary,2,3,0.02730648,0.00095673656,0.9717368
1688,103478,pituitary,2,3,0.0021756021,0.0009227771,0.99690163
1689,103478,pituitary,2,3,5.6340858e-05,5.133954e-06,0.9999385
1690,103478,pituitary,2,3,6.220435e-05,2.4965584e-05,0.99991286
1691,103478,pituitary,2,3,1.0923651e-05,3.1269994e-06,0.99998593
1714,103837,pituitary,2,3,0.00036441052,0.020013344,0.97962224
1715,103837,pituitary,2,3,0.0019069717,0.084489875,0.9136031
1716,103837,pituitary,2,3,7.6624914e-05,0.010394834,0.9895285
1717,103837,pituitary,2,3,0.00053864316,0.029348174,0.9701132
1718,103837,pituitary,2,3,0.00020967629,0.003996504,0.9957938
1719,103837,pituitary,2,3,0.00046045714,0.019877145,0.97966236
1720,103837,pituitary,2,3,0.00027473044,0.013485398,0.98623985
1759,105538,pituitary,2,3,0.6562088,0.32551056,0.018280562
1760,105538,pituitary,2,3,0.3564788,0.62021536,0.023305852
1819,98992,pituitary,2,3,0.111340694,0.17488275,0.7137766
1820,98992,pituitary,2,3,0.0044206968,0.011788512,0.9837908
1821,98992,pituitary,2,3,0.0035505297,0.012863368,0.9835861
1822,98992,pituitary,2,3,0.0005655138,0.00062095793,0.9988135
1823,98992,pituitary,2,3,3.9264996e-05,8.586903e-05,0.99987483
1824,98992,pituitary,2,3,4.147008e-06,4.1560244e-05,0.99995434
1825,98992,pituitary,2,3,2.3052224e-05,0.00032941037,0.9996475
1826,98992,pituitary,2,3,0.00906403,0.009540307,0.98139566
1827,98992,pituitary,2,3,0.00014756063,0.00089384,0.9989586
1828,98992,pituitary,2,3,5.5144887e-05,0.00018789455,0.999757
1829,98992,pituitary,2,3,0.00034577324,0.00027055427,0.9993837
1893,MR048944B,glioma,0,3,0.99887294,2.5194839e-05,0.0011017632
1894,MR048944B,glioma,0,3,0.99975556,3.3078475e-05,0.00021133722
1895,MR048944B,glioma,0,3,0.9998111,5.597296e-05,0.00013289097
1896,MR048944B,glioma,0,3,0.9998084,0.00015449872,3.717777e-05
1897,MR048944B,glioma,0,3,0.9995376,0.0001678759,0.00029458557
1898,MR048944B,glioma,0,3,0.9998882,5.698136e-05,5.4810873e-05
1899,MR049358,glioma,0,3,0.9181618,0.000964077,0.08087416
1900,MR049358,glioma,0,3,0.39392757,0.0010067198,0.6050657
1901,MR049358,glioma,0,3,0.9846609,0.000899879,0.014439297
1902,MR049358,glioma,0,3,0.9972609,0.00045603947,0.002283039
1903,MR049358,glioma,0,3,0.99482334,0.00028726875,0.004889442
1904,MR049358,glioma,0,3,0.99894494,1.892928e-05,0.0010361866
1905,MR049358,glioma,0,3,0.9978376,4.0349627e-05,0.0021220492
1906,MR049358,glioma,0,3,0.99909246,3.977986e-05,0.000867724
1907,MR049358,glioma,0,3,0.9995741,0.0001772513,0.0002485683
1908,MR049358,glioma,0,3,0.9996519,8.565541e-05,0.00026244496
1909,MR049104B,glioma,0,3,0.9976488,0.00048726628,0.0018639953
1910,MR049104B,glioma,0,3,0.9977957,0.000107258755,0.0020969736
1911,MR049104B,glioma,0,3,0.9993011,3.6144338e-05,0.0006627995
1912,MR049104B,glioma,0,3,0.9990815,6.540486e-05,0.0008531603
1913,MR049104B,glioma,0,3,0.9946241,0.0001431954,0.0052326955
1921,MR024780G,glioma,0,3,0.99636346,0.0010635703,0.0025730748
1922,MR024780G,glioma,0,3,0.99938536,0.00013751078,0.00047708253
1923,MR024780G,glioma,0,3,0.9999701,1.030637e-05,1.9686428e-05
1924,MR024780G,glioma,0,3,0.99988294,6.7424604e-05,4.963658e-05
1925,MR024780G,glioma,0,3,0.99987805,1.1782245e-05,0.00011008354
1926,MR024780G,glioma,0,3,0.99987006,1.5983142e-05,0.00011393799
1927,MR024780G,glioma,0,3,0.99992824,5.4826247e-05,1.6898894e-05
1928,MR024780G,glioma,0,3,0.9998518,0.00013830613,9.876185e-06
1929,MR024780G,glioma,0,3,0.99971014,0.00010113863,0.00018860059
1930,MR024780G,glioma,0,3,0.9985238,4.8787297e-05,0.0014273949
1931,MR024780G,glioma,0,3,0.999086,2.7967078e-05,0.0008859861
1932,MR024780G,glioma,0,3,0.99470514,8.885376e-05,0.0052060047
1933,MR024780G,glioma,0,3,0.99619824,3.0682295e-05,0.0037711572
1934,MR024780G,glioma,0,3,0.9982048,6.379616e-05,0.0017314234
1935,MR024780G,glioma,0,3,0.99964607,5.2632146e-05,0.00030125235
1936,MR024780G,glioma,0,3,0.9999603,1.536878e-05,2.4259556e-05
1987,MR026175C,glioma,0,3,0.9403719,0.006380368,0.05324777
1988,MR026175C,glioma,0,3,0.9992317,0.000152168,0.0006162093
1989,MR026175C,glioma,0,3,0.9999783,8.170723e-06,1.3480651e-05
1990,MR026175C,glioma,0,3,0.99891794,9.4339266e-05,0.0009877966
1991,MR026175C,glioma,0,3,0.9989668,6.0234688e-05,0.000972939
1992,MR026175C,glioma,0,3,0.99949706,3.649854e-05,0.00046641895
1993,MR026175C,glioma,0,3,0.99961793,5.833311e-05,0.00032365264
1994,MR026175C,glioma,0,3,0.9999279,1.6597705e-05,5.5496206e-05
1995,MR026175C,glioma,0,3,0.9999653,1.2692706e-05,2.2059194e-05
1996,MR026175C,glioma,0,3,0.99994063,4.2999607e-05,1.630292e-05
1997,MR026175C,glioma,0,3,0.9999826,7.902109e-06,9.546191e-06
2005,MR051586,glioma,0,3,0.9998385,5.722789e-05,0.000104271676
2006,MR051586,glioma,0,3,0.9996662,0.00021231176,0.00012149314
2007,MR051586,glioma,0,3,0.9997768,0.00018217142,4.0990897e-05
2008,MR051586,glioma,0,3,0.9996662,0.00030876574,2.4970044e-05
2009,MR051586,glioma,0,3,0.99982965,0.00014384328,2.6455125e-05
2010,MR051586,glioma,0,3,0.9998604,0.000104829145,3.4838078e-05
2011,MR051586,glioma,0,3,0.9999279,2.5776182e-05,4.6400575e-05
2065,MR051644C,glioma,0,3,0.99805,0.000999247,0.00095070974
2066,MR051644C,glioma,0,3,0.9982558,0.00019984705,0.001544434
2067,MR051644C,glioma,0,3,0.9999387,4.8951064e-05,1.2279642e-05
2068,MR051644C,glioma,0,3,0.99992335,7.130125e-05,5.386673e-06
2069,MR051644C,glioma,0,3,0.9993333,0.00012045687,0.0005461987
2070,MR051644C,glioma,0,3,0.9992405,4.9788097e-05,0.0007096621
2071,MR051644C,glioma,0,3,0.99955815,7.474659e-05,0.0003671723
2072,MR051644C,glioma,0,3,0.9997799,0.00011437034,0.00010567607
2073,MR051644C,glioma,0,3,0.99960476,7.752789e-05,0.0003176737
2074,MR051644C,glioma,0,3,0.999949,1.5926276e-05,3.5061024e-05
2075,MR051644C,glioma,0,3,0.99988425,7.870216e-05,3.7089154e-05
2076,MR051644C,glioma,0,3,0.99968135,0.00027862217,4.004504e-05
2097,MR054683,glioma,0,3,0.8447271,0.00022489991,0.15504803
2098,MR054683,glioma,0,3,0.87947494,0.00043851082,0.12008647
2099,MR054683,glioma,0,3,0.98251176,0.00017344687,0.017314697
2153,MR032322C,glioma,0,3,0.999826,0.00014691752,2.7008933e-05
2154,MR032322C,glioma,0,3,0.99934465,0.00024237925,0.00041292628
2155,MR032322C,glioma,0,3,0.9996207,0.00036792544,1.13579645e-05
2156,MR032322C,glioma,0,3,0.99966013,0.00033078203,9.029826e-06
2157,MR032322C,glioma,0,3,0.9984511,0.0015252004,2.369614e-05
2158,MR032322C,glioma,0,3,0.99972004,0.00013860253,0.00014132167
2159,MR032322C,glioma,0,3,0.9995253,2.9027207e-05,0.0004455727
2160,MR032322C,glioma,0,3,0.9989372,0.00051056565,0.0005523143
2161,MR032322C,glioma,0,3,0.9903728,0.0021262672,0.007500899
2162,MR032322C,glioma,0,3,0.9998191,9.5913165e-05,8.49746e-05
2163,MR032322C,glioma,0,3,0.9991703,0.0007160131,0.000113693866
2164,MR032322C,glioma,0,3,0.9967514,0.0015445584,0.0017040661
2165,MR032322C,glioma,0,3,0.9957053,0.0038972711,0.00039738498
2166,MR037458B,glioma,0,3,0.858035,0.03675693,0.10520801
2167,MR037458B,glioma,0,3,0.93937486,0.0020361354,0.05858895
2168,MR037458B,glioma,0,3,0.64012027,0.025550615,0.3343291
2169,MR037458B,glioma,0,3,0.8400299,0.08934323,0.070626885
2170,MR037458B,glioma,0,3,0.81647897,0.17205884,0.011462228
2171,MR037458B,glioma,0,3,0.9491219,0.047964245,0.0029137756
2172,MR037458B,glioma,0,3,0.8630535,0.13676727,0.0001792309
2173,MR037458B,glioma,0,3,0.7256067,0.27152315,0.0028702058
2174,MR039473,glioma,0,3,0.9994655,6.773016e-05,0.0004667907
2175,MR039473,glioma,0,3,0.9994981,9.550506e-06,0.0004923699
2176,MR039473,glioma,0,3,0.9994319,1.750397e-05,0.00055054476
2177,MR039473,glioma,0,3,0.99961346,2.1798578e-05,0.00036480743
2178,MR039473,glioma,0,3,0.9997756,0.00012062723,0.000103750026
2206,MR040240B,glioma,0,3,0.9993311,0.00017391797,0.00049498526
2207,MR040240B,glioma,0,3,0.99988794,6.8332316e-05,4.3689783e-05
2208,MR040240B,glioma,0,3,0.9996797,0.00013849504,0.00018181547
2209,MR040240B,glioma,0,3,0.99921,6.687567e-05,0.00072310533
2210,MR040240B,glioma,0,3,0.9998802,3.7782196e-05,8.195147e-05
2211,MR040240B,glioma,0,3,0.9999535,5.775859e-06,4.0814903e-05
2212,MR040240B,glioma,0,3,0.999928,3.8807942e-05,3.3124907e-05
2213,MR040240B,glioma,0,3,0.9999788,1.15499e-05,9.686576e-06
2214,MR040240B,glioma,0,3,0.99993277,3.6750436e-05,3.0478925e-05
2215,MR040240B,glioma,0,3,0.9999651,1.3527196e-05,2.1492731e-05
2237,MR024780B,glioma,0,3,0.9998258,2.0034879e-05,0.00015422067
2238,MR024780B,glioma,0,3,0.9997836,8.1048056e-05,0.00013537703
2239,MR024780B,glioma,0,3,0.99907047,8.8411565e-05,0.00084116
2240,MR024780B,glioma,0,3,0.99988616,3.2758808e-06,0.00011061377
2254,MR048944B,glioma,0,3,0.9996693,1.6630926e-05,0.00031399477
2255,MR048944B,glioma,0,3,0.9968352,2.7692464e-05,0.0031371594
2256,MR048944B,glioma,0,3,0.9923464,1.0904027e-05,0.007642658
2257,MR048944B,glioma,0,3,0.99823004,6.0459726e-05,0.0017095382
2258,MR048944B,glioma,0,3,0.99906987,6.2956387e-06,0.00092379504
2259,MR048944B,glioma,0,3,0.9990349,5.9989863e-05,0.00090515375
2260,MR048944B,glioma,0,3,0.9988464,7.6639146e-05,0.0010768843
2261,MR049358,glioma,0,3,0.9997465,0.00019930817,5.4178847e-05
2262,MR049358,glioma,0,3,0.9999651,3.1572243e-05,3.321748e-06
2263,MR049358,glioma,0,3,0.99998796,9.758729e-06,2.2662898e-06
2264,MR049358,glioma,0,3,0.99996877,1.8531622e-05,1.2785264e-05
2265,MR049358,glioma,0,3,0.9999298,4.4040167e-05,2.6202331e-05
2266,MR049358,glioma,0,3,0.99885464,0.000460699,0.0006846272
2267,MR049358,glioma,0,3,0.99796754,0.0007606569,0.0012717171
2268,MR049358,glioma,0,3,0.999015,0.00082614605,0.00015889361
2269,MR049358,glioma,0,3,0.9992181,0.00072341086,5.849235e-05
2279,MR024780G,glioma,0,3,0.99967444,0.00031457425,1.1016114e-05
2280,MR024780G,glioma,0,3,0.9995185,0.00032282795,0.0001587322
2281,MR024780G,glioma,0,3,0.99968183,5.0595543e-05,0.00026753964
2282,MR024780G,glioma,0,3,0.99932265,8.139558e-05,0.0005960428
2283,MR024780G,glioma,0,3,0.9997478,0.00012239344,0.00012975582
2284,MR024780G,glioma,0,3,0.99998534,9.891399e-06,4.7639787e-06
2285,MR024780G,glioma,0,3,0.99991417,7.891165e-05,6.9406924e-06
2326,MR026175C,glioma,0,3,0.99934834,0.0006347475,1.6972475e-05
2327,MR026175C,glioma,0,3,0.9992219,0.000767589,1.045024e-05
2328,MR026175C,glioma,0,3,0.9987213,0.0011143013,0.0001644024
2329,MR026175C,glioma,0,3,0.9997501,0.00023700883,1.2869692e-05
2330,MR026175C,glioma,0,3,0.99971026,0.00026951483,2.0186102e-05
2331,MR026175C,glioma,0,3,0.9987801,0.0011276025,9.2316295e-05
2332,MR026175C,glioma,0,3,0.99885213,0.00039493726,0.00075285695
2342,MR051586,glioma,0,3,0.99851996,0.001247891,0.00023214155
2343,MR051586,glioma,0,3,0.99785846,0.0016740646,0.00046747059
2349,MR024780E,glioma,0,3,0.9999429,3.9264636e-05,1.793864e-05
2373,MR040240D,glioma,0,3,0.99940956,0.00015356425,0.00043686185
2374,MR040240D,glioma,0,3,0.99982363,3.9502e-05,0.00013698665
2375,MR040240D,glioma,0,3,0.9999968,1.0662719e-06,2.1273693e-06
2376,MR040240D,glioma,0,3,0.99990773,2.0046651e-05,7.225517e-05
2377,MR040240D,glioma,0,3,0.99992657,3.6897596e-05,3.6457885e-05
2378,MR040240D,glioma,0,3,0.9999502,1.2071084e-05,3.7836515e-05
2379,MR040240D,glioma,0,3,0.9999521,1.5922196e-05,3.1977823e-05
2380,MR040240D,glioma,0,3,0.99988055,8.93044e-05,3.0103938e-05
2381,MR040240D,glioma,0,3,0.9998592,0.00011953561,2.1246771e-05
2382,MR040240D,glioma,0,3,0.9993123,0.00061679585,7.084009e-05
2383,MR040240D,glioma,0,3,0.9999882,3.1093514e-06,8.752761e-06
2384,MR017260F,glioma,0,3,0.99895906,4.7216516e-05,0.0009938017
2385,MR017260F,glioma,0,3,0.9972579,0.00029489328,0.0024472298
2386,MR017260F,glioma,0,3,0.9994336,0.00036373787,0.00020268091
2387,MR017260F,glioma,0,3,0.99924123,0.00020573608,0.0005530781
2388,MR017260F,glioma,0,3,0.9991978,0.000656907,0.00014536217
2389,MR017260F,glioma,0,3,0.9998754,5.074506e-05,7.374418e-05
2390,MR017260F,glioma,0,3,0.9999435,3.3406624e-05,2.3158442e-05
2391,MR017260F,glioma,0,3,0.99991834,7.511759e-05,6.5903155e-06
2392,MR017260F,glioma,0,3,0.9999821,1.2363584e-05,5.4337e-06
2393,MR017260F,glioma,0,3,0.99986386,0.0001285154,7.6196998e-06
2453,MR040240B,glioma,0,3,0.9947838,0.00083590945,0.004380245
2454,MR040240B,glioma,0,3,0.9976739,9.871326e-05,0.0022273131
2455,MR040240B,glioma,0,3,0.9938168,0.00016681562,0.0060163974
2456,MR040240B,glioma,0,3,0.99751437,4.7064983e-05,0.002438524
2457,MR040240B,glioma,0,3,0.9994704,0.00011936373,0.00041016398
2458,MR040240B,glioma,0,3,0.99211556,8.72261e-05,0.00779718
2459,MR040240B,glioma,0,3,0.99869496,0.00022699243,0.0010780701
2460,MR040240B,glioma,0,3,0.99755496,0.0020098074,0.00043522354
2461,MR040240B,glioma,0,3,0.9941004,0.0041345824,0.0017650484
2462,MR040240B,glioma,0,3,0.99799097,0.0017102872,0.00029870865
2496,MR024780E,glioma,0,3,0.9996996,9.315958e-05,0.00020727553
2497,MR024780E,glioma,0,3,0.99987125,2.918206e-05,9.9567675e-05
2498,MR024780E,glioma,0,3,0.99987173,8.428885e-06,0.00011976567
2524,MR017260F,glioma,0,3,0.98976946,0.010175047,5.5493558e-05
2525,MR017260F,glioma,0,3,0.99261284,0.007356334,3.0821815e-05
2526,MR017260F,glioma,0,3,0.9894916,0.010434253,7.4233205e-05
2527,MR017260F,glioma,0,3,0.9906921,0.009144404,0.0001635058
2528,MR017260F,glioma,0,3,0.9944891,0.005421633,8.92887e-05
2529,MR017260F,glioma,0,3,0.995203,0.0046498748,0.00014707907
2546,MR051586,glioma,0,3,0.9661599,0.03379149,4.8636546e-05
2547,MR051586,glioma,0,3,0.9987453,0.0012334381,2.1236505e-05
2548,MR051586,glioma,0,3,0.9976044,0.0023738255,2.1784288e-05
2549,MR051586,glioma,0,3,0.99704343,0.0029258113,3.0830044e-05
2595,MR051644C,glioma,0,3,0.9968899,0.0028983937,0.00021173141
2596,MR051644C,glioma,0,3,0.99552476,0.0043950942,8.0272046e-05
2597,MR051644C,glioma,0,3,0.9972589,0.002162645,0.00057852676
2598,MR051644C,glioma,0,3,0.99977106,0.00016304298,6.593126e-05
2599,MR051644C,glioma,0,3,0.99990475,8.243304e-05,1.27061785e-05
2600,MR051644C,glioma,0,3,0.9998852,0.00010362405,1.1175793e-05
2601,MR051644C,glioma,0,3,0.9999013,9.750019e-05,1.133513e-06
2602,MR051644C,glioma,0,3,0.99993587,3.2089174e-05,3.2082506e-05
2603,MR051644C,glioma,0,3,0.9999572,1.5762807e-05,2.7062244e-05
2604,MR051644C,glioma,0,3,0.99992657,2.0347856e-05,5.3076634e-05
2605,MR051644C,glioma,0,3,0.9999316,4.6407476e-05,2.2043478e-05
2606,MR051644C,glioma,0,3,0.9995797,6.6054825e-05,0.00035430552
2607,MR051644C,glioma,0,3,0.99970835,0.00016509116,0.00012657061
2631,MR054683,glioma,0,3,0.999086,9.550784e-06,0.00090449257
2632,MR054683,glioma,0,3,0.9981906,9.0064685e-05,0.0017193189
2633,MR054683,glioma,0,3,0.99592674,0.0016923415,0.0023809962
2688,MR032322C,glioma,0,3,0.9981502,0.00045243945,0.0013974406
2689,MR032322C,glioma,0,3,0.9943737,0.005481352,0.00014500842
2690,MR032322C,glioma,0,3,0.9852439,0.014718704,3.7333066e-05
2691,MR032322C,glioma,0,3,0.9945345,0.005458897,6.6567154e-06
2692,MR032322C,glioma,0,3,0.9706354,0.029360266,4.2595852e-06
2693,MR032322C,glioma,0,3,0.3862788,0.61371714,4.0313835e-06
2694,MR032322C,glioma,0,3,0.9979413,0.0010763601,0.0009823277
2695,MR032322C,glioma,0,3,0.9952702,0.00051507755,0.004214818
2696,MR032322C,glioma,0,3,0.9999404,5.618215e-05,3.4583697e-06
2697,MR032322C,glioma,0,3,0.99962604,0.00036956315,4.427658e-06
2698,MR032322C,glioma,0,3,0.99983704,0.00014653713,1.6472792e-05
2699,MR032322C,glioma,0,3,0.9972422,0.0026712383,8.655526e-05
2700,MR032322C,glioma,0,3,0.9907002,0.008422127,0.00087770366
2701,MR032322C,glioma,0,3,0.9970265,0.0027955351,0.0001779695
2702,MR037458B,glioma,0,3,0.60115916,0.39347485,0.0053659375
2703,MR037458B,glioma,0,3,0.91734385,0.081854776,0.0008013353
2704,MR037458B,glioma,0,3,0.8998224,0.09919325,0.0009843255
2705,MR037458B,glioma,0,3,0.8277649,0.1705809,0.0016541125
2706,MR037458B,glioma,0,3,0.7167505,0.281003,0.002246449
2707,MR037458B,glioma,0,3,0.4865811,0.5106902,0.0027287428
2708,MR037458B,glioma,0,3,0.41598845,0.5828459,0.0011656962
2709,MR037458B,glioma,0,3,0.3875798,0.6111649,0.001255214
2710,MR039473,glioma,0,3,0.99956065,6.0225964e-05,0.00037917864
2711,MR039473,glioma,0,3,0.9878144,0.00023453485,0.011951016
2712,MR039473,glioma,0,3,0.9996176,0.0002640895,0.000118328186
2713,MR039473,glioma,0,3,0.9906945,0.009021302,0.00028418444
2758,MR032322C,glioma,0,3,0.9962203,0.003759997,1.9721123e-05
2759,MR032322C,glioma,0,3,0.9991573,0.0008348295,7.816919e-06
2760,MR032322C,glioma,0,3,0.9992945,0.0005946759,0.000110742054
2761,MR032322C,glioma,0,3,0.95693547,0.041254736,0.0018097817
2762,MR032322C,glioma,0,3,0.9977373,0.0015625092,0.0007001782
2763,MR032322C,glioma,0,3,0.99929917,0.0003337716,0.00036697567
2764,MR032322C,glioma,0,3,0.9702927,0.00031183907,0.029395489
2765,MR032322C,glioma,0,3,0.9995684,7.004508e-05,0.00036149716
2766,MR032322C,glioma,0,3,0.99723935,0.0015523033,0.0012082608
2767,MR032322C,glioma,0,3,0.99951184,7.271998e-05,0.00041549702
2768,MR032322C,glioma,0,3,0.99605596,0.0010211155,0.0029228774
2769,MR037458B,glioma,0,3,0.9097914,0.09011984,8.867375e-05
2770,MR037458B,glioma,0,3,0.90810835,0.09163357,0.00025812865
2771,MR037458B,glioma,0,3,0.98732346,0.012638968,3.751615e-05
2772,MR037458B,glioma,0,3,0.98058033,0.019317403,0.00010224504
2773,MR037458B,glioma,0,3,0.8471648,0.15247352,0.00036159658
2774,MR039473,glioma,0,3,0.99738294,0.0014128088,0.001204176
2775,MR039473,glioma,0,3,0.96757865,0.00026340544,0.032157857
2776,MR039473,glioma,0,3,0.9972542,0.0010261753,0.0017195769
2777,MR039473,glioma,0,3,0.99564713,0.0006684314,0.0036844234
2778,MR039473,glioma,0,3,0.9428646,6.915969e-05,0.057066303
2779,MR039473,glioma,0,3,0.07497101,0.00010022135,0.9249287
2795,MR040240B,glioma,0,3,0.9994624,0.00023023404,0.000307394
2796,MR040240B,glioma,0,3,0.9994647,0.00033355132,0.00020171935
2797,MR040240B,glioma,0,3,0.999694,0.00024786164,5.8194073e-05
2798,MR040240B,glioma,0,3,0.9993759,0.000538511,8.56583e-05
2799,MR040240B,glioma,0,3,0.9981419,0.0016603743,0.00019776463
2817,MR024780B,glioma,0,3,0.9996294,0.00024017302,0.00013045235
2818,MR024780B,glioma,0,3,0.99952304,0.00029534727,0.00018162791
2819,MR024780B,glioma,0,3,0.9995365,0.00044617642,1.7278602e-05
2820,MR024780B,glioma,0,3,0.9940209,0.0059686117,1.0462105e-05
2866,MR049358,glioma,0,3,0.99805427,0.001925784,2.0010275e-05
2867,MR049358,glioma,0,3,0.9998424,0.00011400539,4.3625216e-05
2868,MR049358,glioma,0,3,0.99866223,0.00028107257,0.0010567111
2869,MR049358,glioma,0,3,0.99983346,4.3667158e-05,0.00012289427
2870,MR049358,glioma,0,3,0.9997621,6.783101e-05,0.00017001432
2871,MR049358,glioma,0,3,0.9979754,1.0940099e-05,0.0020136416
2872,MR049358,glioma,0,3,0.9991573,2.3664581e-05,0.0008189741
2873,MR049104B,glioma,0,3,0.99863464,0.00037243825,0.0009928911
2874,MR049104B,glioma,0,3,0.99357325,0.0057421513,0.0006845528
2875,MR049104B,glioma,0,3,0.99721813,0.0023918482,0.00039001618
2885,MR024780G,glioma,0,3,0.9996542,0.00021154666,0.00013425694
2886,MR024780G,glioma,0,3,0.99990726,7.619729e-05,1.6613894e-05
2887,MR024780G,glioma,0,3,0.9993856,0.0005890226,2.542385e-05
2888,MR024780G,glioma,0,3,0.99934787,0.00059908966,5.302619e-05
2889,MR024780G,glioma,0,3,0.981797,0.01752207,0.0006809135
2890,MR024780G,glioma,0,3,0.8341716,0.1656149,0.00021346827
2925,MR051586,glioma,0,3,0.8465263,0.1533877,8.5953565e-05
2926,MR051586,glioma,0,3,0.98858297,0.011382065,3.504541e-05
2927,MR051586,glioma,0,3,0.98365754,0.016322842,1.9608975e-05
2928,MR051586,glioma,0,3,0.9805094,0.019419678,7.099437e-05
2929,MR051586,glioma,0,3,0.9816622,0.01684857,0.0014891892
2930,MR051586,glioma,0,3,0.99218106,0.006010557,0.0018083818
2931,MR051586,glioma,0,3,0.999546,0.0003543742,9.9648496e-05
2932,MR051586,glioma,0,3,0.99877685,0.001154382,6.8671834e-05
2933,MR051586,glioma,0,3,0.9764795,0.0021926798,0.021327823
2983,MR051644C,glioma,0,3,0.99943465,0.00048195355,8.3453895e-05
2984,MR051644C,glioma,0,3,0.9994578,7.698693e-05,0.00046520363
2985,MR051644C,glioma,0,3,0.9987525,0.00010208207,0.0011454783
2986,MR051644C,glioma,0,3,0.9981996,0.0010786529,0.000721753
2987,MR051644C,glioma,0,3,0.99243563,0.00015882625,0.0074056233
2988,MR051644C,glioma,0,3,0.999856,7.1851384e-05,7.2144845e-05
2989,MR051644C,glioma,0,3,0.99965465,5.9737198e-05,0.00028563454
2990,MR051644C,glioma,0,3,0.9994906,0.00019552174,0.00031386528
2991,MR051644C,glioma,0,3,0.99925345,0.00023218384,0.0005143034
2992,MR051644C,glioma,0,3,0.9994143,0.0005115305,7.410764e-05
3039,MR024780E,glioma,0,3,0.9986197,0.00094185583,0.00043840273
3040,MR024780E,glioma,0,3,0.9992404,0.00049817783,0.0002614388
3041,MR024780E,glioma,0,3,0.99933773,0.0006409542,2.1350505e-05
3047,MR040240D,glioma,0,3,0.9998474,1.5467966e-05,0.00013711462
3048,MR040240D,glioma,0,3,0.99992,8.339976e-06,7.162583e-05
3049,MR017260F,glioma,0,3,0.893794,0.105974175,0.00023184998
3050,MR017260F,glioma,0,3,0.99435186,0.0056395438,8.479374e-06
3051,MR017260F,glioma,0,3,0.99833727,0.0016582432,4.3539585e-06
3052,MR017260F,glioma,0,3,0.9996605,0.00033753907,2.0133525e-06
3053,MR017260F,glioma,0,3,0.99995244,4.522458e-05,2.3434507e-06
3054,MR017260F,glioma,0,3,0.99918777,0.0005714384,0.00024079514
3055,MR017260F,glioma,0,3,0.9937849,0.004385399,0.0018297328
20,101797,meningioma,1,4,0.71730715,0.2781652,0.0045276135
21,101797,meningioma,1,4,0.045372944,0.9543276,0.0002995055
22,101797,meningioma,1,4,0.05992753,0.93915737,0.0009151351
23,101797,meningioma,1,4,0.010530383,0.9891644,0.00030518888
56,105374,meningioma,1,4,0.40789944,0.44580314,0.14629741
57,105374,meningioma,1,4,0.067709856,0.35543317,0.576857
67,106442,meningioma,1,4,0.26706642,0.73066056,0.0022730073
68,106442,meningioma,1,4,0.07774258,0.9222028,5.4517222e-05
69,106442,meningioma,1,4,0.010064686,0.9899128,2.249662e-05
70,106442,meningioma,1,4,0.46946585,0.530404,0.00013019353
104,108514,meningioma,1,4,0.39292413,0.6057574,0.001318412
105,108514,meningioma,1,4,0.0022604475,0.99759847,0.000141087
106,108514,meningioma,1,4,0.026707228,0.9715045,0.001788296
107,108514,meningioma,1,4,0.0029602877,0.9970132,2.64859e-05
108,108514,meningioma,1,4,0.00023334617,0.99972636,4.0294402e-05
109,108514,meningioma,1,4,0.00063552905,0.99934286,2.1578588e-05
110,108514,meningioma,1,4,0.0019483677,0.9979672,8.442331e-05
115,108945,meningioma,1,4,7.939087e-05,0.9998223,9.832199e-05
116,108945,meningioma,1,4,0.035563987,0.9644136,2.237186e-05
117,108945,meningioma,1,4,0.11222315,0.8877626,1.4329849e-05
118,108945,meningioma,1,4,0.0008230161,0.9991543,2.2573402e-05
119,109411,meningioma,1,4,0.009706453,0.9819901,0.008303514
120,109968,meningioma,1,4,0.122894056,0.8135978,0.06350819
121,109968,meningioma,1,4,0.13880749,0.82574946,0.035443056
122,109968,meningioma,1,4,0.023358667,0.81519264,0.16144858
123,109968,meningioma,1,4,0.02123403,0.85640085,0.122365214
169,114359,meningioma,1,4,0.98072666,0.019240469,3.289706e-05
170,114359,meningioma,1,4,0.96438664,0.035579666,3.373648e-05
171,114359,meningioma,1,4,0.71524817,0.28473365,1.8132157e-05
172,114359,meningioma,1,4,0.9715888,0.028408676,2.5937609e-06
173,114359,meningioma,1,4,0.677153,0.3228375,9.497975e-06
174,114359,meningioma,1,4,0.10213884,0.897846,1.5245563e-05
184,97875,meningioma,1,4,0.2781766,0.56248945,0.1593339
185,97875,meningioma,1,4,0.0005456679,0.78659296,0.21286142
186,97875,meningioma,1,4,0.0062273624,0.58931154,0.40446112
198,99017,meningioma,1,4,0.0027361398,0.13701363,0.86025023
199,99017,meningioma,1,4,0.00014923855,0.11097029,0.8888805
209,100820,glioma,0,4,0.20285092,0.7341253,0.06302377
210,100820,glioma,0,4,0.02871923,0.9683464,0.0029343409
231,101797,meningioma,1,4,0.108552985,0.8784865,0.012960494
232,101797,meningioma,1,4,0.00062355126,0.9873864,0.011990009
233,101797,meningioma,1,4,0.0054070298,0.98891187,0.0056811236
234,101797,meningioma,1,4,0.0056427354,0.9925378,0.0018194513
235,101797,meningioma,1,4,0.005201663,0.99180615,0.00299223
281,105374,meningioma,1,4,0.03671504,0.9388687,0.024416188
282,105374,meningioma,1,4,0.03349847,0.9623528,0.004148729
294,106442,meningioma,1,4,0.00840899,0.9905765,0.0010144807
295,106442,meningioma,1,4,0.0028867985,0.99699605,0.00011713407
296,106442,meningioma,1,4,0.00036014113,0.9996215,1.829311e-05
326,108514,meningioma,1,4,0.16149251,0.8379629,0.0005444796
327,108514,meningioma,1,4,0.025841221,0.9740742,8.461369e-05
328,108514,meningioma,1,4,0.13490704,0.8650123,8.059464e-05
329,108514,meningioma,1,4,0.0019985167,0.99688596,0.0011155603
330,108514,meningioma,1,4,0.037827868,0.9560672,0.0061049075
331,108514,meningioma,1,4,0.12418959,0.87174284,0.004067558
336,108945,meningioma,1,4,0.0009798657,0.9902714,0.008748712
337,108945,meningioma,1,4,0.01711269,0.9812981,0.0015891889
338,108945,meningioma,1,4,0.038578853,0.9596475,0.001773648
339,108945,meningioma,1,4,0.06656122,0.9247232,0.008715528
340,109411,meningioma,1,4,0.0013973432,0.9883841,0.010218474
341,109968,meningioma,1,4,0.044592235,0.9547666,0.00064115855
342,109968,meningioma,1,4,0.062391073,0.9338148,0.0037941006
343,109968,meningioma,1,4,0.3783102,0.6194369,0.0022528425
344,109968,meningioma,1,4,0.17913032,0.8191635,0.0017062
399,114359,meningioma,1,4,0.7555435,0.24439004,6.64643e-05
400,114359,meningioma,1,4,0.020853536,0.97700447,0.002142047
401,114359,meningioma,1,4,0.017240876,0.98144203,0.0013170346
402,114359,meningioma,1,4,0.16019216,0.83340085,0.0064069787
403,114359,meningioma,1,4,0.032963295,0.9653244,0.0017123449
404,114359,meningioma,1,4,0.5093314,0.45571935,0.03494922
414,97875,meningioma,1,4,0.00018341676,0.7503493,0.24946724
415,97875,meningioma,1,4,6.275072e-05,0.7700583,0.22987893
416,97875,meningioma,1,4,0.0005057643,0.78911144,0.21038276
417,97875,meningioma,1,4,0.0009206577,0.93666303,0.06241629
430,99017,meningioma,1,4,0.007135891,0.9712436,0.02162036
431,99017,meningioma,1,4,0.0009978948,0.9737673,0.025234897
465,101797,meningioma,1,4,8.595917e-05,0.95757127,0.042342775
466,101797,meningioma,1,4,8.9275185e-05,0.83090717,0.16900362
467,101797,meningioma,1,4,0.0044284444,0.3568317,0.6387399
468,101797,meningioma,1,4,0.000118170596,0.6297998,0.37008202
469,101797,meningioma,1,4,0.00027634203,0.97936684,0.020356871
470,101797,meningioma,1,4,0.0056835786,0.9895884,0.004727998
471,101801,meningioma,1,4,0.0053406875,0.95218134,0.042477984
472,101801,meningioma,1,4,0.08592332,0.6730104,0.24106629
473,101801,meningioma,1,4,0.00047968517,0.63275015,0.36677015
490,102960,meningioma,1,4,0.3730614,0.6260525,0.00088606175
491,102960,meningioma,1,4,0.68135214,0.3108964,0.0077514737
492,102960,meningioma,1,4,0.18773673,0.740761,0.07150224
493,102960,meningioma,1,4,0.0041808845,0.8119145,0.18390463
494,102960,meningioma,1,4,0.037427798,0.23771045,0.72486174
517,105374,meningioma,1,4,0.0004293941,0.9989298,0.00064079004
527,106442,meningioma,1,4,0.23537941,0.76361513,0.0010054432
528,106442,meningioma,1,4,0.028410757,0.97126085,0.0003283734
529,106442,meningioma,1,4,0.020806229,0.9724849,0.006708773
532,106592,meningioma,1,4,0.18987443,0.80811954,0.0020061305
564,108514,meningioma,1,4,0.29714766,0.70271605,0.00013632265
565,108514,meningioma,1,4,0.032270182,0.967639,9.075471e-05
566,108514,meningioma,1,4,0.128101,0.87140715,0.0004918872
567,108514,meningioma,1,4,0.0015116036,0.99842846,5.993172e-05
568,108514,meningioma,1,4,0.08029213,0.9194668,0.00024113829
573,108945,meningioma,1,4,0.01875709,0.98114693,9.596771e-05
574,108945,meningioma,1,4,0.036044385,0.9632115,0.00074413646
575,108945,meningioma,1,4,0.0068950257,0.9921421,0.0009629032
576,108945,meningioma,1,4,0.07048717,0.8202651,0.10924771
579,109411,meningioma,1,4,0.7718858,0.2228685,0.0052456725
580,109968,meningioma,1,4,0.10100684,0.8979405,0.0010527096
581,109968,meningioma,1,4,0.06564715,0.9335659,0.000786975
582,109968,meningioma,1,4,0.097859815,0.89981586,0.0023243378
583,109968,meningioma,1,4,0.002180714,0.972937,0.024882315
596,111696,meningioma,1,4,0.0020207672,0.42369834,0.574281
621,113098,meningioma,1,4,0.03362484,0.76841694,0.19795814
622,113098,meningioma,1,4,0.03331,0.9337198,0.032970108
623,113098,meningioma,1,4,0.16217221,0.8341325,0.0036952384
624,113098,meningioma,1,4,0.1833862,0.8015276,0.015086098
640,113971,meningioma,1,4,0.013027981,0.8561818,0.13079025
641,113971,meningioma,1,4,0.00060293276,0.54407126,0.45532584
648,114359,meningioma,1,4,0.037580032,0.96238303,3.6939276e-05
649,114359,meningioma,1,4,0.0006093558,0.9993807,9.883626e-06
650,114359,meningioma,1,4,0.0005046854,0.9994536,4.172633e-05
651,114359,meningioma,1,4,0.028900899,0.9708388,0.00026042707
652,114359,meningioma,1,4,0.0007812888,0.99919695,2.1759157e-05
653,114359,meningioma,1,4,0.0119564915,0.98770636,0.00033714896
654,114359,meningioma,1,4,0.018174998,0.9705265,0.0112985
659,97374,meningioma,1,4,0.8267559,0.12066642,0.05257769
660,97374,meningioma,1,4,0.022183403,0.82484335,0.15297328
661,97374,meningioma,1,4,0.0023896713,0.98528415,0.012326205
662,97374,meningioma,1,4,0.015947375,0.9812075,0.002845139
663,97374,meningioma,1,4,0.07838302,0.9195485,0.0020684653
673,97793,meningioma,1,4,0.001760355,0.99149865,0.0067409007
674,97875,meningioma,1,4,0.008288127,0.7735193,0.21819264
686,99017,meningioma,1,4,0.001747166,0.9849997,0.013253184
687,99017,meningioma,1,4,0.0010566642,0.9856397,0.013303598
715,100820,glioma,0,4,0.10103255,0.89772797,0.0012394943
716,100820,glioma,0,4,0.0030487182,0.9963366,0.0006146285
717,100820,glioma,0,4,0.024977406,0.97216034,0.0028622989
718,101020,glioma,0,4,0.08092374,0.5622555,0.3568208
719,101020,glioma,0,4,0.64517623,0.34816462,0.00665916
720,101020,glioma,0,4,0.9190432,0.079496235,0.0014606199
721,101020,glioma,0,4,0.928159,0.07085732,0.0009837255
747,100820,glioma,0,4,0.32161638,0.5961949,0.0821887
748,100820,glioma,0,4,0.30582094,0.6528431,0.041335944
749,100820,glioma,0,4,0.3835911,0.5999872,0.01642179
750,100820,glioma,0,4,0.010490857,0.87628824,0.11322092
751,100820,glioma,0,4,0.050863314,0.89236104,0.056775633
752,100820,glioma,0,4,0.064064115,0.89216214,0.043773685
753,101020,glioma,0,4,0.49276304,0.5041563,0.0030806784
754,101020,glioma,0,4,0.6707094,0.32918158,0.00010904601
755,101020,glioma,0,4,0.92257506,0.0773846,4.0390354e-05
756,101020,glioma,0,4,0.8909521,0.109025754,2.2180595e-05
757,101020,glioma,0,4,0.9001263,0.099816754,5.6933663e-05
758,101020,glioma,0,4,0.743491,0.25578842,0.0007205416
759,101020,glioma,0,4,0.90481925,0.095091105,8.961884e-05
760,101020,glioma,0,4,0.36883026,0.63085693,0.00031287974
822,100820,glioma,0,4,0.67163086,0.32072788,0.0076412684
823,100820,glioma,0,4,0.87018096,0.12784776,0.0019712439
824,100820,glioma,0,4,0.6147239,0.3800306,0.005245491
825,100820,glioma,0,4,0.27439472,0.663599,0.06200629
826,100820,glioma,0,4,0.04821157,0.8621745,0.08961392
827,100820,glioma,0,4,0.008937284,0.34523678,0.6458259
828,101020,glioma,0,4,0.0058371327,0.9779293,0.016233489
829,101020,glioma,0,4,0.38091004,0.6173391,0.0017509413
830,101020,glioma,0,4,0.37185073,0.6277377,0.00041152732
831,101020,glioma,0,4,0.21827081,0.7813787,0.00035055444
832,101020,glioma,0,4,0.09499778,0.90478456,0.00021768414
833,101020,glioma,0,4,0.62938076,0.36996508,0.00065415946
892,94731,glioma,0,4,0.0050302427,0.1302577,0.86471206
893,94731,glioma,0,4,0.2029783,0.54135424,0.2556675
894,94731,glioma,0,4,0.09358254,0.90359247,0.0028249305
912,98889,glioma,0,4,0.9252491,0.07418527,0.0005655581
913,98889,glioma,0,4,0.8760274,0.12092563,0.0030470008
914,98889,glioma,0,4,0.76555014,0.23245999,0.0019899711
915,98889,glioma,0,4,0.72072375,0.27664652,0.002629785
916,98889,glioma,0,4,0.67710656,0.2993325,0.023560923
917,98889,glioma,0,4,0.50983405,0.48557174,0.0045941835
933,107429,pituitary,2,4,9.6121024e-05,0.0074567464,0.99244714
934,107429,pituitary,2,4,3.1973157e-06,0.0026243017,0.9973725
935,107429,pituitary,2,4,7.259781e-06,0.005010324,0.9949824
936,107429,pituitary,2,4,6.052049e-07,0.0015729682,0.99842644
937,107429,pituitary,2,4,3.1965993e-07,0.0017702731,0.99822944
938,107429,pituitary,2,4,0.0008117071,0.015226711,0.9839616
966,109898,pituitary,2,4,7.524628e-07,0.00028698216,0.9997123
967,109898,pituitary,2,4,2.3515431e-06,0.00025612325,0.9997415
968,109898,pituitary,2,4,1.7813986e-06,9.953604e-05,0.9998987
969,109898,pituitary,2,4,1.0743059e-06,8.32237e-05,0.9999157
970,109898,pituitary,2,4,5.421667e-07,5.2829586e-05,0.9999466
971,109898,pituitary,2,4,2.2493196e-06,0.00043637876,0.99956137
972,110518,pituitary,2,4,0.0015114573,0.5152057,0.4832828
973,110518,pituitary,2,4,0.011901928,0.4231694,0.5649287
986,111125,pituitary,2,4,7.372864e-07,7.4144315e-05,0.99992514
987,111125,pituitary,2,4,2.0038908e-06,5.652218e-05,0.99994147
988,111125,pituitary,2,4,1.212554e-06,9.0247064e-05,0.99990857
989,111125,pituitary,2,4,5.0711424e-07,6.615133e-05,0.99993336
998,112649,pituitary,2,4,8.749358e-05,0.00032122096,0.9995913
999,112649,pituitary,2,4,6.075301e-06,0.0001359126,0.999858
1000,112649,pituitary,2,4,1.6703957e-06,0.00015648593,0.9998418
1001,112649,pituitary,2,4,1.0042181e-05,5.540541e-05,0.99993455
1002,112649,pituitary,2,4,4.413206e-05,0.00034307482,0.99961287
1010,113274,pituitary,2,4,5.3732623e-07,0.00013735666,0.9998621
1011,113274,pituitary,2,4,8.944059e-08,0.0001475136,0.9998524
1012,113274,pituitary,2,4,1.4502123e-05,0.000319448,0.9996661
1013,113741,pituitary,2,4,1.554603e-08,1.5998125e-05,0.999984
1014,113741,pituitary,2,4,3.2362824e-09,4.9001533e-06,0.9999951
1047,107429,pituitary,2,4,2.6899008e-06,0.00075076113,0.9992466
1048,107429,pituitary,2,4,3.9008818e-08,8.33062e-05,0.9999167
1049,107429,pituitary,2,4,7.860138e-08,5.08438e-05,0.9999491
1050,107429,pituitary,2,4,3.0359465e-07,0.0011170653,0.9988826
1051,107429,pituitary,2,4,3.8647716e-08,0.0024013915,0.9975986
1052,107429,pituitary,2,4,2.3239222e-07,0.0006287998,0.999371
1053,107429,pituitary,2,4,3.6328152e-06,0.0038831525,0.9961132
1088,109898,pituitary,2,4,3.4189786e-06,0.0005880659,0.9994085
1089,109898,pituitary,2,4,3.1488287e-07,0.00034635665,0.99965334
1090,109898,pituitary,2,4,9.868816e-07,0.0008973808,0.99910164
1091,109898,pituitary,2,4,3.4479012e-06,0.0012683353,0.9987282
1092,109898,pituitary,2,4,6.075715e-07,0.00074199744,0.9992574
1093,109898,pituitary,2,4,4.3733507e-06,0.0036938319,0.9963018
1094,110518,pituitary,2,4,1.307596e-05,0.0008404814,0.99914646
1095,110518,pituitary,2,4,2.4192361e-06,0.0009625908,0.999035
1096,110518,pituitary,2,4,2.0330819e-07,0.00021457832,0.99978524
1097,110518,pituitary,2,4,1.7595481e-07,0.0003955231,0.9996043
1098,110518,pituitary,2,4,8.9264086e-07,0.0005545254,0.99944454
1099,110518,pituitary,2,4,1.7234055e-05,0.0026295746,0.9973532
1118,111125,pituitary,2,4,3.354645e-07,3.1599506e-05,0.99996805
1119,111125,pituitary,2,4,1.1238658e-07,1.6611262e-05,0.9999833
1120,111125,pituitary,2,4,8.3755786e-08,3.619995e-05,0.99996376
1121,111125,pituitary,2,4,1.6520922e-06,3.186355e-05,0.9999665
1122,111125,pituitary,2,4,1.3824977e-07,2.373709e-05,0.99997616
1123,111125,pituitary,2,4,3.5086764e-06,0.00018292849,0.9998136
1134,112649,pituitary,2,4,7.380421e-05,1.5329084e-05,0.99991083
1135,112649,pituitary,2,4,6.0706693e-06,4.0733153e-06,0.99998987
1136,112649,pituitary,2,4,4.8731596e-05,1.7992661e-05,0.99993324
1137,112649,pituitary,2,4,4.812518e-06,5.479154e-06,0.99998975
1138,112649,pituitary,2,4,0.00026409802,0.000101133315,0.99963474
1139,112649,pituitary,2,4,0.00022411575,9.1437905e-05,0.99968445
1148,113274,pituitary,2,4,3.025462e-07,4.268276e-06,0.99999547
1149,113274,pituitary,2,4,2.4699452e-06,3.865964e-06,0.9999937
1150,113274,pituitary,2,4,3.2307912e-06,2.8625504e-05,0.9999682
1151,113741,pituitary,2,4,1.7309821e-07,2.851111e-05,0.9999713
1152,113741,pituitary,2,4,2.0631366e-07,4.7290298e-05,0.99995255
1153,113741,pituitary,2,4,2.3465914e-06,0.00018882492,0.99980885
1182,107429,pituitary,2,4,0.00061399635,0.003564267,0.9958217
1183,107429,pituitary,2,4,1.4796045e-05,0.0070654503,0.99291974
1184,107429,pituitary,2,4,1.1201882e-06,0.0019175205,0.9980813
1185,107429,pituitary,2,4,6.9384333e-07,0.0008047273,0.99919456
1186,107429,pituitary,2,4,1.2217869e-06,0.0025445174,0.9974542
1187,107429,pituitary,2,4,3.057699e-07,0.0028480869,0.9971517
1188,107429,pituitary,2,4,4.535364e-05,0.0025573345,0.9973973
1219,109898,pituitary,2,4,1.04450755e-05,0.00035620015,0.9996333
1220,109898,pituitary,2,4,0.000535097,0.0004368588,0.9990281
1221,109898,pituitary,2,4,0.0025344926,0.00019698705,0.99726856
1222,110518,pituitary,2,4,5.223365e-06,0.0003456199,0.99964917
1223,110518,pituitary,2,4,3.4313578e-06,6.5911605e-05,0.9999306
1224,110518,pituitary,2,4,9.881309e-06,0.00017656991,0.9998136
1225,110518,pituitary,2,4,2.2492539e-05,0.0003991029,0.9995784
1238,111125,pituitary,2,4,1.1393951e-06,0.00034246736,0.99965644
1239,111125,pituitary,2,4,3.8070132e-06,0.00036737425,0.9996288
1240,111125,pituitary,2,4,9.337879e-06,0.0010019349,0.9989887
1241,111125,pituitary,2,4,4.0233908e-07,0.00019250494,0.99980706
1251,112649,pituitary,2,4,1.8122564e-05,0.0002180719,0.9997638
1252,112649,pituitary,2,4,8.0474754e-05,0.00050166855,0.9994179
1253,112649,pituitary,2,4,0.00045445547,0.00047453307,0.999071
1254,112649,pituitary,2,4,2.0801237e-05,9.984519e-05,0.99987936
1255,112649,pituitary,2,4,1.3536396e-05,5.0943865e-05,0.9999355
1266,113274,pituitary,2,4,6.438141e-05,0.00024009545,0.99969554
1267,113274,pituitary,2,4,0.0009141603,0.0017187566,0.9973671
1268,113274,pituitary,2,4,0.0061163316,0.0044462136,0.98943746
1269,113274,pituitary,2,4,0.017746126,0.0019958566,0.98025805
1270,113741,pituitary,2,4,1.9006671e-05,0.00012083329,0.99986017
1271,113741,pituitary,2,4,7.7105215e-06,7.8327335e-05,0.99991393
1272,113741,pituitary,2,4,1.4111342e-06,7.271625e-05,0.99992585
1285,101145,pituitary,2,4,1.2291182e-06,0.0010098997,0.9989888
1286,101145,pituitary,2,4,3.145268e-06,0.0010457496,0.9989511
1287,101145,pituitary,2,4,5.3475783e-06,0.0053345263,0.9946601
1288,101145,pituitary,2,4,1.1001027e-05,0.0034215392,0.9965675
1289,101305,pituitary,2,4,1.9982374e-06,7.42042e-05,0.9999238
1290,101305,pituitary,2,4,2.8896025e-07,0.00012784713,0.99987185
1291,101305,pituitary,2,4,3.5005127e-05,8.943699e-05,0.99987555
1292,101305,pituitary,2,4,2.0699003e-06,6.4940534e-05,0.999933
1374,105187,pituitary,2,4,5.842041e-06,0.00042329478,0.9995709
1375,105187,pituitary,2,4,1.3039386e-06,0.00038958518,0.9996092
1376,105187,pituitary,2,4,2.0182713e-07,0.00017804212,0.99982184
1377,105187,pituitary,2,4,7.16608e-08,0.00034073452,0.9996592
1468,101145,pituitary,2,4,1.2734124e-05,0.0035080498,0.9964792
1469,101145,pituitary,2,4,4.9685214e-06,0.0005243818,0.99947065
1470,101145,pituitary,2,4,7.1932145e-06,0.0016884183,0.99830437
1471,101145,pituitary,2,4,6.2652457e-06,0.0038384702,0.9961553
1472,101305,pituitary,2,4,7.387467e-07,2.9708968e-05,0.9999696
1473,101305,pituitary,2,4,3.2036561e-07,1.0955627e-05,0.9999887
1474,101305,pituitary,2,4,2.59386e-07,1.8773482e-05,0.9999809
1475,101305,pituitary,2,4,1.3792756e-07,8.352591e-06,0.99999154
1476,101305,pituitary,2,4,1.0731678e-05,0.00039957854,0.99958974
1477,101305,pituitary,2,4,2.4448478e-05,0.00035542875,0.9996201
1478,101305,pituitary,2,4,1.22232905e-05,5.5700897e-05,0.99993205
1479,101305,pituitary,2,4,3.5922947e-06,0.00019194256,0.99980444
1487,102669,pituitary,2,4,4.6277978e-07,0.00039694703,0.9996026
1488,102669,pituitary,2,4,1.8148598e-06,0.00022212624,0.99977607
1557,105187,pituitary,2,4,3.3801513e-08,7.0719616e-06,0.99999285
1558,105187,pituitary,2,4,1.1868114e-08,5.539359e-06,0.9999944
1559,105187,pituitary,2,4,4.5127924e-09,2.9294774e-06,0.999997
1560,105187,pituitary,2,4,4.7872273e-08,1.9758532e-05,0.9999802
1561,105187,pituitary,2,4,1.840755e-08,3.8025619e-06,0.9999962
1562,105187,pituitary,2,4,1.6026088e-07,2.5100202e-05,0.9999747
1651,101145,pituitary,2,4,5.293661e-05,0.002761094,0.997186
1652,101145,pituitary,2,4,0.00014105803,0.0036383646,0.99622065
1653,101145,pituitary,2,4,0.0019498375,0.0020185774,0.9960316
1654,101145,pituitary,2,4,0.00011557398,0.008954801,0.99092966
1655,101305,pituitary,2,4,6.231876e-08,5.705245e-05,0.9999429
1656,101305,pituitary,2,4,6.466636e-07,0.00033357608,0.99966574
1657,101305,pituitary,2,4,4.884285e-06,0.00039678294,0.9995983
1658,101305,pituitary,2,4,1.2561816e-05,0.00037408288,0.99961334
1672,102669,pituitary,2,4,6.6691166e-07,8.1780105e-05,0.9999175
1748,105187,pituitary,2,4,9.4719155e-07,0.00042354004,0.99957556
1749,105187,pituitary,2,4,8.322037e-06,0.00014987346,0.9998418
1750,105187,pituitary,2,4,6.429505e-06,0.00034470155,0.9996488
1751,105187,pituitary,2,4,1.0993684e-05,5.5379314e-05,0.9999336
1752,105187,pituitary,2,4,1.0295859e-05,0.00021507367,0.99977463
1753,105187,pituitary,2,4,1.7334823e-06,0.0004199873,0.9995783
1841,MR048294,glioma,0,4,0.92770016,0.0038572368,0.06844262
1842,MR048294,glioma,0,4,0.9844603,0.00026742494,0.015272228
1843,MR048294,glioma,0,4,0.99990547,6.2422165e-05,3.2115815e-05
1844,MR048294,glioma,0,4,0.9997725,0.00015739386,7.006579e-05
1845,MR048294,glioma,0,4,0.99936765,0.0005521387,8.0196594e-05
1846,MR048294,glioma,0,4,0.9998796,0.000115920375,4.3833543e-06
1847,MR048294,glioma,0,4,0.9999132,8.390221e-05,2.8914492e-06
1848,MR048294,glioma,0,4,0.99975437,0.00024434243,1.3367923e-06
1950,MR050135B,glioma,0,4,0.92428386,0.016232131,0.059484072
1951,MR050135B,glioma,0,4,0.9650624,0.0010427361,0.03389481
1952,MR050135B,glioma,0,4,0.999877,0.000116480136,6.6148705e-06
1953,MR050135B,glioma,0,4,0.9996118,0.0003780766,1.012759e-05
1954,MR050135B,glioma,0,4,0.9997105,0.0002872648,2.205514e-06
1955,MR050135B,glioma,0,4,0.9985709,0.0014280649,1.0104437e-06
1956,MR050135B,glioma,0,4,0.99763536,8.723731e-05,0.0022773733
1957,MR050135B,glioma,0,4,0.99924964,0.00016602835,0.00058433117
1958,MR050135B,glioma,0,4,0.99800915,9.8508084e-05,0.0018923348
1959,MR050135B,glioma,0,4,0.99964714,6.420208e-05,0.0002886435
1960,MR050135B,glioma,0,4,0.9997713,0.00015376188,7.492912e-05
1961,MR050135B,glioma,0,4,0.99993086,6.3679596e-05,5.529158e-06
1962,MR050135B,glioma,0,4,0.999876,0.00011598266,7.940123e-06
1963,MR050135B,glioma,0,4,0.998667,0.0013180154,1.5033219e-05
1964,MR050687,glioma,0,4,0.92476225,0.068638526,0.0065992093
1965,MR050687,glioma,0,4,0.25500077,0.5968092,0.14818999
1966,MR050687,glioma,0,4,0.09828088,0.8955009,0.0062183496
1967,MR050687,glioma,0,4,0.34814417,0.6510335,0.00082225463
1968,MR050687,glioma,0,4,0.9598297,0.03973562,0.00043467895
1969,MR050687,glioma,0,4,0.92110354,0.07842695,0.0004695717
1970,MR050687,glioma,0,4,0.7763426,0.22204995,0.0016075477
1971,MR050687,glioma,0,4,0.5674142,0.43230802,0.00027779894
1972,MR050687,glioma,0,4,0.41988158,0.5799733,0.00014518043
1973,MR050687,glioma,0,4,0.09289012,0.9070195,9.039418e-05
2080,MR052585B,glioma,0,4,0.9996686,0.00017930173,0.00015204126
2081,MR052585B,glioma,0,4,0.99990225,2.3680279e-05,7.4022515e-05
2082,MR052585B,glioma,0,4,0.99870205,0.0005346839,0.0007632769
2093,MR034694,glioma,0,4,0.99985015,9.330513e-05,5.6478333e-05
2094,MR034694,glioma,0,4,0.99997044,2.761321e-05,1.8950384e-06
2095,MR034694,glioma,0,4,0.99982256,0.00016074824,1.6734735e-05
2096,MR034694,glioma,0,4,0.9999696,2.9941893e-05,4.5826533e-07
2134,MR049019G,glioma,0,4,0.9998814,0.00010323847,1.5431275e-05
2135,MR049019G,glioma,0,4,0.99989176,0.000103156075,5.1255633e-06
2136,MR049019G,glioma,0,4,0.9998406,0.00014131053,1.7993705e-05
2137,MR049019G,glioma,0,4,0.99994135,5.48641e-05,3.7710654e-06
2138,MR049019G,glioma,0,4,0.99991345,8.5356165e-05,1.220037e-06
2139,MR049019G,glioma,0,4,0.99989724,0.00010149596,1.3019531e-06
2140,MR049019G,glioma,0,4,0.9994873,0.00051169103,9.27657e-07
2141,MR031409B,glioma,0,4,0.9998135,0.00018607374,4.966584e-07
2142,MR031409B,glioma,0,4,0.99739623,0.0026033912,3.350584e-07
2143,MR031409B,glioma,0,4,0.9688964,0.031103274,3.9007938e-07
2146,MR038469,glioma,0,4,0.20051311,0.56908077,0.23040617
2147,MR038469,glioma,0,4,0.66567093,0.29170507,0.042623937
2148,MR038469,glioma,0,4,0.9970595,0.0023924669,0.00054789835
2149,MR038469,glioma,0,4,0.99646735,0.0026984569,0.0008341115
2150,MR038469,glioma,0,4,0.9997042,0.000108994784,0.0001868053
2151,MR038469,glioma,0,4,0.9995043,0.00038227643,0.00011343788
2152,MR038469,glioma,0,4,0.99970645,0.00011154647,0.00018198341
2179,MR039473B,glioma,0,4,0.2859363,0.05064489,0.66341877
2180,MR039473B,glioma,0,4,0.99204856,0.0016361318,0.0063153347
2181,MR039473B,glioma,0,4,0.9928261,0.00025115922,0.0069227125
2182,MR039473B,glioma,0,4,0.99866116,5.7057732e-05,0.0012817798
2183,MR039473B,glioma,0,4,0.99993074,2.071751e-05,4.8455597e-05
2184,MR039473B,glioma,0,4,0.9983146,0.00019936045,0.0014861033
2185,MR039473B,glioma,0,4,0.9998956,4.7711008e-05,5.668774e-05
2196,MR040240,glioma,0,4,0.9760444,0.01573956,0.00821592
2197,MR040240,glioma,0,4,0.9797869,0.0031524329,0.017060706
2198,MR040240,glioma,0,4,0.9990356,0.00038173984,0.00058277335
2199,MR040240,glioma,0,4,0.9908144,0.008146579,0.0010390402
2200,MR040240,glioma,0,4,0.9980508,0.0018052812,0.000144014
2201,MR040240,glioma,0,4,0.9993869,0.000591344,2.1729365e-05
2202,MR040240,glioma,0,4,0.99972206,0.00025566755,2.2251443e-05
2203,MR040240,glioma,0,4,0.9985808,0.0013688223,5.0387935e-05
2204,MR040240,glioma,0,4,0.99886996,0.0011000702,2.9989851e-05
2205,MR040240,glioma,0,4,0.99934965,0.00063621433,1.4189939e-05
2224,MR036496B,glioma,0,4,0.9998908,0.000109042485,6.706629e-08
2225,MR036496B,glioma,0,4,0.9987583,0.001238623,3.0832853e-06
2226,MR036496B,glioma,0,4,0.9998319,0.00016777935,2.0166024e-07
2227,MR036496B,glioma,0,4,0.9999484,5.1498064e-05,9.5819914e-08
2228,MR036496B,glioma,0,4,0.9999312,6.857303e-05,2.0636652e-07
2229,MR036496B,glioma,0,4,0.9992029,0.0007965264,6.423846e-07
2230,MR033420,glioma,0,4,0.9994998,2.1660808e-05,0.0004785496
2231,MR033420,glioma,0,4,0.9999107,1.20470095e-05,7.7266144e-05
2232,MR033420,glioma,0,4,0.99934095,0.0005621735,9.68092e-05
2233,MR033420,glioma,0,4,0.9987179,0.0012345457,4.7612702e-05
2234,MR033420,glioma,0,4,0.99967086,0.00029863277,3.045685e-05
2235,MR033420,glioma,0,4,0.9999119,7.564622e-05,1.238255e-05
2236,MR033420,glioma,0,4,0.999951,4.5273013e-05,3.6606307e-06
2300,MR050135B,glioma,0,4,0.9964977,0.0033581334,0.0001442507
2301,MR050135B,glioma,0,4,0.9995504,0.00032936898,0.00012023373
2302,MR050135B,glioma,0,4,0.99993753,4.9978877e-05,1.2498342e-05
2303,MR050135B,glioma,0,4,0.99766845,0.0017858191,0.0005456274
2304,MR050135B,glioma,0,4,0.9930483,0.0030635144,0.003888121
2305,MR050135B,glioma,0,4,0.99426806,0.002758832,0.002973125
2306,MR050135B,glioma,0,4,0.999033,0.00020281771,0.00076424517
2307,MR050135B,glioma,0,4,0.99876946,2.9578408e-05,0.0012010353
2308,MR050135B,glioma,0,4,0.998312,0.00015246906,0.0015355612
2309,MR050135B,glioma,0,4,0.99983966,9.830482e-06,0.00015059265
2310,MR050135B,glioma,0,4,0.9999881,8.210883e-06,3.7310608e-06
2311,MR050687,glioma,0,4,0.99205106,0.0076649194,0.00028403781
2312,MR050687,glioma,0,4,0.9807749,0.019037982,0.00018703523
2313,MR050687,glioma,0,4,0.9548043,0.04414473,0.0010508613
2314,MR050687,glioma,0,4,0.95368993,0.04619334,0.0001167936
2315,MR050687,glioma,0,4,0.24924806,0.74335754,0.0073943725
2316,MR050687,glioma,0,4,0.5184127,0.4781219,0.003465352
2350,MR026175E,glioma,0,4,0.71696746,0.08563392,0.19739868
2351,MR026175E,glioma,0,4,0.95753425,0.007815986,0.0346498
2352,MR026175E,glioma,0,4,0.9999937,4.2696365e-06,2.0369635e-06
2353,MR026175E,glioma,0,4,0.9999547,3.6364843e-05,8.908231e-06
2354,MR026175E,glioma,0,4,0.99851006,0.0007408057,0.0007490632
2355,MR026175E,glioma,0,4,0.9999399,3.3142587e-05,2.6903212e-05
2356,MR026175E,glioma,0,4,0.99981064,0.00014556677,4.381358e-05
2357,MR026175E,glioma,0,4,0.9994986,0.0004274639,7.385389e-05
2358,MR026175E,glioma,0,4,0.99983907,0.00014368081,1.7265249e-05
2359,MR026175E,glioma,0,4,0.9999536,4.5541095e-05,8.031504e-07
2360,MR026175E,glioma,0,4,0.99986017,0.0001385782,1.2059775e-06
2361,MR026175E,glioma,0,4,0.9999851,1.4652619e-05,2.4020886e-07
2394,MR029209I,glioma,0,4,0.9999621,1.00317175e-05,2.786296e-05
2395,MR029209I,glioma,0,4,0.9999331,5.78217e-05,9.076487e-06
2396,MR029209I,glioma,0,4,0.99996555,3.097391e-05,3.4364748e-06
2397,MR029209I,glioma,0,4,0.99993396,6.5094675e-05,9.5367136e-07
2398,MR029209I,glioma,0,4,0.9997789,0.00021836386,2.6975702e-06
2399,MR029209I,glioma,0,4,0.9999689,2.871633e-05,2.3938753e-06
2400,MR029209I,glioma,0,4,0.99995124,4.7139125e-05,1.6673093e-06
2401,MR029209I,glioma,0,4,0.9999418,5.7875557e-05,2.177303e-07
2402,MR029209I,glioma,0,4,0.9995827,0.00041599417,1.325226e-06
2403,MR048294,glioma,0,4,0.8998282,0.010561156,0.08961058
2404,MR048294,glioma,0,4,0.9861531,0.0024208585,0.011426002
2405,MR048294,glioma,0,4,0.9935814,0.003179134,0.0032395003
2406,MR048294,glioma,0,4,0.99554235,0.0018743721,0.0025832388
2407,MR048294,glioma,0,4,0.98509985,0.0037751445,0.011124995
2408,MR048294,glioma,0,4,0.96027744,0.008280926,0.031441648
2409,MR048294,glioma,0,4,0.98931175,0.0033893979,0.007298756
2443,MR040240,glioma,0,4,0.9894232,0.008204332,0.002372387
2444,MR040240,glioma,0,4,0.99244446,0.0027058353,0.0048497063
2445,MR040240,glioma,0,4,0.9828384,0.0024675739,0.014694038
2446,MR040240,glioma,0,4,0.98957074,0.0033161642,0.007113078
2447,MR040240,glioma,0,4,0.9057869,0.072017185,0.022195948
2448,MR040240,glioma,0,4,0.90778905,0.08480504,0.00740588
2449,MR040240,glioma,0,4,0.9895146,0.010158835,0.00032645496
2450,MR040240,glioma,0,4,0.9828954,0.014871355,0.0022332883
2451,MR040240,glioma,0,4,0.9977094,0.002200603,9.002968e-05
2452,MR040240,glioma,0,4,0.98639756,0.013114198,0.00048826679
2470,MR036496B,glioma,0,4,0.99988866,0.00010654483,4.743983e-06
2471,MR036496B,glioma,0,4,0.99936,0.0006147347,2.528137e-05
2472,MR036496B,glioma,0,4,0.9978364,0.0020796636,8.3949504e-05
2473,MR036496B,glioma,0,4,0.99702793,0.002963122,8.968836e-06
2474,MR036496B,glioma,0,4,0.9993292,0.0006685268,2.2243682e-06
2475,MR036496B,glioma,0,4,0.9996364,0.0003531397,1.045017e-05
2476,MR033420,glioma,0,4,0.98807573,0.011766438,0.00015778626
2477,MR033420,glioma,0,4,0.99381775,0.0060967086,8.5591426e-05
2478,MR033420,glioma,0,4,0.9998122,3.2579414e-05,0.0001552699
2479,MR033420,glioma,0,4,0.9921017,0.0075017926,0.00039638294
2480,MR033420,glioma,0,4,0.994249,0.0054454166,0.00030552092
2481,MR033420,glioma,0,4,0.99279505,0.00583439,0.0013705529
2482,MR033420,glioma,0,4,0.87996376,0.11512869,0.004907601
2483,MR033420,glioma,0,4,0.9965167,0.002763262,0.00071996776
2484,MR033420,glioma,0,4,0.9997191,0.00015280253,0.00012807934
2485,MR033420,glioma,0,4,0.9990926,0.000708999,0.00019843724
2486,MR033420,glioma,0,4,0.9999461,1.9184998e-05,3.4691733e-05
2499,MR026175E,glioma,0,4,0.9353665,0.06426834,0.00036522164
2500,MR026175E,glioma,0,4,0.9961505,0.0037540311,9.550693e-05
2501,MR026175E,glioma,0,4,0.9982674,0.0017038314,2.8665172e-05
2502,MR026175E,glioma,0,4,0.9776153,0.022183236,0.00020144555
2503,MR026175E,glioma,0,4,0.99941397,0.00055574614,3.0256644e-05
2504,MR026175E,glioma,0,4,0.99988234,0.00011407606,3.5948847e-06
2505,MR026175E,glioma,0,4,0.99933344,0.00058690464,7.96261e-05
2506,MR026175E,glioma,0,4,0.9998436,0.00014244807,1.3897883e-05
2507,MR026175E,glioma,0,4,0.9998233,0.00013153272,4.5141092e-05
2508,MR026175E,glioma,0,4,0.9999237,7.132351e-05,4.9575087e-06
2530,MR029209I,glioma,0,4,0.9994122,0.0004925856,9.516986e-05
2531,MR029209I,glioma,0,4,0.9993623,0.00032976328,0.00030790802
2532,MR029209I,glioma,0,4,0.99959916,0.00031339267,8.747475e-05
2533,MR029209I,glioma,0,4,0.9990338,0.0008279524,0.00013821287
2534,MR029209I,glioma,0,4,0.9993994,0.00052388903,7.667309e-05
2535,MR029209I,glioma,0,4,0.99782723,0.0019779657,0.00019466503
2536,MR029209I,glioma,0,4,0.9970794,0.0024202305,0.00050036795
2537,MR029209I,glioma,0,4,0.9995479,0.00040220434,4.992973e-05
2538,MR029209I,glioma,0,4,0.9830428,0.003319037,0.013638218
2539,MR029209I,glioma,0,4,0.9880206,0.008604446,0.003374985
2540,MR048294,glioma,0,4,0.2743715,0.72269136,0.0029371632
2541,MR048294,glioma,0,4,0.23569237,0.76249295,0.0018147845
2542,MR048294,glioma,0,4,0.4020627,0.59542865,0.0025086547
2543,MR048294,glioma,0,4,0.80580467,0.19333827,0.00085707335
2544,MR048294,glioma,0,4,0.90250343,0.09714731,0.00034923578
2545,MR048294,glioma,0,4,0.97436,0.025397817,0.00024221548
2624,MR034694,glioma,0,4,0.99911386,0.0005435175,0.00034268913
2625,MR034694,glioma,0,4,0.99966455,0.00024466278,9.076157e-05
2626,MR034694,glioma,0,4,0.9998573,0.00011735512,2.5230494e-05
2627,MR034694,glioma,0,4,0.9999366,5.0453844e-05,1.30367725e-05
2628,MR034694,glioma,0,4,0.9999361,5.2170202e-05,1.1704709e-05
2629,MR034694,glioma,0,4,0.9998914,0.0001016523,6.8812055e-06
2630,MR034694,glioma,0,4,0.99987376,7.76974e-05,4.851054e-05
2675,MR049019G,glioma,0,4,0.9994816,8.5168664e-05,0.00043320452
2676,MR049019G,glioma,0,4,0.99931705,4.6978763e-05,0.00063598587
2677,MR049019G,glioma,0,4,0.9902328,0.00036162153,0.009405614
2678,MR031409B,glioma,0,4,0.9975441,0.000114765826,0.0023411454
2679,MR031409B,glioma,0,4,0.99880826,0.00044746895,0.00074430084
2682,MR038469,glioma,0,4,0.9038397,0.01885794,0.07730236
2683,MR038469,glioma,0,4,0.9952838,0.0018139592,0.0029022084
2684,MR038469,glioma,0,4,0.99889696,0.0008673888,0.00023561943
2685,MR038469,glioma,0,4,0.9956382,0.0018603922,0.0025015434
2686,MR038469,glioma,0,4,0.9924039,0.006819508,0.00077654026
2687,MR038469,glioma,0,4,0.86767113,0.12755822,0.00477056
2714,MR039473B,glioma,0,4,0.9989753,0.0009391796,8.556593e-05
2715,MR039473B,glioma,0,4,0.99737465,0.0014183657,0.0012070265
2716,MR039473B,glioma,0,4,0.9729565,0.009856663,0.017186834
2717,MR039473B,glioma,0,4,0.9821571,0.011211885,0.0066309324
2718,MR039473B,glioma,0,4,0.98855686,0.0031131692,0.008329954
2719,MR039473B,glioma,0,4,0.99747616,0.0007333705,0.0017903846
2720,MR039473B,glioma,0,4,0.99933666,0.00021044856,0.0004528129
2721,MR039473B,glioma,0,4,0.99965966,0.00019345964,0.00014696902
2722,MR039473B,glioma,0,4,0.99924636,7.04064e-05,0.00068332144
2743,MR049019G,glioma,0,4,0.98951095,0.001287408,0.009201635
2744,MR049019G,glioma,0,4,0.98980355,0.008787457,0.0014089124
2745,MR049019G,glioma,0,4,0.9937988,0.000113912196,0.006087172
2746,MR049019G,glioma,0,4,0.52712154,0.0037406273,0.46913788
2747,MR049019G,glioma,0,4,0.9449277,0.0025753467,0.05249692
2748,MR031409B,glioma,0,4,0.99506736,0.0035751432,0.0013574968
2749,MR031409B,glioma,0,4,0.9663734,0.0011195202,0.032507077
2753,MR038469,glioma,0,4,0.13138978,0.092738174,0.7758721
2754,MR038469,glioma,0,4,0.18708661,0.1499913,0.6629221
2755,MR038469,glioma,0,4,0.86924654,0.046383727,0.08436974
2756,MR038469,glioma,0,4,0.8574985,0.111993514,0.030507943
2757,MR038469,glioma,0,4,0.98336107,0.015795927,0.00084291794
2780,MR039473B,glioma,0,4,0.96136934,0.019855775,0.018774878
2781,MR039473B,glioma,0,4,0.9887736,0.008140289,0.0030860743
2782,MR039473B,glioma,0,4,0.9773506,0.011246893,0.011402524
2783,MR039473B,glioma,0,4,0.9427416,0.005868953,0.05138936
2784,MR039473B,glioma,0,4,0.9686393,0.0038817152,0.027479019
2785,MR039473B,glioma,0,4,0.9488142,0.001095328,0.050090402
2786,MR039473B,glioma,0,4,0.91842514,0.0010608421,0.08051407
2787,MR040240,glioma,0,4,0.38073835,0.124216355,0.4950453
2788,MR040240,glioma,0,4,0.19922955,0.29582363,0.5049468
2789,MR040240,glioma,0,4,0.93645096,0.051957905,0.011591174
2790,MR040240,glioma,0,4,0.3652176,0.61974335,0.015039068
2791,MR040240,glioma,0,4,0.15934406,0.80033803,0.040317874
2792,MR040240,glioma,0,4,0.39493915,0.60170954,0.0033513024
2793,MR040240,glioma,0,4,0.7691991,0.19905102,0.031749886
2794,MR040240,glioma,0,4,0.7591806,0.19022647,0.050592903
2805,MR036496B,glioma,0,4,0.99948394,0.0004934456,2.2636154e-05
2806,MR036496B,glioma,0,4,0.9985709,0.0014161828,1.28922775e-05
2807,MR036496B,glioma,0,4,0.99421126,0.005755181,3.353567e-05
2808,MR036496B,glioma,0,4,0.90692085,0.092877835,0.00020134082
2809,MR033420,glioma,0,4,0.9901011,0.005666096,0.0042327805
2810,MR033420,glioma,0,4,0.9996177,0.00032032758,6.201442e-05
2811,MR033420,glioma,0,4,0.99978215,8.151381e-05,0.00013640152
2812,MR033420,glioma,0,4,0.9966112,0.0026850272,0.0007038372
2813,MR033420,glioma,0,4,0.9965193,0.0010085981,0.0024720945
2814,MR033420,glioma,0,4,0.9988757,0.00010507814,0.001019306
2815,MR033420,glioma,0,4,0.99989605,4.4982193e-05,5.9015078e-05
2816,MR033420,glioma,0,4,0.9996395,0.00022745038,0.00013297223
2822,MR048294,glioma,0,4,0.9906386,0.00819345,0.0011679172
2891,MR050135B,glioma,0,4,0.98957247,0.0076317023,0.0027958541
2892,MR050135B,glioma,0,4,0.9118936,0.071518496,0.016587965
2893,MR050135B,glioma,0,4,0.9550441,0.044136684,0.00081918493
2894,MR050135B,glioma,0,4,0.9945592,0.0052716397,0.00016903409
2895,MR050135B,glioma,0,4,0.9991817,0.0006768562,0.00014136847
2896,MR050135B,glioma,0,4,0.9917601,0.0021596383,0.006080315
2897,MR050135B,glioma,0,4,0.9353924,0.003129239,0.06147844
2898,MR050135B,glioma,0,4,0.9957255,0.0008357087,0.0034386779
2899,MR050135B,glioma,0,4,0.9765278,0.0063697915,0.01710243
2900,MR050687,glioma,0,4,0.99448085,0.005492951,2.6153182e-05
2901,MR050687,glioma,0,4,0.99943835,0.0005586654,2.9383386e-06
2902,MR050687,glioma,0,4,0.9986951,0.0012960243,8.918409e-06
2903,MR050687,glioma,0,4,0.98570305,0.0142119005,8.512076e-05
2904,MR050687,glioma,0,4,0.9956808,0.004199901,0.0001193052
2905,MR050687,glioma,0,4,0.91087294,0.08705787,0.0020692141
2996,MR052585B,glioma,0,4,0.6393754,0.03008058,0.330544
2997,MR052585B,glioma,0,4,0.50408477,0.021547856,0.4743673
2998,MR052585B,glioma,0,4,0.9923699,0.0003851066,0.0072449706
3005,MR034694,glioma,0,4,0.92729324,0.0002130232,0.072493784
3006,MR034694,glioma,0,4,0.4324716,0.0039926968,0.56353575
3007,MR034694,glioma,0,4,0.9840866,0.008110655,0.0078027486
3008,MR034694,glioma,0,4,0.9878582,0.0009044867,0.011237336
3056,MR029209I,glioma,0,4,0.9931764,0.00664121,0.00018249163
3057,MR029209I,glioma,0,4,0.9967158,0.0031817793,0.00010237675
3058,MR029209I,glioma,0,4,0.9986928,0.0012506283,5.6529712e-05
3059,MR029209I,glioma,0,4,0.9981889,0.0017798273,3.1343094e-05
3060,MR029209I,glioma,0,4,0.99972385,0.0002558424,2.0265035e-05
3061,MR029209I,glioma,0,4,0.9999249,6.882542e-05,6.306924e-06
3062,MR029209I,glioma,0,4,0.9996314,0.00012659804,0.00024202814
