pid,label,y,path,split,size_group,copy_in_train,patient_in_train,fold,p_glioma,p_meningioma,p_notumor,p_pituitary
MR050791B,glioma,0,Testing/glioma/Te-glTr_0000.jpg,test,512x512,False,True,0,0.9939645,0.005092088,0.00027666715,0.0006667961
MR026175C,glioma,0,Testing/glioma/Te-glTr_0001.jpg,test,512x512,False,False,0,0.9826889,0.009361653,8.7878805e-05,0.00786147
MR051586,glioma,0,Testing/glioma/Te-glTr_0002.jpg,test,512x512,False,True,0,0.99999547,4.7587622e-07,4.003339e-06,2.8294489e-08
MR051644,glioma,0,Testing/glioma/Te-glTr_0003.jpg,test,512x512,False,True,0,0.3142949,0.45315158,0.021382043,0.21117143
MR051644,glioma,0,Testing/glioma/Te-glTr_0004.jpg,test,512x512,False,True,0,0.99802077,0.0009909205,8.167145e-05,0.00090660265
MR051651,glioma,0,Testing/glioma/Te-glTr_0005.jpg,test,512x512,False,True,0,0.8119651,0.1854514,0.0025335848,4.994268e-05
MR051796B,glioma,0,Testing/glioma/Te-glTr_0006.jpg,test,512x512,False,False,0,0.9998815,5.944234e-06,1.7910609e-06,0.000110728935
MR052550,glioma,0,Testing/glioma/Te-glTr_0007.jpg,test,512x512,False,True,0,0.9999883,3.4822988e-06,7.738338e-06,4.5135405e-07
MR051644C,glioma,0,Testing/glioma/Te-glTr_0008.jpg,test,512x512,False,True,0,0.98844904,0.0037633018,0.00015222248,0.007635374
MR051644C,glioma,0,Testing/glioma/Te-glTr_0009.jpg,test,512x512,True,True,0,0.99959415,0.0003546274,3.750702e-05,1.3685461e-05
MR049942B,glioma,0,Testing/glioma/Te-gl_0010.jpg,test,512x512,False,True,0,0.99882346,0.00058817276,8.67727e-06,0.00057970104
MR053110B,glioma,0,Testing/glioma/Te-gl_0011.jpg,test,512x512,False,False,0,0.98533523,0.00078540127,1.0305253e-05,0.013869094
MR054683,glioma,0,Testing/glioma/Te-gl_0012.jpg,test,512x512,False,False,0,0.99816895,7.292876e-05,2.8849236e-05,0.0017292383
MR034997,glioma,0,Testing/glioma/Te-gl_0013.jpg,test,512x512,False,True,0,0.99949074,0.0003878208,6.7123685e-05,5.4238957e-05
MR034997,glioma,0,Testing/glioma/Te-gl_0014.jpg,test,512x512,False,True,0,0.9972609,0.002736157,2.7829742e-06,7.501536e-08
MR053110E,glioma,0,Testing/glioma/Te-gl_0015.jpg,test,512x512,False,True,0,0.9654159,0.03194676,6.494866e-05,0.0025724247
MR049019G,glioma,0,Testing/glioma/Te-gl_0016.jpg,test,512x512,False,True,0,0.999587,1.9963614e-05,0.00039173983,1.2085304e-06
MR049019G,glioma,0,Testing/glioma/Te-gl_0017.jpg,test,512x512,False,True,0,0.99943596,0.00011612769,0.00044586146,1.9880383e-06
MR032322C,glioma,0,Testing/glioma/Te-gl_0018.jpg,test,512x512,False,True,0,0.83682305,0.16288863,0.00028327422,5.0580256e-06
MR037458B,glioma,0,Testing/glioma/Te-gl_0019.jpg,test,512x512,False,True,0,0.95326567,0.045067895,0.0014742806,0.0001922759
MR039473B,glioma,0,Testing/glioma/Te-gl_0020.jpg,test,512x512,False,True,0,0.9983664,0.0012789828,4.993909e-07,0.0003541528
MR039473B,glioma,0,Testing/glioma/Te-gl_0021.jpg,test,512x512,False,True,0,0.9999248,4.6927757e-06,3.80011e-05,3.256491e-05
MR037458C,glioma,0,Testing/glioma/Te-gl_0022.jpg,test,512x512,False,True,0,0.99872226,0.0012605909,1.6987595e-05,1.3181881e-07
MR037458C,glioma,0,Testing/glioma/Te-gl_0023.jpg,test,512x512,False,True,0,0.99310315,0.0049069636,0.0019730078,1.697755e-05
MR050791B,glioma,0,Testing/glioma/Te-gl_0024.jpg,test,512x512,False,True,0,0.95881444,0.018859925,0.019500537,0.002825087
MR050135B,glioma,0,Testing/glioma/Te-gl_0025.jpg,test,512x512,False,True,0,0.9999994,2.8286884e-08,6.1004044e-07,4.544599e-09
MR050135B,glioma,0,Testing/glioma/Te-gl_0026.jpg,test,512x512,False,True,0,0.9975769,0.000102284575,0.0019735687,0.0003472997
MR050135B,glioma,0,Testing/glioma/Te-gl_0027.jpg,test,512x512,False,True,0,0.9999988,7.0157677e-07,4.873753e-07,1.9355237e-08
MR050687,glioma,0,Testing/glioma/Te-gl_0028.jpg,test,512x512,True,True,0,0.5678308,0.43199828,0.00013174325,3.91234e-05
MR050791B,glioma,0,Testing/glioma/Te-gl_0029.jpg,test,512x512,False,True,0,0.95881444,0.018859925,0.019500537,0.002825087
101020,glioma,0,Testing/glioma/Te-gl_0030.jpg,test,512x512,False,True,0,0.99764484,0.0023481003,6.7298356e-06,3.1600712e-07
MR040240D,glioma,0,Testing/glioma/Te-gl_0031.jpg,test,512x512,False,True,0,0.9999962,9.670273e-07,2.5129614e-06,3.980688e-07
MR040240D,glioma,0,Testing/glioma/Te-gl_0032.jpg,test,512x512,True,True,0,0.99993837,1.0450964e-05,4.92381e-05,1.8958036e-06
MR017260F,glioma,0,Testing/glioma/Te-gl_0033.jpg,test,512x512,True,True,0,0.9970572,0.0027363065,0.00017083983,3.5606266e-05
MR017260F,glioma,0,Testing/glioma/Te-gl_0034.jpg,test,512x512,False,True,0,0.9998466,4.247123e-05,0.00010834853,2.6563107e-06
MR029209I,glioma,0,Testing/glioma/Te-gl_0035.jpg,test,512x512,False,True,0,0.9999957,3.5509768e-06,7.1351025e-07,4.6367557e-08
MR048294,glioma,0,Testing/glioma/Te-gl_0036.jpg,test,512x512,True,True,0,0.99821377,0.0017460532,5.9338777e-06,3.426657e-05
MR048297,glioma,0,Testing/glioma/Te-gl_0037.jpg,test,512x512,False,True,0,0.9619421,0.038050137,5.8813407e-06,1.9585602e-06
MR048294B,glioma,0,Testing/glioma/Te-gl_0038.jpg,test,512x512,False,True,0,0.95955926,2.6379937e-06,1.1892814e-05,0.04042625
MR048621B,glioma,0,Testing/glioma/Te-gl_0039.jpg,test,512x512,False,False,0,0.9988386,0.0003595803,5.2063538e-06,0.0007965953
MR048944,glioma,0,Testing/glioma/Te-gl_0040.jpg,test,512x512,False,True,0,0.9997516,0.00024822628,7.349452e-09,1.0271624e-07
MR048944,glioma,0,Testing/glioma/Te-gl_0041.jpg,test,512x512,False,True,0,0.9999968,2.7246313e-06,9.924005e-08,3.5722755e-07
MR048994,glioma,0,Testing/glioma/Te-gl_0042.jpg,test,512x512,False,True,0,0.97690034,0.023093246,3.0637153e-07,6.1392343e-06
101020,glioma,0,Testing/glioma/Te-gl_0043.jpg,test,512x512,False,True,0,0.99646854,0.0035219067,9.092935e-06,4.616149e-07
103148,glioma,0,Testing/glioma/Te-gl_0044.jpg,test,512x512,False,True,0,0.6690188,0.32928494,6.498215e-06,0.0016897361
106494,glioma,0,Testing/glioma/Te-gl_0045.jpg,test,512x512,False,True,0,0.79077274,0.17897113,0.0143998945,0.015856285
106494,glioma,0,Testing/glioma/Te-gl_0046.jpg,test,512x512,False,True,0,0.6098515,0.38513145,0.0047561587,0.0002609491
107747,glioma,0,Testing/glioma/Te-gl_0047.jpg,test,512x512,False,True,0,0.8857587,0.105291046,0.0030130846,0.005937239
112105,glioma,0,Testing/glioma/Te-gl_0048.jpg,test,512x512,False,True,0,0.9933564,0.006595152,1.5895108e-07,4.8286256e-05
MR040240,glioma,0,Testing/glioma/Te-gl_0049.jpg,test,512x512,True,True,0,0.99983287,0.0001335115,6.344517e-06,2.7284868e-05
MR040240B,glioma,0,Testing/glioma/Te-gl_0050.jpg,test,512x512,False,True,0,0.9880121,0.005265602,1.261106e-05,0.006709731
MR040240B,glioma,0,Testing/glioma/Te-gl_0051.jpg,test,512x512,False,True,0,0.9999995,8.81711e-08,1.8776696e-07,2.1369573e-07
MR036496B,glioma,0,Testing/glioma/Te-gl_0052.jpg,test,512x512,False,True,0,0.99998164,1.5387954e-05,2.9244945e-06,4.6406696e-09
MR033420,glioma,0,Testing/glioma/Te-gl_0053.jpg,test,512x512,True,True,0,0.99992764,5.522477e-07,6.934577e-05,2.4112587e-06
MR033420,glioma,0,Testing/glioma/Te-gl_0054.jpg,test,512x512,False,True,0,0.9987123,0.00013094912,0.0011402612,1.643124e-05
MR024780B,glioma,0,Testing/glioma/Te-gl_0055.jpg,test,512x512,False,True,0,0.9999993,6.435803e-08,5.4493484e-07,1.5896816e-09
MR049104,glioma,0,Testing/glioma/Te-gl_0056.jpg,test,512x512,False,False,0,0.9999943,4.394703e-06,4.3736992e-07,9.1082023e-07
MR049142,glioma,0,Testing/glioma/Te-gl_0057.jpg,test,512x512,False,True,0,0.05755237,0.7586969,0.0004314625,0.18331921
MR048944B,glioma,0,Testing/glioma/Te-gl_0058.jpg,test,512x512,False,True,0,0.999982,4.2170666e-07,1.0038343e-06,1.6460575e-05
MR048944B,glioma,0,Testing/glioma/Te-gl_0059.jpg,test,512x512,False,True,0,0.9999945,7.930109e-07,3.1734263e-08,4.6109494e-06
MR049358,glioma,0,Testing/glioma/Te-gl_0060.jpg,test,512x512,False,True,0,0.9999969,3.0672588e-06,4.886346e-09,2.432061e-08
MR049358,glioma,0,Testing/glioma/Te-gl_0061.jpg,test,512x512,False,True,0,0.9999529,4.6167617e-05,2.0671611e-07,7.421584e-07
MR049453,glioma,0,Testing/glioma/Te-gl_0062.jpg,test,512x512,False,True,0,0.9983771,0.0016006231,9.069755e-08,2.2111772e-05
MR049453,glioma,0,Testing/glioma/Te-gl_0063.jpg,test,512x512,False,True,0,0.99976665,0.00021507278,6.1347316e-07,1.7665921e-05
MR049453B,glioma,0,Testing/glioma/Te-gl_0064.jpg,test,512x512,False,True,0,0.9998591,3.3593125e-05,5.407112e-07,0.00010676107
MR049453B,glioma,0,Testing/glioma/Te-gl_0065.jpg,test,512x512,False,True,0,0.9998141,1.2618532e-05,5.114675e-07,0.00017272831
MR050135B,glioma,0,Testing/glioma/Te-gl_0066.jpg,test,512x512,False,True,0,0.9999788,2.006671e-05,5.907193e-07,6.504497e-07
MR050135B,glioma,0,Testing/glioma/Te-gl_0067.jpg,test,512x512,False,True,0,0.99999905,9.70825e-09,1.4380798e-08,9.739791e-07
MR050687,glioma,0,Testing/glioma/Te-gl_0068.jpg,test,512x512,False,True,0,0.999401,0.00056624314,7.782172e-08,3.27144e-05
MR049019C,glioma,0,Testing/glioma/Te-gl_0069.jpg,test,512x512,True,True,0,0.9244583,9.180678e-06,0.005806769,0.06972573
MR026175C,glioma,0,Testing/glioma/Te-gl_0070.jpg,test,512x512,False,False,0,0.9760082,0.021709641,2.7631668e-06,0.0022794672
MR051461,glioma,0,Testing/glioma/Te-gl_0071.jpg,test,512x512,False,True,0,0.99999845,1.5537778e-06,1.6069295e-08,9.183241e-09
MR033389B,glioma,0,Testing/glioma/Te-gl_0072.jpg,test,512x512,True,True,0,0.9744392,0.025547806,1.0125613e-05,2.9020187e-06
MR026175E,glioma,0,Testing/glioma/Te-gl_0073.jpg,test,512x512,False,True,0,0.5719767,0.3675286,0.0068791,0.05361558
,glioma,0,Testing/glioma/Te-gl_0074.jpg,test,512x512,False,False,0,0.9978562,0.0011282745,0.00051039364,0.00050513144
,glioma,0,Testing/glioma/Te-gl_0075.jpg,test,512x512,True,False,0,0.9999057,7.428874e-05,1.9638563e-05,3.9853953e-07
,glioma,0,Testing/glioma/Te-gl_0076.jpg,test,512x512,False,False,0,0.9997619,0.000107489584,0.00012813613,2.5150312e-06
,glioma,0,Testing/glioma/Te-gl_0077.jpg,test,512x512,False,False,0,0.99988174,4.9061296e-06,0.000111599016,1.7265468e-06
,glioma,0,Testing/glioma/Te-gl_0078.jpg,test,512x512,True,False,0,0.9998017,9.648539e-06,0.00014797982,4.0703766e-05
,glioma,0,Testing/glioma/Te-gl_0079.jpg,test,512x512,True,False,0,0.987177,0.0051725633,0.0067831506,0.0008673105
,glioma,0,Testing/glioma/Te-gl_0080.jpg,test,512x512,True,False,0,0.9998965,1.80863e-06,9.2212074e-05,9.449885e-06
,glioma,0,Testing/glioma/Te-gl_0081.jpg,test,512x512,False,False,0,0.99090147,0.0039803996,0.0005939962,0.0045241453
,glioma,0,Testing/glioma/Te-gl_0082.jpg,test,512x512,False,False,0,0.99999964,5.4388448e-08,3.4945694e-07,6.6616104e-09
,glioma,0,Testing/glioma/Te-gl_0083.jpg,test,512x512,False,False,0,0.9722338,0.012295884,0.014288662,0.0011817383
,glioma,0,Testing/glioma/Te-gl_0084.jpg,test,512x512,False,False,0,0.31122705,0.67793506,0.001588184,0.009249674
,glioma,0,Testing/glioma/Te-gl_0085.jpg,test,512x512,False,False,0,0.99395776,0.002239793,0.0024702344,0.0013321791
,glioma,0,Testing/glioma/Te-gl_0086.jpg,test,512x512,True,False,0,0.9999685,1.7364588e-05,1.385588e-05,1.8718792e-07
,glioma,0,Testing/glioma/Te-gl_0087.jpg,test,512x512,False,False,0,0.9995596,0.00039981175,3.9976752e-05,6.180918e-07
,glioma,0,Testing/glioma/Te-gl_0088.jpg,test,512x512,False,False,0,0.98373634,0.016194101,6.869105e-05,8.196684e-07
,glioma,0,Testing/glioma/Te-gl_0089.jpg,test,512x512,False,False,0,0.68748486,0.2521263,0.0071299397,0.053258836
,glioma,0,Testing/glioma/Te-gl_0090.jpg,test,512x512,False,False,0,0.9999007,1.1146864e-05,1.2267189e-05,7.578459e-05
,glioma,0,Testing/glioma/Te-gl_0091.jpg,test,512x512,False,False,0,0.9989711,0.000562724,8.5180745e-06,0.0004576969
,glioma,0,Testing/glioma/Te-gl_0092.jpg,test,512x512,False,False,0,0.99887556,0.00014459093,8.730857e-06,0.00097118993
,glioma,0,Testing/glioma/Te-gl_0093.jpg,test,512x512,False,False,0,0.9986168,0.0002791474,2.216588e-05,0.0010818107
,glioma,0,Testing/glioma/Te-gl_0094.jpg,test,512x512,True,False,0,0.27619195,0.25729707,0.43429035,0.032220636
,glioma,0,Testing/glioma/Te-gl_0095.jpg,test,512x512,True,False,0,0.9975183,0.0013545813,0.0007859205,0.0003412021
,glioma,0,Testing/glioma/Te-gl_0096.jpg,test,512x512,False,False,0,0.9996829,2.0541082e-05,2.4926906e-06,0.0002940869
,glioma,0,Testing/glioma/Te-gl_0097.jpg,test,512x512,False,False,0,0.99950576,0.00036825502,7.5698605e-05,5.0246606e-05
,glioma,0,Testing/glioma/Te-gl_0098.jpg,test,512x512,True,False,0,0.9999932,3.3442902e-07,6.224528e-06,1.7291096e-07
,glioma,0,Testing/glioma/Te-gl_0099.jpg,test,512x512,False,False,0,0.79031676,0.0012091406,1.3189065e-05,0.2084609
,glioma,0,Testing/glioma/Te-gl_0100.jpg,test,512x512,False,False,0,0.99996936,1.4085199e-06,2.9126863e-05,6.636884e-08
,glioma,0,Testing/glioma/Te-gl_0101.jpg,test,512x512,False,False,0,0.7605408,0.18860513,0.0020361035,0.04881802
,glioma,0,Testing/glioma/Te-gl_0102.jpg,test,512x512,True,False,0,0.0075683855,0.03408429,0.95436424,0.00398311
,glioma,0,Testing/glioma/Te-gl_0103.jpg,test,512x512,True,False,0,0.11016183,0.5293959,0.35170528,0.008736974
,glioma,0,Testing/glioma/Te-gl_0104.jpg,test,512x512,False,False,0,0.33209026,0.015118622,0.65197694,0.0008142017
,glioma,0,Testing/glioma/Te-gl_0105.jpg,test,512x512,False,False,0,0.07216774,0.9121825,0.01525913,0.00039063222
,glioma,0,Testing/glioma/Te-gl_0106.jpg,test,512x512,True,False,0,0.9718998,0.0073191905,0.01461189,0.006169134
,glioma,0,Testing/glioma/Te-gl_0107.jpg,test,512x512,False,False,0,0.21604925,0.7818866,0.0018045357,0.00025961202
,glioma,0,Testing/glioma/Te-gl_0108.jpg,test,512x512,True,False,0,0.9998969,9.834579e-06,9.345299e-06,8.380848e-05
,glioma,0,Testing/glioma/Te-gl_0109.jpg,test,512x512,False,False,0,0.4055973,0.0048704403,6.750143e-05,0.5894647
,glioma,0,Testing/glioma/Te-gl_0110.jpg,test,512x512,False,False,0,0.9958948,0.0007986362,2.7712468e-07,0.0033063286
,glioma,0,Testing/glioma/Te-gl_0111.jpg,test,512x512,True,False,0,0.99982005,9.853763e-06,0.00011009121,5.9947415e-05
,glioma,0,Testing/glioma/Te-gl_0112.jpg,test,512x512,True,False,0,0.99999094,4.4753455e-07,7.2999096e-06,1.2593839e-06
,glioma,0,Testing/glioma/Te-gl_0113.jpg,test,512x512,False,False,0,0.9608037,0.039149847,4.603317e-05,4.6910705e-07
MR037458C,glioma,0,Testing/glioma/Te-gl_0114.jpg,test,512x512,False,True,0,0.9686313,0.03087226,0.00045432855,4.2114745e-05
,glioma,0,Testing/glioma/Te-gl_0115.jpg,test,512x512,False,False,0,0.9986903,0.0008309638,1.9731258e-05,0.0004589863
,glioma,0,Testing/glioma/Te-gl_0116.jpg,test,512x512,True,False,0,0.9996666,0.00013008127,2.7355567e-05,0.0001759058
,glioma,0,Testing/glioma/Te-gl_0117.jpg,test,512x512,True,False,0,0.99985754,0.00010499603,1.175769e-05,2.564002e-05
,glioma,0,Testing/glioma/Te-gl_0118.jpg,test,512x512,False,False,0,0.999969,1.2640809e-05,1.6499967e-05,1.8183912e-06
,glioma,0,Testing/glioma/Te-gl_0119.jpg,test,512x512,False,False,0,0.99435544,0.003726582,9.062186e-06,0.0019089537
,glioma,0,Testing/glioma/Te-gl_0120.jpg,test,512x512,True,False,0,0.99981254,7.181956e-05,6.615532e-05,4.9432885e-05
,glioma,0,Testing/glioma/Te-gl_0121.jpg,test,512x512,True,False,0,0.99999964,2.4955904e-08,3.061891e-07,4.1523085e-10
MR048994,glioma,0,Testing/glioma/Te-gl_0122.jpg,test,512x512,False,True,0,0.9955428,0.0044493102,4.45973e-06,3.3503509e-06
,glioma,0,Testing/glioma/Te-gl_0123.jpg,test,512x512,False,False,0,0.99998736,9.920563e-06,1.3534046e-06,1.3317842e-06
,glioma,0,Testing/glioma/Te-gl_0124.jpg,test,512x512,False,False,0,0.99998736,9.0674746e-07,3.8137507e-06,7.926057e-06
,glioma,0,Testing/glioma/Te-gl_0125.jpg,test,512x512,False,False,0,0.24856381,0.40339094,0.01160081,0.3364444
,glioma,0,Testing/glioma/Te-gl_0126.jpg,test,512x512,False,False,0,0.04381784,0.54976714,0.00059501536,0.40582004
,glioma,0,Testing/glioma/Te-gl_0127.jpg,test,512x512,False,False,0,0.9999858,4.3455293e-06,4.58176e-06,5.287644e-06
,glioma,0,Testing/glioma/Te-gl_0128.jpg,test,512x512,False,False,0,0.99999845,4.2174253e-07,1.231014e-08,1.112609e-06
,glioma,0,Testing/glioma/Te-gl_0129.jpg,test,512x512,False,False,0,0.9999995,5.0479497e-07,4.647254e-09,2.1331141e-08
,glioma,0,Testing/glioma/Te-gl_0130.jpg,test,512x512,False,False,0,0.9998518,0.00014783815,1.970689e-08,3.701569e-07
,glioma,0,Testing/glioma/Te-gl_0131.jpg,test,512x512,False,False,0,0.9999994,5.3477066e-07,5.2233835e-09,1.5873066e-07
MR049453,glioma,0,Testing/glioma/Te-gl_0132.jpg,test,512x512,False,True,0,0.9998721,9.8577955e-05,3.3283845e-07,2.8950235e-05
MR049453,glioma,0,Testing/glioma/Te-gl_0133.jpg,test,512x512,False,True,0,0.97853535,0.020215068,4.7090274e-05,0.0012024138
,glioma,0,Testing/glioma/Te-gl_0134.jpg,test,512x512,False,False,0,0.99799085,0.0008376416,1.0467319e-07,0.0011714259
,glioma,0,Testing/glioma/Te-gl_0135.jpg,test,512x512,True,False,0,0.99999833,3.216729e-07,1.2838075e-06,2.550158e-08
,glioma,0,Testing/glioma/Te-gl_0136.jpg,test,512x512,False,False,0,0.9999701,4.7379535e-06,2.4179228e-05,9.1448334e-07
,glioma,0,Testing/glioma/Te-gl_0137.jpg,test,512x512,True,False,0,0.9959019,0.0032360994,8.7501047e-07,0.0008611462
,glioma,0,Testing/glioma/Te-gl_0138.jpg,test,512x512,False,False,0,0.9972209,0.0027742588,6.8304763e-07,4.1872718e-06
,glioma,0,Testing/glioma/Te-gl_0139.jpg,test,512x512,False,False,0,0.99999917,2.1856154e-08,5.810362e-07,1.9588563e-07
,glioma,0,Testing/glioma/Te-gl_0140.jpg,test,512x512,False,False,0,0.9971276,0.0019699482,3.85457e-05,0.00086389255
,glioma,0,Testing/glioma/Te-gl_0141.jpg,test,512x512,False,False,0,0.9998894,1.2962754e-07,1.3563682e-07,0.000110391564
,glioma,0,Testing/glioma/Te-gl_0142.jpg,test,512x512,False,False,0,0.99995506,4.4818054e-05,1.20053185e-08,1.5092066e-07
,glioma,0,Testing/glioma/Te-gl_0143.jpg,test,512x512,False,False,0,0.9999131,7.957494e-05,4.144075e-07,6.800588e-06
,glioma,0,Testing/glioma/Te-gl_0144.jpg,test,512x512,False,False,0,0.99969935,0.0002839758,1.4590829e-06,1.51899485e-05
,glioma,0,Testing/glioma/Te-gl_0145.jpg,test,512x512,False,False,0,0.9995459,0.00029405192,5.877287e-07,0.00015942092
,glioma,0,Testing/glioma/Te-gl_0146.jpg,test,512x512,False,False,0,0.9998035,0.00019637706,1.2928012e-07,4.1867168e-08
,glioma,0,Testing/glioma/Te-gl_0147.jpg,test,512x512,False,False,0,0.99970585,0.0002938139,7.38481e-08,3.2343561e-07
,glioma,0,Testing/glioma/Te-gl_0148.jpg,test,512x512,False,False,0,0.99983656,0.00015700562,1.730557e-06,4.755141e-06
,glioma,0,Testing/glioma/Te-gl_0149.jpg,test,512x512,False,False,0,0.9999261,3.180831e-05,4.4777448e-07,4.168908e-05
,glioma,0,Testing/glioma/Te-gl_0150.jpg,test,512x512,False,False,0,0.9999912,8.744118e-06,4.5418988e-10,1.1012985e-07
,glioma,0,Testing/glioma/Te-gl_0151.jpg,test,512x512,False,False,0,0.99999595,3.0018948e-06,9.916112e-07,9.065006e-08
,glioma,0,Testing/glioma/Te-gl_0152.jpg,test,512x512,False,False,0,0.74475056,0.25391868,3.3674262e-06,0.001327486
,glioma,0,Testing/glioma/Te-gl_0153.jpg,test,512x512,True,False,0,0.9993457,0.000653545,1.543724e-08,7.3399417e-07
,glioma,0,Testing/glioma/Te-gl_0154.jpg,test,512x512,False,False,0,0.9999887,1.1264859e-05,7.2654265e-09,5.4372194e-08
,glioma,0,Testing/glioma/Te-gl_0155.jpg,test,512x512,True,False,0,0.99999225,6.055623e-07,4.6264856e-07,6.746153e-06
,glioma,0,Testing/glioma/Te-gl_0156.jpg,test,512x512,False,False,0,0.3211677,0.1297371,0.00020596186,0.5488892
,glioma,0,Testing/glioma/Te-gl_0157.jpg,test,512x512,False,False,0,0.99999774,2.0561479e-06,9.32065e-08,1.1701735e-07
,glioma,0,Testing/glioma/Te-gl_0158.jpg,test,512x512,False,False,0,0.99816054,0.0018249026,8.6848095e-06,5.8649366e-06
,glioma,0,Testing/glioma/Te-gl_0159.jpg,test,512x512,False,False,0,0.79826164,0.201466,0.00017523351,9.719044e-05
,glioma,0,Testing/glioma/Te-gl_0160.jpg,test,512x512,False,False,0,0.9884595,0.011355079,8.47561e-05,0.00010067004
,glioma,0,Testing/glioma/Te-gl_0161.jpg,test,512x512,False,False,0,0.9993569,0.0006267966,1.3091036e-06,1.4960595e-05
,glioma,0,Testing/glioma/Te-gl_0162.jpg,test,512x512,False,False,0,0.9919057,0.008022851,3.6652028e-07,7.102601e-05
,glioma,0,Testing/glioma/Te-gl_0163.jpg,test,512x512,False,False,0,0.9999472,5.2581665e-05,2.3807767e-07,3.1046607e-08
,glioma,0,Testing/glioma/Te-gl_0164.jpg,test,512x512,False,False,0,0.999818,6.4756875e-07,3.153194e-07,0.00018108508
,glioma,0,Testing/glioma/Te-gl_0165.jpg,test,512x512,False,False,0,0.9244264,6.991005e-05,5.669595e-06,0.075498104
,glioma,0,Testing/glioma/Te-gl_0166.jpg,test,512x512,False,False,0,0.99997795,7.714193e-06,1.2179807e-07,1.4214061e-05
,glioma,0,Testing/glioma/Te-gl_0167.jpg,test,512x512,False,False,0,0.9857431,0.0080500515,1.7688571e-05,0.00618922
,glioma,0,Testing/glioma/Te-gl_0168.jpg,test,512x512,False,False,0,0.9963014,0.002468839,0.0012082544,2.144133e-05
,glioma,0,Testing/glioma/Te-gl_0169.jpg,test,512x512,False,False,0,0.98455584,0.0075958413,1.5109787e-05,0.007833193
,glioma,0,Testing/glioma/Te-gl_0170.jpg,test,512x512,False,False,0,0.9999994,4.3086715e-08,9.8592615e-08,5.122106e-07
,glioma,0,Testing/glioma/Te-gl_0171.jpg,test,512x512,False,False,0,0.9998223,6.528945e-05,2.189e-08,0.000112431895
,glioma,0,Testing/glioma/Te-gl_0172.jpg,test,512x512,False,False,0,0.9998597,0.00013853254,1.4004233e-06,4.272647e-07
,glioma,0,Testing/glioma/Te-gl_0173.jpg,test,512x512,False,False,0,0.99999523,4.2429224e-06,4.806144e-07,1.0182643e-08
,glioma,0,Testing/glioma/Te-gl_0174.jpg,test,512x512,False,False,0,0.99994826,5.1736755e-05,4.1314236e-09,1.9284652e-08
,glioma,0,Testing/glioma/Te-gl_0175.jpg,test,512x512,False,False,0,0.9999459,5.3579723e-05,7.38943e-08,4.863749e-07
,glioma,0,Testing/glioma/Te-gl_0176.jpg,test,512x512,False,False,0,0.9999615,8.428002e-06,8.647151e-06,2.1395188e-05
,glioma,0,Testing/glioma/Te-gl_0177.jpg,test,512x512,False,False,0,0.99646604,0.0035094656,6.4852713e-07,2.38259e-05
,glioma,0,Testing/glioma/Te-gl_0178.jpg,test,512x512,False,False,0,0.85096735,0.14900929,1.5372281e-05,7.947147e-06
,glioma,0,Testing/glioma/Te-gl_0179.jpg,test,512x512,False,False,0,0.9983808,0.0008792774,1.2763911e-07,0.00073973945
,glioma,0,Testing/glioma/Te-gl_0180.jpg,test,512x512,False,False,0,0.99999964,3.0571934e-09,2.8065744e-08,3.2659906e-07
,glioma,0,Testing/glioma/Te-gl_0181.jpg,test,512x512,False,False,0,0.99999857,6.107105e-07,4.0157312e-07,4.0230682e-07
,glioma,0,Testing/glioma/Te-gl_0182.jpg,test,512x512,False,False,0,0.9999989,2.7738443e-07,3.3374403e-07,5.3291524e-07
,glioma,0,Testing/glioma/Te-gl_0183.jpg,test,512x512,False,False,0,0.9999627,2.5471252e-05,1.7837584e-08,1.1771021e-05
,glioma,0,Testing/glioma/Te-gl_0184.jpg,test,512x512,False,False,0,0.99818903,0.001737474,2.2042865e-09,7.3564646e-05
,glioma,0,Testing/glioma/Te-gl_0185.jpg,test,512x512,False,False,0,0.9949484,1.2191169e-05,1.8797275e-06,0.005037541
,glioma,0,Testing/glioma/Te-gl_0186.jpg,test,512x512,False,False,0,0.99970007,4.164864e-06,1.039349e-06,0.0002947737
,glioma,0,Testing/glioma/Te-gl_0187.jpg,test,512x512,False,False,0,0.99999905,8.352184e-08,5.9300427e-09,8.375447e-07
,glioma,0,Testing/glioma/Te-gl_0188.jpg,test,512x512,False,False,0,0.9952349,0.0036229256,8.1330545e-05,0.0010608399
,glioma,0,Testing/glioma/Te-gl_0189.jpg,test,512x512,False,False,0,0.9999969,1.7654098e-06,1.9904878e-08,1.2709658e-06
,glioma,0,Testing/glioma/Te-gl_0190.jpg,test,512x512,False,False,0,0.99938583,0.0002108589,1.4057078e-07,0.00040319096
,glioma,0,Testing/glioma/Te-gl_0191.jpg,test,512x512,False,False,0,0.999899,5.2485248e-05,3.8322127e-05,1.0156532e-05
,glioma,0,Testing/glioma/Te-gl_0192.jpg,test,512x512,False,False,0,0.5402211,0.45952258,0.00012598833,0.00013034328
,glioma,0,Testing/glioma/Te-gl_0193.jpg,test,512x512,False,False,0,0.9988457,7.526542e-05,8.38825e-06,0.0010706094
,glioma,0,Testing/glioma/Te-gl_0194.jpg,test,512x512,False,False,0,0.99375325,0.0062189056,1.5464542e-06,2.6293019e-05
,glioma,0,Testing/glioma/Te-gl_0195.jpg,test,512x512,False,False,0,0.952066,0.047923498,5.767403e-06,4.6463197e-06
,glioma,0,Testing/glioma/Te-gl_0196.jpg,test,512x512,False,False,0,0.9999783,1.501233e-05,3.802001e-06,2.9292128e-06
,glioma,0,Testing/glioma/Te-gl_0197.jpg,test,512x512,False,False,0,0.99999785,2.2042927e-06,9.038776e-09,7.942548e-09
,glioma,0,Testing/glioma/Te-gl_0198.jpg,test,512x512,False,False,0,0.9998646,0.0001302072,1.3422389e-06,3.857106e-06
,glioma,0,Testing/glioma/Te-gl_0199.jpg,test,512x512,False,False,0,0.9216124,0.0022758744,0.00016498585,0.075946845
,glioma,0,Testing/glioma/Te-gl_0200.jpg,test,512x512,False,False,0,0.99233127,0.007657114,3.9786283e-08,1.1555718e-05
,glioma,0,Testing/glioma/Te-gl_0201.jpg,test,512x512,False,False,0,0.92915124,0.06721727,7.094187e-06,0.0036244038
,glioma,0,Testing/glioma/Te-gl_0202.jpg,test,512x512,False,False,0,0.98237926,0.017611913,1.0887964e-06,7.759272e-06
,glioma,0,Testing/glioma/Te-gl_0203.jpg,test,512x512,False,False,0,0.9925485,0.0074395747,2.2562274e-06,9.730681e-06
,glioma,0,Testing/glioma/Te-gl_0204.jpg,test,512x512,False,False,0,0.9297748,0.06974555,0.0004483038,3.134157e-05
,glioma,0,Testing/glioma/Te-gl_0205.jpg,test,512x512,False,False,0,0.9991592,0.00014565905,7.3759243e-06,0.0006877574
,glioma,0,Testing/glioma/Te-gl_0206.jpg,test,512x512,False,False,0,0.9964251,0.0019875425,6.9125244e-06,0.0015804144
,glioma,0,Testing/glioma/Te-gl_0207.jpg,test,512x512,False,False,0,0.98472506,0.015197793,3.0419653e-05,4.667228e-05
,glioma,0,Testing/glioma/Te-gl_0208.jpg,test,512x512,False,False,0,0.99747187,0.002497365,1.635038e-05,1.426946e-05
,glioma,0,Testing/glioma/Te-gl_0209.jpg,test,512x512,False,False,0,0.998955,2.0661975e-07,7.5625553e-06,0.0010371987
,glioma,0,Testing/glioma/Te-gl_0210.jpg,test,512x512,False,False,0,0.99989974,5.6254816e-05,2.0333098e-06,4.1948802e-05
,glioma,0,Testing/glioma/Te-gl_0211.jpg,test,512x512,False,False,0,0.9999696,2.2529426e-07,1.2133001e-08,3.0202871e-05
,glioma,0,Testing/glioma/Te-gl_0212.jpg,test,512x512,False,False,0,0.9999685,2.3205892e-05,7.082957e-07,7.5649873e-06
,glioma,0,Testing/glioma/Te-gl_0213.jpg,test,512x512,False,False,0,0.99999034,8.8877454e-07,6.160763e-08,8.733285e-06
,glioma,0,Testing/glioma/Te-gl_0214.jpg,test,512x512,False,False,0,0.99999285,6.386768e-06,3.8903354e-07,3.3955584e-07
,glioma,0,Testing/glioma/Te-gl_0215.jpg,test,512x512,False,False,0,0.99984765,2.1185049e-06,9.971816e-08,0.00015009605
,glioma,0,Testing/glioma/Te-gl_0216.jpg,test,512x512,False,False,0,0.99977607,7.702543e-06,4.960538e-07,0.00021566654
,glioma,0,Testing/glioma/Te-gl_0217.jpg,test,512x512,False,False,0,0.99998605,2.1400479e-06,2.7029824e-07,1.1485287e-05
,glioma,0,Testing/glioma/Te-gl_0218.jpg,test,512x512,False,False,0,0.9999902,6.531814e-06,2.1438092e-08,3.1572026e-06
,glioma,0,Testing/glioma/Te-gl_0219.jpg,test,512x512,False,False,0,0.84642744,2.7807646e-06,1.2960074e-05,0.15355676
,glioma,0,Testing/glioma/Te-gl_0220.jpg,test,512x512,False,False,0,0.99996245,2.2835044e-05,2.3297118e-06,1.2284161e-05
,glioma,0,Testing/glioma/Te-gl_0221.jpg,test,512x512,False,False,0,0.9815647,0.007309989,7.981029e-05,0.01104559
,glioma,0,Testing/glioma/Te-gl_0222.jpg,test,512x512,False,False,0,0.78659296,0.010503495,8.130536e-06,0.20289548
,glioma,0,Testing/glioma/Te-gl_0223.jpg,test,512x512,False,False,0,0.9994622,0.0005306013,3.8624467e-08,7.275212e-06
,glioma,0,Testing/glioma/Te-gl_0224.jpg,test,512x512,False,False,0,0.9999882,1.1075737e-05,2.3353985e-07,4.6708485e-07
,glioma,0,Testing/glioma/Te-gl_0225.jpg,test,512x512,False,False,0,0.12526813,0.8746891,1.0178038e-06,4.1686657e-05
,glioma,0,Testing/glioma/Te-gl_0226.jpg,test,512x512,False,False,0,0.9846586,2.1015994e-05,1.1129241e-05,0.015309298
,glioma,0,Testing/glioma/Te-gl_0227.jpg,test,512x512,False,False,0,0.9999907,1.916686e-06,1.7979028e-07,7.227146e-06
,glioma,0,Testing/glioma/Te-gl_0228.jpg,test,512x512,False,False,0,0.9999869,1.2539336e-05,7.4750865e-08,5.6529433e-07
,glioma,0,Testing/glioma/Te-gl_0229.jpg,test,512x512,False,False,0,0.75850004,0.23555048,0.00568683,0.00026267814
,glioma,0,Testing/glioma/Te-gl_0230.jpg,test,512x512,True,False,0,0.5701691,0.2329023,0.09467004,0.10225856
,glioma,0,Testing/glioma/Te-gl_0231.jpg,test,512x512,True,False,0,0.9895467,0.008137988,0.0007734919,0.001541809
,glioma,0,Testing/glioma/Te-gl_0232.jpg,test,512x512,False,False,0,0.14112465,0.8357473,0.013897257,0.009230798
,glioma,0,Testing/glioma/Te-gl_0233.jpg,test,512x512,False,False,0,0.29114676,0.7086707,3.33654e-05,0.00014920783
,glioma,0,Testing/glioma/Te-gl_0234.jpg,test,512x512,False,False,0,0.21006364,0.40303642,0.0025326668,0.3843673
,glioma,0,Testing/glioma/Te-gl_0235.jpg,test,512x512,False,False,0,0.93699676,0.06299902,3.042486e-06,1.2123855e-06
101020,glioma,0,Testing/glioma/Te-gl_0236.jpg,test,512x512,False,True,0,0.9915665,0.008429291,3.8722774e-06,4.1461797e-07
,glioma,0,Testing/glioma/Te-gl_0237.jpg,test,512x512,False,False,0,0.9409561,0.05749103,0.0012121049,0.0003407298
,glioma,0,Testing/glioma/Te-gl_0238.jpg,test,512x512,False,False,0,0.6072669,0.37410775,1.2661726e-05,0.018612655
,glioma,0,Testing/glioma/Te-gl_0239.jpg,test,512x512,False,False,0,0.3346293,0.665206,1.6011509e-05,0.0001486935
,glioma,0,Testing/glioma/Te-gl_0240.jpg,test,512x512,False,False,0,0.93349874,0.06607261,0.0004180994,1.0542118e-05
,glioma,0,Testing/glioma/Te-gl_0241.jpg,test,512x512,False,False,0,0.94158095,0.057241563,1.5950636e-05,0.0011615151
,glioma,0,Testing/glioma/Te-gl_0242.jpg,test,512x512,False,False,0,0.3817611,0.57384425,0.00092624145,0.043468345
,glioma,0,Testing/glioma/Te-gl_0243.jpg,test,512x512,False,False,0,0.97767943,0.022316746,1.3371132e-06,2.5428408e-06
112105,glioma,0,Testing/glioma/Te-gl_0244.jpg,test,512x512,False,True,0,0.84902096,0.14905235,1.0325323e-05,0.001916344
,glioma,0,Testing/glioma/Te-gl_0245.jpg,test,512x512,False,False,0,0.8376629,0.16202946,2.0585956e-05,0.00028708356
,glioma,0,Testing/glioma/Te-gl_0246.jpg,test,512x512,False,False,0,0.9730364,0.026688745,8.993572e-05,0.00018492193
,glioma,0,Testing/glioma/Te-gl_0247.jpg,test,512x512,False,False,0,0.22909603,0.77042764,4.4479013e-05,0.0004318685
,glioma,0,Testing/glioma/Te-gl_0248.jpg,test,512x512,False,False,0,0.988684,0.008646624,2.3525532e-05,0.0026458793
,glioma,0,Testing/glioma/Te-gl_0249.jpg,test,512x512,False,False,0,0.994672,0.0029324447,0.0005698905,0.0018256543
,glioma,0,Testing/glioma/Te-gl_0250.jpg,test,512x512,False,False,0,0.953691,0.005884556,0.0023166072,0.03810786
,glioma,0,Testing/glioma/Te-gl_0251.jpg,test,512x512,False,False,0,0.979996,0.01803361,0.00033074073,0.0016396223
,glioma,0,Testing/glioma/Te-gl_0252.jpg,test,512x512,False,False,0,0.891041,0.10368985,0.00023995778,0.0050292537
,glioma,0,Testing/glioma/Te-gl_0253.jpg,test,512x512,False,False,0,0.9885534,0.011245325,0.00014473728,5.6499517e-05
,glioma,0,Testing/glioma/Te-gl_0254.jpg,test,512x512,False,False,0,0.99710315,0.002881295,7.057783e-06,8.5419215e-06
,glioma,0,Testing/glioma/Te-gl_0255.jpg,test,512x512,False,False,0,0.2713226,0.7283325,0.00023913852,0.00010572232
,glioma,0,Testing/glioma/Te-gl_0256.jpg,test,512x512,False,False,0,0.99884593,0.0010065018,0.00013163683,1.5926256e-05
,glioma,0,Testing/glioma/Te-gl_0257.jpg,test,512x512,False,False,0,0.99379456,0.006026295,0.00017137297,7.772516e-06
,glioma,0,Testing/glioma/Te-gl_0258.jpg,test,512x512,False,False,0,0.97992903,0.020062922,6.732862e-06,1.2963031e-06
,glioma,0,Testing/glioma/Te-gl_0259.jpg,test,512x512,False,False,0,0.37681907,0.5699825,0.027127448,0.026070913
,glioma,0,Testing/glioma/Te-gl_0260.jpg,test,512x512,False,False,0,0.9996246,0.00036485898,2.534137e-07,1.0212237e-05
,glioma,0,Testing/glioma/Te-gl_0261.jpg,test,512x512,False,False,0,0.99742585,0.0025692175,2.0224288e-06,2.8059237e-06
,glioma,0,Testing/glioma/Te-gl_0262.jpg,test,512x512,False,False,0,0.9998068,0.00019166425,1.3746005e-06,1.5153309e-07
,glioma,0,Testing/glioma/Te-gl_0263.jpg,test,512x512,False,False,0,0.9860255,0.011311227,1.1554699e-05,0.0026517126
,glioma,0,Testing/glioma/Te-gl_0264.jpg,test,512x512,False,False,0,0.7054638,0.23667432,3.567824e-05,0.057826124
,glioma,0,Testing/glioma/Te-gl_0265.jpg,test,512x512,False,False,0,0.56423163,0.38322353,0.009516933,0.043027885
,glioma,0,Testing/glioma/Te-gl_0266.jpg,test,512x512,False,False,0,0.98261994,0.017248197,8.6068144e-07,0.00013090252
,glioma,0,Testing/glioma/Te-gl_0267.jpg,test,512x512,False,False,0,0.78599745,0.20369843,0.00512873,0.005175454
,glioma,0,Testing/glioma/Te-gl_0268.jpg,test,512x512,False,False,0,0.00024572946,0.00015153846,1.2514931e-06,0.9996014
,glioma,0,Testing/glioma/Te-gl_0269.jpg,test,512x512,False,False,0,0.9869299,0.0113038495,2.450539e-05,0.0017417605
,glioma,0,Testing/glioma/Te-gl_0270.jpg,test,512x512,False,False,0,0.99982363,0.00016183098,1.0848262e-06,1.344307e-05
,glioma,0,Testing/glioma/Te-gl_0271.jpg,test,512x512,False,False,0,0.8411049,0.029110517,3.541533e-05,0.12974916
,glioma,0,Testing/glioma/Te-gl_0272.jpg,test,512x512,False,False,0,0.37461945,0.00023952905,0.00020924817,0.62493175
,glioma,0,Testing/glioma/Te-gl_0273.jpg,test,512x512,False,False,0,0.9912754,2.7557387e-06,2.005992e-06,0.008719789
,glioma,0,Testing/glioma/Te-gl_0274.jpg,test,512x512,False,False,0,0.99998724,2.1107335e-06,5.983828e-09,1.0579605e-05
,glioma,0,Testing/glioma/Te-gl_0275.jpg,test,512x512,False,False,0,0.86625713,0.12937003,0.0007704926,0.0036022638
,glioma,0,Testing/glioma/Te-gl_0276.jpg,test,512x512,False,False,0,0.23653203,0.76273435,0.000134218,0.0005994525
,glioma,0,Testing/glioma/Te-gl_0277.jpg,test,512x512,False,False,0,0.22127658,0.7182847,0.018361162,0.042077467
,glioma,0,Testing/glioma/Te-gl_0278.jpg,test,512x512,False,False,0,0.740101,0.25982937,3.915206e-07,6.926985e-05
,glioma,0,Testing/glioma/Te-gl_0279.jpg,test,512x512,False,False,0,0.61330754,0.0350642,1.1371759e-05,0.35161692
,glioma,0,Testing/glioma/Te-gl_0280.jpg,test,512x512,False,False,0,0.8831269,0.09198802,0.0006592286,0.024225838
,glioma,0,Testing/glioma/Te-gl_0281.jpg,test,512x512,False,False,0,0.9769663,0.022944137,1.0815339e-06,8.844287e-05
,glioma,0,Testing/glioma/Te-gl_0282.jpg,test,512x512,False,False,0,0.9768225,0.023113659,5.3272255e-05,1.0513184e-05
,glioma,0,Testing/glioma/Te-gl_0283.jpg,test,512x512,False,False,0,0.9684511,0.031502444,2.1569818e-05,2.4949895e-05
,glioma,0,Testing/glioma/Te-gl_0284.jpg,test,512x512,False,False,0,0.9959959,0.004003316,1.80533e-07,6.9747415e-07
,glioma,0,Testing/glioma/Te-gl_0285.jpg,test,512x512,False,False,0,0.99605405,0.003673508,1.2361425e-05,0.0002600691
,glioma,0,Testing/glioma/Te-gl_0286.jpg,test,512x512,True,False,0,0.99999464,3.2933622e-06,1.9850938e-06,5.0166605e-08
,glioma,0,Testing/glioma/Te-gl_0287.jpg,test,512x512,True,False,0,0.999887,0.00011292619,1.4384582e-07,2.1653795e-08
,glioma,0,Testing/glioma/Te-gl_0288.jpg,test,512x512,True,False,0,0.99999166,5.3965277e-06,2.974805e-06,7.2375226e-09
,glioma,0,Testing/glioma/Te-gl_0289.jpg,test,512x512,False,False,0,0.9390993,0.009902041,0.0006945704,0.050304033
,glioma,0,Testing/glioma/Te-gl_0290.jpg,test,512x512,True,False,0,0.88145155,0.10970995,0.008328536,0.0005099663
,glioma,0,Testing/glioma/Te-gl_0291.jpg,test,512x512,False,False,0,0.73868585,0.26116464,9.070112e-05,5.8854366e-05
,glioma,0,Testing/glioma/Te-gl_0292.jpg,test,512x512,True,False,0,0.9507197,0.04919788,4.2559055e-05,3.9784572e-05
MR048994,glioma,0,Testing/glioma/Te-gl_0293.jpg,test,512x512,False,True,0,0.025889952,0.9741091,2.3917346e-07,7.312436e-07
,glioma,0,Testing/glioma/Te-gl_0294.jpg,test,512x512,False,False,0,0.9994305,0.00027112,0.00014266105,0.0001556252
,glioma,0,Testing/glioma/Te-gl_0295.jpg,test,512x512,False,False,0,0.46376616,0.17287964,0.36325413,0.0001000318
,glioma,0,Testing/glioma/Te-gl_0296.jpg,test,512x512,True,False,0,0.9999993,6.338297e-08,6.250671e-07,4.0699923e-09
,glioma,0,Testing/glioma/Te-gl_0297.jpg,test,512x512,False,False,0,0.99996316,9.870316e-06,2.590025e-05,1.0326453e-06
,glioma,0,Testing/glioma/Te-gl_0298.jpg,test,512x512,True,False,0,0.99875975,1.0742379e-05,0.0012173267,1.2271317e-05
,glioma,0,Testing/glioma/Te-gl_0299.jpg,test,512x512,False,False,0,0.99900985,1.24529015e-05,6.5197996e-06,0.0009710593
,meningioma,1,Testing/meningioma/Te-meTr_0000.jpg,test,other size,False,False,0,1.9477532e-06,0.999962,3.5559282e-05,5.988295e-07
,meningioma,1,Testing/meningioma/Te-meTr_0001.jpg,test,other size,True,False,0,0.0009230624,0.9742246,0.011426825,0.013425484
,meningioma,1,Testing/meningioma/Te-meTr_0002.jpg,test,other size,False,False,0,0.0011351476,0.9450661,0.016805422,0.036993265
,meningioma,1,Testing/meningioma/Te-meTr_0003.jpg,test,other size,True,False,0,4.820159e-06,0.9974976,8.7684326e-05,0.00240985
,meningioma,1,Testing/meningioma/Te-meTr_0004.jpg,test,other size,True,False,0,2.7060841e-11,1.0,2.3083485e-08,4.669527e-11
,meningioma,1,Testing/meningioma/Te-meTr_0005.jpg,test,other size,True,False,0,7.358714e-05,0.9988238,0.0009930305,0.00010952496
,meningioma,1,Testing/meningioma/Te-meTr_0006.jpg,test,other size,True,False,0,6.223336e-06,0.99924797,0.0007380232,7.808902e-06
,meningioma,1,Testing/meningioma/Te-meTr_0007.jpg,test,other size,True,False,0,0.11057017,0.7735305,0.0030676695,0.11283171
,meningioma,1,Testing/meningioma/Te-meTr_0008.jpg,test,other size,True,False,0,8.733735e-10,1.0,1.4832007e-09,2.331605e-09
,meningioma,1,Testing/meningioma/Te-meTr_0009.jpg,test,other size,True,False,0,3.327438e-07,0.9999262,7.3440235e-05,1.4664384e-10
,meningioma,1,Testing/meningioma/Te-me_0010.jpg,test,other size,True,False,0,1.5597338e-09,0.99993587,8.555261e-07,6.332352e-05
,meningioma,1,Testing/meningioma/Te-me_0011.jpg,test,other size,True,False,0,6.13518e-05,0.9181583,0.005753638,0.076026656
,meningioma,1,Testing/meningioma/Te-me_0012.jpg,test,other size,True,False,0,3.2289945e-11,1.0,1.9888174e-11,1.9161688e-11
,meningioma,1,Testing/meningioma/Te-me_0013.jpg,test,other size,True,False,0,1.5271723e-07,0.9999995,9.7233446e-08,2.9940614e-07
,meningioma,1,Testing/meningioma/Te-me_0014.jpg,test,other size,False,False,0,5.569402e-10,1.0,5.9266923e-12,2.36783e-09
,meningioma,1,Testing/meningioma/Te-me_0015.jpg,test,other size,True,False,0,2.530957e-05,0.996274,0.0005466883,0.003154079
,meningioma,1,Testing/meningioma/Te-me_0016.jpg,test,other size,True,False,0,1.6636272e-05,0.9997292,3.4867074e-07,0.00025376902
,meningioma,1,Testing/meningioma/Te-me_0017.jpg,test,other size,True,False,0,3.5874206e-11,1.0,2.2764652e-08,4.411105e-11
,meningioma,1,Testing/meningioma/Te-me_0018.jpg,test,other size,True,False,0,4.443015e-06,0.99780065,0.00028317765,0.0019117673
,meningioma,1,Testing/meningioma/Te-me_0019.jpg,test,other size,True,False,0,4.67486e-07,0.99649364,9.000723e-05,0.0034158414
,meningioma,1,Testing/meningioma/Te-me_0020.jpg,test,other size,True,False,0,1.0332578e-05,0.9935992,0.0009846449,0.005405877
,meningioma,1,Testing/meningioma/Te-me_0021.jpg,test,other size,True,False,0,3.3793621e-09,0.9999944,1.2044639e-09,5.605831e-06
,meningioma,1,Testing/meningioma/Te-me_0022.jpg,test,other size,True,False,0,3.1759512e-06,0.9989679,2.4168949e-06,0.0010264423
,meningioma,1,Testing/meningioma/Te-me_0023.jpg,test,other size,True,False,0,2.7969117e-13,1.0,1.5283741e-10,7.4607626e-10
,meningioma,1,Testing/meningioma/Te-me_0024.jpg,test,other size,True,False,0,4.2081356e-05,0.9986829,0.00044662962,0.0008283909
,meningioma,1,Testing/meningioma/Te-me_0025.jpg,test,other size,True,False,0,1.3491688e-10,1.0,2.8500954e-10,5.176366e-09
,meningioma,1,Testing/meningioma/Te-me_0026.jpg,test,other size,True,False,0,1.2792328e-08,0.99999917,9.7252894e-08,7.4944904e-07
,meningioma,1,Testing/meningioma/Te-me_0027.jpg,test,other size,True,False,0,1.7658072e-10,1.0,7.853996e-10,1.3389799e-08
,meningioma,1,Testing/meningioma/Te-me_0028.jpg,test,other size,True,False,0,2.7495208e-08,0.9999981,6.521598e-09,1.9530187e-06
,meningioma,1,Testing/meningioma/Te-me_0029.jpg,test,other size,True,False,0,5.3796025e-09,0.99999046,1.9305983e-06,7.549522e-06
,meningioma,1,Testing/meningioma/Te-me_0030.jpg,test,other size,True,False,0,2.2034648e-05,0.99993825,3.958358e-05,1.3794849e-07
,meningioma,1,Testing/meningioma/Te-me_0031.jpg,test,other size,True,False,0,1.5597338e-09,0.99993587,8.555261e-07,6.332352e-05
,meningioma,1,Testing/meningioma/Te-me_0032.jpg,test,other size,True,False,0,2.0672994e-06,0.5511656,0.0012043206,0.44762805
,meningioma,1,Testing/meningioma/Te-me_0033.jpg,test,other size,True,False,0,2.6944156e-06,0.99873453,0.0012201802,4.260677e-05
,meningioma,1,Testing/meningioma/Te-me_0034.jpg,test,other size,True,False,0,6.1844665e-05,0.9970963,0.0023383277,0.00050353515
,meningioma,1,Testing/meningioma/Te-me_0035.jpg,test,other size,True,False,0,8.433403e-08,0.99991274,8.227599e-05,4.814571e-06
,meningioma,1,Testing/meningioma/Te-me_0036.jpg,test,other size,True,False,0,1.1064233e-06,0.99969435,0.0002922957,1.2353827e-05
,meningioma,1,Testing/meningioma/Te-me_0037.jpg,test,other size,True,False,0,1.5472136e-06,0.99997425,1.5315778e-05,8.870875e-06
,meningioma,1,Testing/meningioma/Te-me_0038.jpg,test,other size,True,False,0,2.6688665e-10,1.0,6.9894335e-10,3.5045072e-10
,meningioma,1,Testing/meningioma/Te-me_0039.jpg,test,other size,True,False,0,1.5228706e-07,0.9995859,0.00011539633,0.00029861965
,meningioma,1,Testing/meningioma/Te-me_0040.jpg,test,other size,True,False,0,9.799624e-09,1.0,3.823354e-10,4.470056e-10
,meningioma,1,Testing/meningioma/Te-me_0041.jpg,test,other size,True,False,0,2.5823797e-06,0.99996865,7.204346e-08,2.8649878e-05
,meningioma,1,Testing/meningioma/Te-me_0042.jpg,test,other size,True,False,0,4.1006382e-07,0.99991035,1.0102766e-06,8.823765e-05
,meningioma,1,Testing/meningioma/Te-me_0043.jpg,test,other size,True,False,0,7.74188e-09,0.99999917,3.8535874e-10,7.7859204e-07
,meningioma,1,Testing/meningioma/Te-me_0044.jpg,test,other size,True,False,0,3.28536e-11,1.0,7.464595e-09,1.3623427e-08
,meningioma,1,Testing/meningioma/Te-me_0045.jpg,test,other size,True,False,0,8.12359e-06,0.9967752,0.00064059254,0.002576159
,meningioma,1,Testing/meningioma/Te-me_0046.jpg,test,other size,True,False,0,7.5763764e-06,0.9986614,8.454224e-05,0.0012464365
,meningioma,1,Testing/meningioma/Te-me_0047.jpg,test,other size,True,False,0,4.0929763e-08,0.9999633,3.6719608e-05,1.0280457e-08
,meningioma,1,Testing/meningioma/Te-me_0048.jpg,test,other size,True,False,0,3.530545e-05,0.93580705,0.0014986197,0.06265903
,meningioma,1,Testing/meningioma/Te-me_0049.jpg,test,other size,True,False,0,4.53852e-09,0.99999976,1.8214801e-07,1.5224507e-09
,meningioma,1,Testing/meningioma/Te-me_0050.jpg,test,other size,True,False,0,1.6768887e-05,0.98321724,2.4386189e-05,0.016741628
,meningioma,1,Testing/meningioma/Te-me_0051.jpg,test,other size,True,False,0,0.0001310838,0.993891,0.00048750476,0.005490486
,meningioma,1,Testing/meningioma/Te-me_0052.jpg,test,other size,True,False,0,8.025307e-07,0.9992193,6.3260673e-06,0.00077348517
,meningioma,1,Testing/meningioma/Te-me_0053.jpg,test,other size,True,False,0,4.145513e-05,0.9999033,7.2190517e-07,5.4497617e-05
,meningioma,1,Testing/meningioma/Te-me_0054.jpg,test,other size,True,False,0,3.649799e-07,0.99991214,8.33954e-07,8.664988e-05
,meningioma,1,Testing/meningioma/Te-me_0055.jpg,test,other size,True,False,0,1.2563994e-08,0.99999976,2.4747182e-10,2.4955042e-07
,meningioma,1,Testing/meningioma/Te-me_0056.jpg,test,other size,True,False,0,3.1186232e-06,0.9997414,2.5158252e-07,0.00025526414
,meningioma,1,Testing/meningioma/Te-me_0057.jpg,test,other size,True,False,0,0.000825361,0.3529658,0.0009981109,0.64521074
,meningioma,1,Testing/meningioma/Te-me_0058.jpg,test,other size,True,False,0,1.21248995e-05,0.99939,0.00056129356,3.652001e-05
,meningioma,1,Testing/meningioma/Te-me_0059.jpg,test,other size,False,False,0,3.3228367e-05,0.617513,0.38234437,0.000109480534
,meningioma,1,Testing/meningioma/Te-me_0060.jpg,test,other size,True,False,0,0.019318357,0.97376347,0.0061965976,0.0007216884
,meningioma,1,Testing/meningioma/Te-me_0061.jpg,test,other size,False,False,0,3.9112953e-07,0.99999964,4.279048e-09,3.3008258e-09
,meningioma,1,Testing/meningioma/Te-me_0062.jpg,test,other size,True,False,0,8.9827864e-08,0.99999404,5.6764648e-06,1.9398398e-07
,meningioma,1,Testing/meningioma/Te-me_0063.jpg,test,other size,True,False,0,0.000118689306,0.97761244,3.4388742e-07,0.022268524
,meningioma,1,Testing/meningioma/Te-me_0064.jpg,test,other size,False,False,0,0.0004618897,0.71325964,0.00029030596,0.2859882
,meningioma,1,Testing/meningioma/Te-me_0065.jpg,test,other size,True,False,0,1.518595e-06,0.9999801,1.8408267e-05,7.3736985e-09
,meningioma,1,Testing/meningioma/Te-me_0066.jpg,test,other size,True,False,0,1.555683e-05,0.9993,3.1772588e-06,0.00068114523
,meningioma,1,Testing/meningioma/Te-me_0067.jpg,test,other size,True,False,0,4.777416e-06,0.9999943,9.5271616e-07,1.1567737e-09
,meningioma,1,Testing/meningioma/Te-me_0068.jpg,test,other size,True,False,0,1.400968e-08,0.99999785,2.2054166e-07,1.8827328e-06
,meningioma,1,Testing/meningioma/Te-me_0069.jpg,test,other size,True,False,0,4.5620277e-06,0.9868197,8.476171e-06,0.01316728
,meningioma,1,Testing/meningioma/Te-me_0070.jpg,test,other size,True,False,0,3.054553e-07,0.9664002,0.018407183,0.015192303
,meningioma,1,Testing/meningioma/Te-me_0071.jpg,test,other size,True,False,0,1.2846029e-05,0.9734138,0.00041683522,0.026156476
,meningioma,1,Testing/meningioma/Te-me_0072.jpg,test,other size,True,False,0,0.00021025413,0.99639016,0.0017349492,0.0016645674
,meningioma,1,Testing/meningioma/Te-me_0073.jpg,test,other size,True,False,0,1.2846029e-05,0.9734138,0.00041683522,0.026156476
,meningioma,1,Testing/meningioma/Te-me_0074.jpg,test,other size,True,False,0,1.6137623e-09,1.0,1.3246026e-08,4.6032813e-08
,meningioma,1,Testing/meningioma/Te-me_0075.jpg,test,other size,True,False,0,8.575101e-05,0.9999051,2.7096871e-06,6.4610736e-06
,meningioma,1,Testing/meningioma/Te-me_0076.jpg,test,other size,True,False,0,4.4927848e-08,0.99999726,1.1602159e-08,2.7801073e-06
,meningioma,1,Testing/meningioma/Te-me_0077.jpg,test,other size,True,False,0,1.6826929e-11,1.0,3.7245138e-10,4.8343547e-09
,meningioma,1,Testing/meningioma/Te-me_0078.jpg,test,other size,True,False,0,2.9351309e-06,0.9988444,0.0010190321,0.00013353427
,meningioma,1,Testing/meningioma/Te-me_0079.jpg,test,other size,True,False,0,4.4241864e-09,0.9999999,7.7787014e-08,8.900002e-09
,meningioma,1,Testing/meningioma/Te-me_0080.jpg,test,other size,True,False,0,0.00010865064,0.9996012,7.3932366e-05,0.00021621694
,meningioma,1,Testing/meningioma/Te-me_0081.jpg,test,other size,True,False,0,7.437491e-09,0.99999595,6.328439e-07,3.4793145e-06
,meningioma,1,Testing/meningioma/Te-me_0082.jpg,test,other size,True,False,0,8.539484e-12,1.0,1.4485453e-11,1.3148885e-12
,meningioma,1,Testing/meningioma/Te-me_0083.jpg,test,other size,True,False,0,0.0026893462,0.95675427,0.03964006,0.00091623736
,meningioma,1,Testing/meningioma/Te-me_0084.jpg,test,other size,True,False,0,7.951489e-09,0.9995571,0.00031655893,0.00012629548
,meningioma,1,Testing/meningioma/Te-me_0085.jpg,test,other size,True,False,0,3.674702e-05,0.9997397,9.699054e-05,0.00012653196
,meningioma,1,Testing/meningioma/Te-me_0086.jpg,test,other size,True,False,0,1.4362125e-05,0.9972972,4.7881895e-06,0.002683581
,meningioma,1,Testing/meningioma/Te-me_0087.jpg,test,other size,True,False,0,1.2575603e-06,0.9980459,3.7125434e-07,0.0019523624
,meningioma,1,Testing/meningioma/Te-me_0088.jpg,test,other size,True,False,0,4.6610342e-08,0.9999958,3.1287752e-06,1.0182446e-06
,meningioma,1,Testing/meningioma/Te-me_0089.jpg,test,other size,True,False,0,3.251848e-08,0.99999964,2.2871525e-07,8.280176e-08
,meningioma,1,Testing/meningioma/Te-me_0090.jpg,test,other size,True,False,0,2.1069517e-09,0.9999999,9.9076566e-08,4.9763056e-09
,meningioma,1,Testing/meningioma/Te-me_0091.jpg,test,other size,True,False,0,2.6709124e-11,0.9999981,1.444074e-07,1.8061384e-06
,meningioma,1,Testing/meningioma/Te-me_0092.jpg,test,other size,True,False,0,4.761826e-06,0.629301,0.0004136436,0.37028062
,meningioma,1,Testing/meningioma/Te-me_0093.jpg,test,other size,True,False,0,2.696928e-07,0.9810698,0.00021202122,0.018717911
,meningioma,1,Testing/meningioma/Te-me_0094.jpg,test,other size,True,False,0,5.1903903e-06,0.99999475,7.457081e-10,1.4504827e-09
,meningioma,1,Testing/meningioma/Te-me_0095.jpg,test,other size,True,False,0,1.6954198e-08,0.9999975,1.07574245e-07,2.4312558e-06
,meningioma,1,Testing/meningioma/Te-me_0096.jpg,test,other size,True,False,0,2.1152074e-08,1.0,1.449548e-08,2.2718503e-08
,meningioma,1,Testing/meningioma/Te-me_0097.jpg,test,other size,True,False,0,8.6157877e-07,0.99657,0.00034041674,0.0030887495
,meningioma,1,Testing/meningioma/Te-me_0098.jpg,test,other size,True,False,0,1.0864598e-10,1.0,4.716999e-10,4.6264416e-11
,meningioma,1,Testing/meningioma/Te-me_0099.jpg,test,other size,True,False,0,1.0870754e-05,0.9998381,0.00015104722,2.3941992e-08
,meningioma,1,Testing/meningioma/Te-me_0100.jpg,test,other size,True,False,0,4.427379e-08,0.99999785,1.9616625e-06,1.2647287e-07
,meningioma,1,Testing/meningioma/Te-me_0101.jpg,test,other size,True,False,0,7.559884e-11,1.0,4.5135073e-11,4.36134e-13
,meningioma,1,Testing/meningioma/Te-me_0102.jpg,test,other size,True,False,0,2.6667542e-05,0.9999733,3.5429412e-08,5.2508836e-10
,meningioma,1,Testing/meningioma/Te-me_0103.jpg,test,other size,True,False,0,5.2887037e-05,0.9971,0.0023955787,0.00045151258
,meningioma,1,Testing/meningioma/Te-me_0104.jpg,test,other size,True,False,0,9.692851e-12,1.0,1.083283e-11,7.869437e-11
,meningioma,1,Testing/meningioma/Te-me_0105.jpg,test,other size,True,False,0,6.626396e-07,0.99997044,2.883498e-05,8.209727e-10
,meningioma,1,Testing/meningioma/Te-me_0106.jpg,test,other size,True,False,0,1.3546716e-08,0.9999933,6.715093e-06,1.5440228e-09
,meningioma,1,Testing/meningioma/Te-me_0107.jpg,test,other size,True,False,0,4.8945833e-11,1.0,2.5097734e-08,1.7691067e-11
,meningioma,1,Testing/meningioma/Te-me_0108.jpg,test,other size,True,False,0,6.698125e-09,0.9999939,5.4613142e-06,6.7365943e-07
,meningioma,1,Testing/meningioma/Te-me_0109.jpg,test,other size,True,False,0,4.7123616e-09,1.0,4.410613e-09,1.4042716e-09
,meningioma,1,Testing/meningioma/Te-me_0110.jpg,test,other size,False,False,0,2.3156312e-05,0.9723628,0.007991073,0.019622898
,meningioma,1,Testing/meningioma/Te-me_0111.jpg,test,other size,True,False,0,0.0028523207,0.81907266,0.17688116,0.0011938702
,meningioma,1,Testing/meningioma/Te-me_0112.jpg,test,other size,True,False,0,1.44487755e-08,1.0,4.9221246e-08,1.02226665e-11
,meningioma,1,Testing/meningioma/Te-me_0113.jpg,test,other size,True,False,0,2.1429761e-08,0.99990106,9.858776e-05,3.3073442e-07
,meningioma,1,Testing/meningioma/Te-me_0114.jpg,test,other size,True,False,0,2.057489e-09,1.0,1.9744632e-10,1.6324166e-10
107494,meningioma,1,Testing/meningioma/Te-me_0115.jpg,test,512x512,False,True,0,0.0012883004,0.86401844,0.0022748953,0.1324183
107494,meningioma,1,Testing/meningioma/Te-me_0116.jpg,test,512x512,False,True,0,0.000514343,0.9635672,4.0830124e-05,0.035877645
108514,meningioma,1,Testing/meningioma/Te-me_0117.jpg,test,512x512,False,True,0,5.363279e-10,1.0,1.146776e-09,4.9464925e-11
108550,meningioma,1,Testing/meningioma/Te-me_0118.jpg,test,512x512,False,True,0,0.0002590166,0.7448859,0.00118214,0.25367296
108945,meningioma,1,Testing/meningioma/Te-me_0119.jpg,test,512x512,False,True,0,1.1708323e-06,0.99999833,2.179677e-08,4.413522e-07
109411,meningioma,1,Testing/meningioma/Te-me_0120.jpg,test,512x512,False,True,0,0.011408882,0.9734971,0.014754345,0.0003396774
109968,meningioma,1,Testing/meningioma/Te-me_0121.jpg,test,512x512,False,True,0,0.00011280173,0.99888116,5.9594626e-05,0.0009464304
111077,meningioma,1,Testing/meningioma/Te-me_0122.jpg,test,512x512,False,True,0,0.0014413904,0.9959006,0.0024547162,0.00020332009
111366,meningioma,1,Testing/meningioma/Te-me_0123.jpg,test,512x512,False,True,0,2.099025e-05,0.9991738,4.2829333e-07,0.0008047747
112002,meningioma,1,Testing/meningioma/Te-me_0124.jpg,test,512x512,False,True,0,3.0520965e-05,0.9997768,0.00012891761,6.378514e-05
112062,meningioma,1,Testing/meningioma/Te-me_0125.jpg,test,512x512,False,True,0,5.132112e-05,0.9999484,2.191667e-07,9.926169e-09
112252,meningioma,1,Testing/meningioma/Te-me_0126.jpg,test,512x512,False,True,0,0.00020724823,0.9997118,8.0923455e-05,4.7524125e-08
112552,meningioma,1,Testing/meningioma/Te-me_0127.jpg,test,512x512,False,True,0,2.751582e-08,0.99999976,1.0245948e-08,2.073161e-07
112648,meningioma,1,Testing/meningioma/Te-me_0128.jpg,test,512x512,False,True,0,0.00019943393,0.9991627,2.2618995e-05,0.00061537925
113435,meningioma,1,Testing/meningioma/Te-me_0129.jpg,test,512x512,False,True,0,1.0998917e-10,1.0,9.508643e-11,1.1297901e-08
113435,meningioma,1,Testing/meningioma/Te-me_0130.jpg,test,512x512,False,True,0,9.16266e-05,0.99865305,0.001255154,7.1613535e-08
113805,meningioma,1,Testing/meningioma/Te-me_0131.jpg,test,512x512,False,True,0,4.5719433e-05,0.99904436,0.00088557275,2.4319714e-05
114018,meningioma,1,Testing/meningioma/Te-me_0132.jpg,test,512x512,True,True,0,6.870679e-07,0.9999584,3.4553707e-07,4.05758e-05
114359,meningioma,1,Testing/meningioma/Te-me_0133.jpg,test,512x512,False,True,0,3.3423606e-07,0.99999964,1.1734825e-09,9.031067e-10
97607,meningioma,1,Testing/meningioma/Te-me_0134.jpg,test,512x512,False,True,0,7.367255e-07,0.99999654,2.780015e-06,4.4933254e-10
97737,meningioma,1,Testing/meningioma/Te-me_0135.jpg,test,512x512,True,True,0,1.9472848e-06,0.999998,8.300244e-08,1.0757793e-08
97875,meningioma,1,Testing/meningioma/Te-me_0136.jpg,test,512x512,False,True,0,0.00026329863,0.8068815,0.00013581621,0.19271943
97943,meningioma,1,Testing/meningioma/Te-me_0137.jpg,test,512x512,True,True,0,2.7311344e-08,0.99999475,3.5513235e-09,5.2332944e-06
98241,meningioma,1,Testing/meningioma/Te-me_0138.jpg,test,512x512,False,True,0,2.643299e-07,0.99999976,3.7850925e-10,3.2560237e-09
98241,meningioma,1,Testing/meningioma/Te-me_0139.jpg,test,512x512,False,True,0,9.391031e-06,0.9930269,0.00696372,3.4749466e-08
,meningioma,1,Testing/meningioma/Te-me_0140.jpg,test,other size,False,False,0,0.0011351476,0.9450661,0.016805422,0.036993265
100360,meningioma,1,Testing/meningioma/Te-me_0141.jpg,test,512x512,False,True,0,0.47087362,0.15223823,0.00067860103,0.3762096
100360,meningioma,1,Testing/meningioma/Te-me_0142.jpg,test,512x512,False,True,0,0.018702919,0.9812967,3.2127838e-07,4.490666e-08
,meningioma,1,Testing/meningioma/Te-me_0143.jpg,test,other size,True,False,0,1.3546716e-08,0.9999933,6.715093e-06,1.5440228e-09
101016,meningioma,1,Testing/meningioma/Te-me_0144.jpg,test,512x512,False,True,0,7.718354e-09,1.0,1.567984e-08,1.057343e-08
,meningioma,1,Testing/meningioma/Te-me_0145.jpg,test,other size,False,False,0,2.3156312e-05,0.9723628,0.007991073,0.019622898
,meningioma,1,Testing/meningioma/Te-me_0146.jpg,test,512x512,True,False,0,0.0028481798,0.9767952,0.019149067,0.0012074603
,meningioma,1,Testing/meningioma/Te-me_0147.jpg,test,512x512,False,False,0,1.7663943e-09,1.0,2.4875338e-10,4.9091856e-08
,meningioma,1,Testing/meningioma/Te-me_0148.jpg,test,512x512,False,False,0,6.5329473e-06,0.99270225,2.2563615e-06,0.007288941
,meningioma,1,Testing/meningioma/Te-me_0149.jpg,test,512x512,False,False,0,2.399284e-07,0.9999994,2.6622644e-07,5.8543687e-08
,meningioma,1,Testing/meningioma/Te-me_0150.jpg,test,512x512,False,False,0,6.0224563e-09,1.0,1.2624303e-10,4.3801666e-08
,meningioma,1,Testing/meningioma/Te-me_0151.jpg,test,512x512,True,False,0,5.11519e-06,0.9999945,5.805403e-08,2.624674e-07
,meningioma,1,Testing/meningioma/Te-me_0152.jpg,test,512x512,False,False,0,0.011037835,0.98753786,7.303756e-07,0.0014234567
,meningioma,1,Testing/meningioma/Te-me_0153.jpg,test,512x512,False,False,0,3.1291547e-06,0.35076827,8.917738e-06,0.6492197
,meningioma,1,Testing/meningioma/Te-me_0154.jpg,test,512x512,False,False,0,9.921121e-08,0.9999999,9.779191e-10,3.1588094e-09
,meningioma,1,Testing/meningioma/Te-me_0155.jpg,test,512x512,False,False,0,1.9805604e-08,1.0,1.12712874e-10,6.0991767e-10
,meningioma,1,Testing/meningioma/Te-me_0156.jpg,test,512x512,False,False,0,2.8953216e-06,0.087756485,5.5740593e-06,0.9122351
,meningioma,1,Testing/meningioma/Te-me_0157.jpg,test,512x512,False,False,0,8.010192e-06,0.99172664,9.5213915e-07,0.00826442
,meningioma,1,Testing/meningioma/Te-me_0158.jpg,test,512x512,False,False,0,0.00016415589,0.9593538,1.7750084e-05,0.040464368
,meningioma,1,Testing/meningioma/Te-me_0159.jpg,test,512x512,False,False,0,2.1744305e-05,0.99910825,4.982461e-06,0.00086489605
,meningioma,1,Testing/meningioma/Te-me_0160.jpg,test,512x512,False,False,0,7.7070494e-05,0.99960035,1.3673531e-07,0.0003224851
,meningioma,1,Testing/meningioma/Te-me_0161.jpg,test,512x512,False,False,0,0.0009080425,0.49129677,0.0014219375,0.5063732
,meningioma,1,Testing/meningioma/Te-me_0162.jpg,test,512x512,False,False,0,0.00072762475,0.9162044,0.00039915284,0.082668826
,meningioma,1,Testing/meningioma/Te-me_0163.jpg,test,512x512,False,False,0,4.8950974e-06,0.19697084,0.00037681393,0.80264753
,meningioma,1,Testing/meningioma/Te-me_0164.jpg,test,512x512,False,False,0,8.499356e-06,0.8223099,6.069378e-05,0.17762084
,meningioma,1,Testing/meningioma/Te-me_0165.jpg,test,512x512,False,False,0,0.0048346454,0.3217989,0.0002940126,0.67307246
,meningioma,1,Testing/meningioma/Te-me_0166.jpg,test,512x512,False,False,0,0.0073179575,0.72777647,0.003086929,0.26181862
,meningioma,1,Testing/meningioma/Te-me_0167.jpg,test,512x512,False,False,0,1.6263499e-05,0.9942443,1.4376208e-06,0.0057381056
,meningioma,1,Testing/meningioma/Te-me_0168.jpg,test,512x512,False,False,0,6.681108e-07,0.99999917,9.03348e-09,5.380422e-08
,meningioma,1,Testing/meningioma/Te-me_0169.jpg,test,512x512,False,False,0,0.00012857238,0.99986947,5.20917e-07,1.3954589e-06
,meningioma,1,Testing/meningioma/Te-me_0170.jpg,test,512x512,False,False,0,0.00048401416,0.59950966,7.8654484e-05,0.39992768
,meningioma,1,Testing/meningioma/Te-me_0171.jpg,test,512x512,False,False,0,7.4906384e-05,0.995634,0.00016004445,0.0041310037
,meningioma,1,Testing/meningioma/Te-me_0172.jpg,test,512x512,False,False,0,1.4012287e-08,0.9999627,6.29911e-09,3.724679e-05
,meningioma,1,Testing/meningioma/Te-me_0173.jpg,test,512x512,False,False,0,1.2803932e-07,0.9998487,0.00011979444,3.1356492e-05
,meningioma,1,Testing/meningioma/Te-me_0174.jpg,test,512x512,False,False,0,0.017690327,0.98230875,9.262179e-07,2.6963795e-08
,meningioma,1,Testing/meningioma/Te-me_0175.jpg,test,512x512,False,False,0,1.1615664e-05,0.9999392,3.226641e-05,1.7019214e-05
,meningioma,1,Testing/meningioma/Te-me_0176.jpg,test,512x512,False,False,0,3.0057658e-06,0.9999962,6.4315053e-10,8.0370705e-07
,meningioma,1,Testing/meningioma/Te-me_0177.jpg,test,512x512,False,False,0,1.5870465e-06,0.9999981,1.6086831e-08,3.440855e-07
,meningioma,1,Testing/meningioma/Te-me_0178.jpg,test,512x512,False,False,0,0.0065927715,0.9933134,9.249131e-05,1.3993969e-06
,meningioma,1,Testing/meningioma/Te-me_0179.jpg,test,512x512,False,False,0,0.0009036807,0.99909544,6.6836816e-07,2.6915555e-07
,meningioma,1,Testing/meningioma/Te-me_0180.jpg,test,512x512,False,False,0,3.02737e-06,0.99999213,1.5841625e-08,4.9052114e-06
,meningioma,1,Testing/meningioma/Te-me_0181.jpg,test,512x512,False,False,0,0.007710225,0.88612294,8.397752e-05,0.10608282
,meningioma,1,Testing/meningioma/Te-me_0182.jpg,test,512x512,False,False,0,0.013248921,0.81366867,4.1847015e-05,0.17304064
,meningioma,1,Testing/meningioma/Te-me_0183.jpg,test,512x512,False,False,0,3.2784163e-05,0.79179597,1.5521108e-07,0.20817108
,meningioma,1,Testing/meningioma/Te-me_0184.jpg,test,512x512,False,False,0,6.333225e-08,0.9999999,1.0304406e-09,2.0009558e-10
,meningioma,1,Testing/meningioma/Te-me_0185.jpg,test,512x512,False,False,0,0.0011741824,0.9988121,3.1696768e-06,1.06672505e-05
,meningioma,1,Testing/meningioma/Te-me_0186.jpg,test,512x512,False,False,0,5.4958848e-05,0.99306786,9.971504e-05,0.0067775417
,meningioma,1,Testing/meningioma/Te-me_0187.jpg,test,512x512,False,False,0,0.010867611,0.98912185,1.423999e-07,1.03181455e-05
,meningioma,1,Testing/meningioma/Te-me_0188.jpg,test,512x512,False,False,0,0.5367388,0.46181765,0.0011328455,0.00031069777
,meningioma,1,Testing/meningioma/Te-me_0189.jpg,test,512x512,False,False,0,1.1665272e-07,0.00082251645,2.6324562e-08,0.9991774
,meningioma,1,Testing/meningioma/Te-me_0190.jpg,test,512x512,False,False,0,0.0023772977,0.9963722,0.00013030683,0.0011201664
,meningioma,1,Testing/meningioma/Te-me_0191.jpg,test,512x512,True,False,0,0.0015257311,0.99172485,8.141084e-06,0.006741172
,meningioma,1,Testing/meningioma/Te-me_0192.jpg,test,512x512,False,False,0,0.0016500656,0.99681807,2.6816126e-05,0.0015050089
,meningioma,1,Testing/meningioma/Te-me_0193.jpg,test,512x512,True,False,0,1.2450264e-06,0.88447756,0.0005310072,0.11499013
,meningioma,1,Testing/meningioma/Te-me_0194.jpg,test,512x512,False,False,0,4.617974e-09,1.0,2.0465574e-09,1.597902e-10
,meningioma,1,Testing/meningioma/Te-me_0195.jpg,test,512x512,False,False,0,2.3849e-05,0.99996567,8.840117e-06,1.6657314e-06
,meningioma,1,Testing/meningioma/Te-me_0196.jpg,test,512x512,False,False,0,0.04545649,0.9539334,5.5446337e-05,0.00055464957
,meningioma,1,Testing/meningioma/Te-me_0197.jpg,test,512x512,False,False,0,1.8438377e-05,0.99974436,2.083006e-08,0.00023711938
,meningioma,1,Testing/meningioma/Te-me_0198.jpg,test,512x512,False,False,0,0.00014222787,0.9996146,2.8118595e-07,0.00024286544
,meningioma,1,Testing/meningioma/Te-me_0199.jpg,test,512x512,False,False,0,0.00031291536,0.9669266,2.8185825e-06,0.03275769
,meningioma,1,Testing/meningioma/Te-me_0200.jpg,test,512x512,False,False,0,7.5415286e-05,0.99988914,1.4728145e-06,3.397665e-05
,meningioma,1,Testing/meningioma/Te-me_0201.jpg,test,512x512,False,False,0,7.5637254e-06,0.9998989,8.7158e-07,9.270776e-05
,meningioma,1,Testing/meningioma/Te-me_0202.jpg,test,512x512,False,False,0,0.0020737778,0.99304914,0.0048249755,5.21241e-05
,meningioma,1,Testing/meningioma/Te-me_0203.jpg,test,512x512,False,False,0,5.8555184e-08,0.18307514,7.444403e-08,0.81692475
,meningioma,1,Testing/meningioma/Te-me_0204.jpg,test,512x512,True,False,0,0.00011194335,0.9998878,8.557163e-08,1.3627623e-07
,meningioma,1,Testing/meningioma/Te-me_0205.jpg,test,512x512,False,False,0,1.34685605e-08,0.9999999,7.166789e-11,9.045611e-08
,meningioma,1,Testing/meningioma/Te-me_0206.jpg,test,512x512,False,False,0,2.2583743e-05,0.9999763,4.2293866e-09,1.1684563e-06
,meningioma,1,Testing/meningioma/Te-me_0207.jpg,test,512x512,True,False,0,1.6974166e-06,0.57318395,3.376075e-05,0.42678058
,meningioma,1,Testing/meningioma/Te-me_0208.jpg,test,512x512,False,False,0,0.0073095937,0.991824,0.000685665,0.00018078335
,meningioma,1,Testing/meningioma/Te-me_0209.jpg,test,512x512,True,False,0,2.669101e-07,0.9603859,1.2048475e-06,0.039612662
,meningioma,1,Testing/meningioma/Te-me_0210.jpg,test,512x512,False,False,0,6.286262e-06,0.9999927,3.247123e-07,5.7762037e-07
,meningioma,1,Testing/meningioma/Te-me_0211.jpg,test,512x512,False,False,0,1.8355739e-05,0.9999808,1.3806334e-07,7.4796793e-07
,meningioma,1,Testing/meningioma/Te-me_0212.jpg,test,512x512,False,False,0,9.658889e-06,0.9999716,5.8616695e-08,1.866589e-05
,meningioma,1,Testing/meningioma/Te-me_0213.jpg,test,512x512,False,False,0,0.0004923221,0.9817155,1.2134001e-05,0.017780013
,meningioma,1,Testing/meningioma/Te-me_0214.jpg,test,512x512,True,False,0,7.6272527e-06,0.9018599,2.580126e-05,0.09810672
,meningioma,1,Testing/meningioma/Te-me_0215.jpg,test,512x512,False,False,0,4.968432e-10,1.0,8.1952944e-10,9.907478e-10
,meningioma,1,Testing/meningioma/Te-me_0216.jpg,test,512x512,False,False,0,0.00022282155,0.99977714,2.5213517e-08,1.3810598e-08
,meningioma,1,Testing/meningioma/Te-me_0217.jpg,test,512x512,False,False,0,0.28703576,0.7123229,1.4997394e-06,0.000639854
,meningioma,1,Testing/meningioma/Te-me_0218.jpg,test,512x512,False,False,0,0.0003765949,0.9996189,4.3935433e-06,9.129734e-08
,meningioma,1,Testing/meningioma/Te-me_0219.jpg,test,512x512,False,False,0,0.0001522183,0.99310654,4.45815e-05,0.0066966065
,meningioma,1,Testing/meningioma/Te-me_0220.jpg,test,512x512,False,False,0,1.0425867e-10,1.0,1.4962583e-11,3.4379172e-10
,meningioma,1,Testing/meningioma/Te-me_0221.jpg,test,512x512,False,False,0,1.2254503e-05,0.9999876,1.9027965e-08,5.5476047e-08
,meningioma,1,Testing/meningioma/Te-me_0222.jpg,test,512x512,False,False,0,0.0018924819,0.8350508,4.724583e-05,0.16300948
,meningioma,1,Testing/meningioma/Te-me_0223.jpg,test,512x512,False,False,0,3.4939771e-06,0.9997534,3.72819e-08,0.00024314136
,meningioma,1,Testing/meningioma/Te-me_0224.jpg,test,512x512,False,False,0,0.00078843546,0.9958431,0.0005397531,0.0028287596
,meningioma,1,Testing/meningioma/Te-me_0225.jpg,test,512x512,False,False,0,0.003708832,0.99276215,7.0539903e-07,0.00352821
,meningioma,1,Testing/meningioma/Te-me_0226.jpg,test,512x512,False,False,0,0.04704465,0.9528402,0.000112964626,2.2044853e-06
,meningioma,1,Testing/meningioma/Te-me_0227.jpg,test,512x512,False,False,0,0.032978196,0.9629037,0.0024808166,0.0016373085
,meningioma,1,Testing/meningioma/Te-me_0228.jpg,test,512x512,False,False,0,0.00014774785,0.9467864,2.0846894e-06,0.05306372
,meningioma,1,Testing/meningioma/Te-me_0229.jpg,test,512x512,True,False,0,0.0061799116,0.5365361,0.4541429,0.003141111
,meningioma,1,Testing/meningioma/Te-me_0230.jpg,test,512x512,False,False,0,2.3760314e-05,0.9997631,7.7049964e-07,0.000212479
,meningioma,1,Testing/meningioma/Te-me_0231.jpg,test,512x512,False,False,0,1.1958028e-06,0.93594444,4.3592e-05,0.06401069
,meningioma,1,Testing/meningioma/Te-me_0232.jpg,test,512x512,True,False,0,2.2888404e-05,0.9999362,4.0701827e-05,2.4001392e-07
,meningioma,1,Testing/meningioma/Te-me_0233.jpg,test,512x512,False,False,0,0.0007980019,0.9947062,8.459336e-05,0.004411198
,meningioma,1,Testing/meningioma/Te-me_0234.jpg,test,512x512,False,False,0,0.010374975,0.9896247,2.2080252e-08,3.5859534e-07
,meningioma,1,Testing/meningioma/Te-me_0235.jpg,test,512x512,False,False,0,2.6852585e-09,1.0,7.9317585e-12,2.072258e-09
,meningioma,1,Testing/meningioma/Te-me_0236.jpg,test,512x512,False,False,0,1.0575382e-05,0.9999894,1.2058807e-09,2.1023694e-09
,meningioma,1,Testing/meningioma/Te-me_0237.jpg,test,512x512,False,False,0,0.040744465,0.9061099,0.00013346887,0.05301211
,meningioma,1,Testing/meningioma/Te-me_0238.jpg,test,512x512,False,False,0,5.027311e-09,0.9999987,4.835195e-10,1.2779702e-06
,meningioma,1,Testing/meningioma/Te-me_0239.jpg,test,512x512,False,False,0,0.0018676704,0.9975345,0.000218693,0.0003790797
,meningioma,1,Testing/meningioma/Te-me_0240.jpg,test,512x512,False,False,0,2.1173997e-07,0.99999976,1.0423051e-08,5.9160046e-09
,meningioma,1,Testing/meningioma/Te-me_0241.jpg,test,512x512,False,False,0,0.028599897,0.96888214,0.002505602,1.23224645e-05
,meningioma,1,Testing/meningioma/Te-me_0242.jpg,test,512x512,False,False,0,0.011218742,0.98871535,3.1290567e-06,6.2736435e-05
,meningioma,1,Testing/meningioma/Te-me_0243.jpg,test,512x512,False,False,0,3.0919375e-05,0.99996865,4.5553938e-07,3.432974e-10
,meningioma,1,Testing/meningioma/Te-me_0244.jpg,test,512x512,False,False,0,5.6898734e-05,0.99181783,1.7496108e-05,0.008107722
,meningioma,1,Testing/meningioma/Te-me_0245.jpg,test,512x512,False,False,0,7.109063e-07,0.99999785,9.635648e-09,1.4156666e-06
,meningioma,1,Testing/meningioma/Te-me_0246.jpg,test,512x512,False,False,0,0.00068600575,0.97655416,7.268978e-05,0.022687111
,meningioma,1,Testing/meningioma/Te-me_0247.jpg,test,512x512,False,False,0,0.007789278,0.97844005,2.4117642e-05,0.01374652
,meningioma,1,Testing/meningioma/Te-me_0248.jpg,test,512x512,False,False,0,0.00016114971,0.9939421,7.061112e-06,0.0058896476
,meningioma,1,Testing/meningioma/Te-me_0249.jpg,test,512x512,False,False,0,5.145463e-06,0.9999949,8.584919e-09,2.3125098e-08
,meningioma,1,Testing/meningioma/Te-me_0250.jpg,test,512x512,False,False,0,1.9560888e-05,0.99998045,2.39825e-09,2.3751703e-09
,meningioma,1,Testing/meningioma/Te-me_0251.jpg,test,512x512,False,False,0,3.2968695e-05,0.025871474,6.7069964e-06,0.9740888
,meningioma,1,Testing/meningioma/Te-me_0252.jpg,test,512x512,False,False,0,0.10514185,0.88112426,1.5177771e-05,0.0137186665
,meningioma,1,Testing/meningioma/Te-me_0253.jpg,test,512x512,True,False,0,0.002627044,0.9971929,3.8456847e-06,0.0001762378
,meningioma,1,Testing/meningioma/Te-me_0254.jpg,test,512x512,False,False,0,0.0024225353,0.99566877,0.0019085205,1.6186723e-07
,meningioma,1,Testing/meningioma/Te-me_0255.jpg,test,512x512,False,False,0,0.00068996666,0.9988262,2.3103549e-07,0.00048357664
,meningioma,1,Testing/meningioma/Te-me_0256.jpg,test,512x512,False,False,0,6.3717176e-05,0.9999238,2.9649568e-08,1.2408989e-05
,meningioma,1,Testing/meningioma/Te-me_0257.jpg,test,512x512,False,False,0,2.8877192e-05,0.9999627,1.272769e-07,8.337007e-06
,meningioma,1,Testing/meningioma/Te-me_0258.jpg,test,512x512,False,False,0,3.8247335e-06,0.9999944,1.2602921e-09,1.7377535e-06
,meningioma,1,Testing/meningioma/Te-me_0259.jpg,test,512x512,False,False,0,0.9199454,0.079649225,6.688253e-05,0.00033844882
,meningioma,1,Testing/meningioma/Te-me_0260.jpg,test,512x512,False,False,0,1.2598426e-07,0.9999999,8.265207e-11,8.2337737e-10
,meningioma,1,Testing/meningioma/Te-me_0261.jpg,test,512x512,False,False,0,0.0052175866,0.9947665,2.8884403e-07,1.5565303e-05
,meningioma,1,Testing/meningioma/Te-me_0262.jpg,test,512x512,False,False,0,0.0013359035,0.9983011,6.67023e-08,0.00036304846
,meningioma,1,Testing/meningioma/Te-me_0263.jpg,test,512x512,False,False,0,5.183955e-06,0.9999949,5.849883e-10,2.3107066e-08
,meningioma,1,Testing/meningioma/Te-me_0264.jpg,test,512x512,False,False,0,0.013714869,0.98607826,1.9220193e-05,0.00018770348
,meningioma,1,Testing/meningioma/Te-me_0265.jpg,test,512x512,False,False,0,1.4863622e-07,0.999992,8.4479467e-07,6.9901116e-06
,meningioma,1,Testing/meningioma/Te-me_0266.jpg,test,512x512,False,False,0,0.0042723394,0.9500337,1.0256053e-06,0.045692906
,meningioma,1,Testing/meningioma/Te-me_0267.jpg,test,512x512,False,False,0,1.7637092e-06,0.99999547,5.8461525e-09,2.7882456e-06
,meningioma,1,Testing/meningioma/Te-me_0268.jpg,test,512x512,False,False,0,0.0072802994,0.9909332,4.443396e-06,0.0017821544
,meningioma,1,Testing/meningioma/Te-me_0269.jpg,test,512x512,False,False,0,3.8810253e-06,0.9999852,6.9062035e-06,3.9771558e-06
,meningioma,1,Testing/meningioma/Te-me_0270.jpg,test,512x512,False,False,0,0.32745904,0.67245823,6.0885865e-05,2.1822341e-05
,meningioma,1,Testing/meningioma/Te-me_0271.jpg,test,512x512,False,False,0,0.00049511954,0.30907258,4.4795124e-05,0.6903875
,meningioma,1,Testing/meningioma/Te-me_0272.jpg,test,512x512,False,False,0,9.448397e-06,0.79330623,6.30427e-07,0.20668368
,meningioma,1,Testing/meningioma/Te-me_0273.jpg,test,512x512,False,False,0,1.5151835e-08,1.0,1.6410569e-11,3.5935706e-11
,meningioma,1,Testing/meningioma/Te-me_0274.jpg,test,512x512,False,False,0,7.478104e-09,1.0,2.9348784e-11,1.619824e-10
,meningioma,1,Testing/meningioma/Te-me_0275.jpg,test,512x512,False,False,0,4.775521e-07,0.9999995,3.0503533e-10,5.1151594e-09
,meningioma,1,Testing/meningioma/Te-me_0276.jpg,test,512x512,False,False,0,6.469044e-06,0.9999106,3.925408e-05,4.3676857e-05
,meningioma,1,Testing/meningioma/Te-me_0277.jpg,test,512x512,False,False,0,0.0011488885,0.99883884,3.2940056e-07,1.1914896e-05
,meningioma,1,Testing/meningioma/Te-me_0278.jpg,test,512x512,False,False,0,3.30881e-05,0.9999416,2.0127942e-07,2.5010771e-05
,meningioma,1,Testing/meningioma/Te-me_0279.jpg,test,512x512,False,False,0,3.2117412e-05,0.9999399,9.35464e-09,2.7996506e-05
,meningioma,1,Testing/meningioma/Te-me_0280.jpg,test,512x512,False,False,0,0.05815837,0.8347302,0.0011586433,0.1059527
,meningioma,1,Testing/meningioma/Te-me_0281.jpg,test,512x512,False,False,0,2.4326473e-05,0.9999398,6.3485544e-08,3.583858e-05
,meningioma,1,Testing/meningioma/Te-me_0282.jpg,test,512x512,False,False,0,2.0902874e-10,1.0,1.022647e-11,2.573575e-10
,meningioma,1,Testing/meningioma/Te-me_0283.jpg,test,512x512,False,False,0,0.00013668032,0.99126595,6.338159e-06,0.008591001
,meningioma,1,Testing/meningioma/Te-me_0284.jpg,test,512x512,False,False,0,1.5725722e-05,0.99271226,6.3619877e-06,0.0072656637
,meningioma,1,Testing/meningioma/Te-me_0285.jpg,test,512x512,False,False,0,0.0005105638,0.99946624,1.03229995e-05,1.2894487e-05
,meningioma,1,Testing/meningioma/Te-me_0286.jpg,test,512x512,False,False,0,0.023619246,0.9661547,5.828786e-06,0.010220258
,meningioma,1,Testing/meningioma/Te-me_0287.jpg,test,512x512,False,False,0,1.275792e-06,0.97919375,5.902509e-05,0.020745875
,meningioma,1,Testing/meningioma/Te-me_0288.jpg,test,512x512,False,False,0,0.00035260178,0.999587,4.2753123e-05,1.7708353e-05
,meningioma,1,Testing/meningioma/Te-me_0289.jpg,test,512x512,False,False,0,2.1103141e-09,1.0,9.718639e-12,2.3459881e-08
,meningioma,1,Testing/meningioma/Te-me_0290.jpg,test,512x512,False,False,0,8.9471205e-06,0.99994576,3.988319e-05,5.421561e-06
,meningioma,1,Testing/meningioma/Te-me_0291.jpg,test,512x512,False,False,0,1.36261915e-05,0.99998593,3.8797978e-07,1.2608466e-07
,meningioma,1,Testing/meningioma/Te-me_0292.jpg,test,512x512,False,False,0,7.907445e-06,0.7056533,0.0030431834,0.29129562
,meningioma,1,Testing/meningioma/Te-me_0293.jpg,test,512x512,False,False,0,0.00086937204,0.99828017,0.00084536616,5.1005995e-06
,meningioma,1,Testing/meningioma/Te-me_0294.jpg,test,512x512,False,False,0,5.119378e-05,0.9985189,3.769637e-07,0.001429505
,meningioma,1,Testing/meningioma/Te-me_0295.jpg,test,512x512,True,False,0,7.2288765e-07,0.9993992,1.2715315e-05,0.00058743206
,meningioma,1,Testing/meningioma/Te-me_0296.jpg,test,512x512,False,False,0,4.5742986e-06,0.9978033,0.00096215383,0.001230022
,meningioma,1,Testing/meningioma/Te-me_0297.jpg,test,512x512,False,False,0,1.559168e-05,0.050230708,0.0037631253,0.94599056
,meningioma,1,Testing/meningioma/Te-me_0298.jpg,test,512x512,False,False,0,3.8104346e-05,0.99996006,9.8044175e-08,1.6534971e-06
,meningioma,1,Testing/meningioma/Te-me_0299.jpg,test,512x512,True,False,0,1.7849531e-07,0.99781704,3.661397e-07,0.0021823861
,meningioma,1,Testing/meningioma/Te-me_0300.jpg,test,512x512,True,False,0,0.00013260149,0.9829798,0.011532727,0.0053548138
97607,meningioma,1,Testing/meningioma/Te-me_0301.jpg,test,512x512,False,True,0,1.8709414e-08,1.0,1.289792e-10,5.0821725e-10
,meningioma,1,Testing/meningioma/Te-me_0302.jpg,test,512x512,False,False,0,5.4809288e-08,1.0,7.629044e-09,2.1333053e-09
,meningioma,1,Testing/meningioma/Te-me_0303.jpg,test,512x512,False,False,0,4.505665e-10,1.0,1.5497806e-09,7.254427e-10
,meningioma,1,Testing/meningioma/Te-me_0304.jpg,test,512x512,False,False,0,5.554388e-05,0.26766133,5.269472e-05,0.7322304
,meningioma,1,Testing/meningioma/Te-me_0305.jpg,test,512x512,False,False,0,0.0002113245,0.999683,1.5520564e-07,0.00010558273
,notumor,2,Testing/notumor/Te-noTr_0000.jpg,test,other size,True,False,0,3.4866396e-06,0.118035115,0.881887,7.447587e-05
,notumor,2,Testing/notumor/Te-noTr_0001.jpg,test,other size,True,False,0,2.504266e-07,6.373877e-06,0.9999933,5.1165745e-08
,notumor,2,Testing/notumor/Te-noTr_0002.jpg,test,other size,True,False,0,7.183878e-08,0.00016016931,0.9998375,2.274362e-06
,notumor,2,Testing/notumor/Te-noTr_0003.jpg,test,other size,True,False,0,1.4032607e-06,9.273749e-05,0.9999058,4.9765518e-08
,notumor,2,Testing/notumor/Te-noTr_0004.jpg,test,other size,True,False,0,1.0083426e-06,0.00024127784,0.99723417,0.0025235605
,notumor,2,Testing/notumor/Te-noTr_0005.jpg,test,other size,True,False,0,2.645426e-07,1.2964956e-05,0.99998677,1.1449933e-08
,notumor,2,Testing/notumor/Te-noTr_0006.jpg,test,other size,True,False,0,0.0004607227,0.0024425106,0.99560153,0.0014952499
,notumor,2,Testing/notumor/Te-noTr_0007.jpg,test,other size,True,False,0,1.320828e-06,0.0005754148,0.9994229,4.1387108e-07
,notumor,2,Testing/notumor/Te-noTr_0008.jpg,test,other size,True,False,0,1.6809945e-05,0.00022619919,0.99975675,1.798089e-07
,notumor,2,Testing/notumor/Te-noTr_0009.jpg,test,other size,True,False,0,2.812004e-10,3.0671556e-06,0.99998796,8.969891e-06
,notumor,2,Testing/notumor/Te-no_0010.jpg,test,other size,True,False,0,6.4410356e-12,1.426255e-07,0.99999976,6.1398e-08
,notumor,2,Testing/notumor/Te-no_0011.jpg,test,other size,True,False,0,1.0416565e-09,1.5561605e-05,0.9999844,2.0288814e-08
,notumor,2,Testing/notumor/Te-no_0012.jpg,test,other size,True,False,0,6.335049e-12,8.951727e-08,0.9999999,9.091134e-12
,notumor,2,Testing/notumor/Te-no_0013.jpg,test,other size,True,False,0,0.00080993713,0.0002872916,0.9986621,0.00024060285
,notumor,2,Testing/notumor/Te-no_0014.jpg,test,other size,True,False,0,3.4801573e-08,4.1289266e-05,0.9999578,7.883543e-07
,notumor,2,Testing/notumor/Te-no_0015.jpg,test,other size,True,False,0,5.507019e-06,0.07220686,0.9277485,3.9201826e-05
,notumor,2,Testing/notumor/Te-no_0016.jpg,test,other size,True,False,0,5.7774696e-07,1.2669436e-06,0.9999982,8.339717e-11
,notumor,2,Testing/notumor/Te-no_0017.jpg,test,other size,True,False,0,1.8748911e-09,6.448376e-08,0.99999785,2.0005934e-06
,notumor,2,Testing/notumor/Te-no_0018.jpg,test,other size,True,False,0,0.00011782328,0.30379465,0.69608426,3.2590708e-06
,notumor,2,Testing/notumor/Te-no_0019.jpg,test,other size,True,False,0,2.4999154e-06,1.5331638e-05,0.9999821,2.4631301e-08
,notumor,2,Testing/notumor/Te-no_0020.jpg,test,other size,True,False,0,0.0062924437,0.10079554,0.8928921,1.9930298e-05
,notumor,2,Testing/notumor/Te-no_0021.jpg,test,other size,True,False,0,8.14902e-06,4.374247e-05,0.9999393,8.822063e-06
,notumor,2,Testing/notumor/Te-no_0022.jpg,test,other size,True,False,0,5.3762024e-06,0.00082906964,0.99903286,0.00013264525
,notumor,2,Testing/notumor/Te-no_0023.jpg,test,other size,True,False,0,1.2858233e-08,2.7314225e-05,0.9999727,3.89487e-08
,notumor,2,Testing/notumor/Te-no_0024.jpg,test,other size,True,False,0,1.02331484e-07,1.5960395e-05,0.99252313,0.007460781
,notumor,2,Testing/notumor/Te-no_0025.jpg,test,other size,True,False,0,0.00030183283,0.00047337482,0.9992243,4.2579924e-07
,notumor,2,Testing/notumor/Te-no_0026.jpg,test,other size,True,False,0,1.5556115e-07,0.0012407782,0.9987588,1.8154381e-07
,notumor,2,Testing/notumor/Te-no_0027.jpg,test,other size,True,False,0,2.9095549e-08,1.5819378e-05,0.9998204,0.00016382085
,notumor,2,Testing/notumor/Te-no_0028.jpg,test,other size,True,False,0,1.0326357e-05,8.275686e-05,0.9979062,0.0020007603
,notumor,2,Testing/notumor/Te-no_0029.jpg,test,other size,True,False,0,0.005348069,0.0024479292,0.9921983,5.716631e-06
,notumor,2,Testing/notumor/Te-no_0030.jpg,test,other size,True,False,0,7.3840795e-08,0.0020199248,0.99797434,5.6804074e-06
,notumor,2,Testing/notumor/Te-no_0031.jpg,test,other size,True,False,0,2.504266e-07,6.373877e-06,0.9999933,5.1165745e-08
,notumor,2,Testing/notumor/Te-no_0032.jpg,test,other size,True,False,0,5.5043683e-06,7.2731495e-06,0.99998724,3.301095e-08
,notumor,2,Testing/notumor/Te-no_0033.jpg,test,other size,True,False,0,3.1545704e-07,0.0011505568,0.9987055,0.00014361978
,notumor,2,Testing/notumor/Te-no_0034.jpg,test,other size,True,False,0,2.369439e-11,5.9377925e-07,0.9999994,3.98281e-08
,notumor,2,Testing/notumor/Te-no_0035.jpg,test,other size,True,False,0,2.5714806e-05,0.00014269997,0.9997546,7.698387e-05
,notumor,2,Testing/notumor/Te-no_0036.jpg,test,other size,True,False,0,9.551904e-10,8.095683e-07,0.99986756,0.0001315782
,notumor,2,Testing/notumor/Te-no_0037.jpg,test,other size,True,False,0,2.8730812e-08,0.00017178644,0.999828,1.1248707e-07
,notumor,2,Testing/notumor/Te-no_0038.jpg,test,other size,True,False,0,2.2402184e-05,0.00014651072,0.9988211,0.0010099534
,notumor,2,Testing/notumor/Te-no_0039.jpg,test,other size,True,False,0,1.3386203e-11,1.6848688e-09,1.0,3.288082e-10
,notumor,2,Testing/notumor/Te-no_0040.jpg,test,other size,True,False,0,7.699287e-10,1.0264336e-06,0.9999989,4.675605e-09
,notumor,2,Testing/notumor/Te-no_0041.jpg,test,other size,True,False,0,5.2427138e-05,0.00022363097,0.999724,1.628267e-09
,notumor,2,Testing/notumor/Te-no_0042.jpg,test,other size,True,False,0,5.140827e-12,2.1964455e-07,0.99999976,1.4788509e-08
,notumor,2,Testing/notumor/Te-no_0043.jpg,test,other size,True,False,0,3.6955639e-10,2.555317e-07,0.99999976,4.928283e-09
,notumor,2,Testing/notumor/Te-no_0044.jpg,test,other size,True,False,0,6.335049e-12,8.951727e-08,0.9999999,9.091134e-12
,notumor,2,Testing/notumor/Te-no_0045.jpg,test,other size,True,False,0,3.0385949e-05,2.8461708e-08,0.9999695,1.2040928e-07
,notumor,2,Testing/notumor/Te-no_0046.jpg,test,other size,True,False,0,4.4549164e-08,0.00018913347,0.99981076,1.7784913e-07
,notumor,2,Testing/notumor/Te-no_0047.jpg,test,other size,True,False,0,2.6539763e-05,0.000109201916,0.9998642,1.8013597e-09
,notumor,2,Testing/notumor/Te-no_0048.jpg,test,other size,True,False,0,1.0416565e-09,1.5561605e-05,0.9999844,2.0288814e-08
,notumor,2,Testing/notumor/Te-no_0049.jpg,test,other size,True,False,0,9.29576e-08,0.014044707,0.7302811,0.25567412
,notumor,2,Testing/notumor/Te-no_0050.jpg,test,other size,True,False,0,3.0385949e-05,2.8461708e-08,0.9999695,1.2040928e-07
,notumor,2,Testing/notumor/Te-no_0051.jpg,test,other size,True,False,0,8.3026486e-10,2.3237085e-07,0.9999987,1.0989665e-06
,notumor,2,Testing/notumor/Te-no_0052.jpg,test,other size,True,False,0,7.699287e-10,1.0264336e-06,0.9999989,4.675605e-09
,notumor,2,Testing/notumor/Te-no_0053.jpg,test,other size,True,False,0,1.0416565e-09,1.5561605e-05,0.9999844,2.0288814e-08
,notumor,2,Testing/notumor/Te-no_0054.jpg,test,other size,True,False,0,3.0385949e-05,2.8461708e-08,0.9999695,1.2040928e-07
,notumor,2,Testing/notumor/Te-no_0055.jpg,test,other size,True,False,0,6.335049e-12,8.951727e-08,0.9999999,9.091134e-12
,notumor,2,Testing/notumor/Te-no_0056.jpg,test,other size,True,False,0,2.41411e-09,1.6004391e-05,0.9999838,2.7156784e-07
,notumor,2,Testing/notumor/Te-no_0057.jpg,test,other size,True,False,0,1.0068575e-11,1.5932375e-07,0.9999999,5.3056553e-08
,notumor,2,Testing/notumor/Te-no_0058.jpg,test,other size,True,False,0,7.244287e-08,0.0011279621,0.99887174,2.3435345e-07
,notumor,2,Testing/notumor/Te-no_0059.jpg,test,other size,True,False,0,4.1957254e-12,1.12391014e-07,0.9999999,7.190593e-09
,notumor,2,Testing/notumor/Te-no_0060.jpg,test,other size,True,False,0,1.1402268e-07,0.00020611499,0.99979347,3.2380217e-07
,notumor,2,Testing/notumor/Te-no_0061.jpg,test,other size,True,False,0,6.335049e-12,8.951727e-08,0.9999999,9.091134e-12
,notumor,2,Testing/notumor/Te-no_0062.jpg,test,other size,True,False,0,2.4999154e-06,1.5331638e-05,0.9999821,2.4631301e-08
,notumor,2,Testing/notumor/Te-no_0063.jpg,test,other size,True,False,0,1.1143958e-11,2.6661095e-07,0.99999964,6.411997e-08
,notumor,2,Testing/notumor/Te-no_0064.jpg,test,other size,True,False,0,1.8431274e-08,0.0001156871,0.9998841,1.240374e-07
,notumor,2,Testing/notumor/Te-no_0065.jpg,test,other size,True,False,0,7.3840795e-08,0.0020199248,0.99797434,5.6804074e-06
,notumor,2,Testing/notumor/Te-no_0066.jpg,test,other size,True,False,0,5.351858e-05,0.00061417115,0.99933165,5.700371e-07
,notumor,2,Testing/notumor/Te-no_0067.jpg,test,other size,True,False,0,2.504266e-07,6.373877e-06,0.9999933,5.1165745e-08
,notumor,2,Testing/notumor/Te-no_0068.jpg,test,other size,True,False,0,1.0416565e-09,1.5561605e-05,0.9999844,2.0288814e-08
,notumor,2,Testing/notumor/Te-no_0069.jpg,test,other size,True,False,0,0.005348069,0.0024479292,0.9921983,5.716631e-06
,notumor,2,Testing/notumor/Te-no_0070.jpg,test,other size,True,False,0,0.00011782328,0.30379465,0.69608426,3.2590708e-06
,notumor,2,Testing/notumor/Te-no_0071.jpg,test,other size,True,False,0,1.0766874e-05,0.000100255995,0.99558383,0.0043051895
,notumor,2,Testing/notumor/Te-no_0072.jpg,test,other size,True,False,0,8.14902e-06,4.374247e-05,0.9999393,8.822063e-06
,notumor,2,Testing/notumor/Te-no_0073.jpg,test,other size,True,False,0,2.4999154e-06,1.5331638e-05,0.9999821,2.4631301e-08
,notumor,2,Testing/notumor/Te-no_0074.jpg,test,other size,True,False,0,8.680167e-09,1.10791134e-07,0.9999945,5.3227873e-06
,notumor,2,Testing/notumor/Te-no_0075.jpg,test,other size,True,False,0,5.3762024e-06,0.00082906964,0.99903286,0.00013264525
,notumor,2,Testing/notumor/Te-no_0076.jpg,test,other size,True,False,0,2.860759e-07,6.78706e-05,0.9999317,1.7481501e-07
,notumor,2,Testing/notumor/Te-no_0077.jpg,test,other size,True,False,0,2.6539763e-05,0.000109201916,0.9998642,1.8013597e-09
,notumor,2,Testing/notumor/Te-no_0078.jpg,test,other size,True,False,0,8.920757e-06,0.00029894,0.99969196,2.8589415e-07
,notumor,2,Testing/notumor/Te-no_0079.jpg,test,other size,True,False,0,9.321539e-08,5.662665e-06,0.9992465,0.000747868
,notumor,2,Testing/notumor/Te-no_0080.jpg,test,other size,True,False,0,1.8913436e-08,1.901489e-05,0.9999777,3.1944307e-06
,notumor,2,Testing/notumor/Te-no_0081.jpg,test,other size,True,False,0,2.5714806e-05,0.00014269997,0.9997546,7.698387e-05
,notumor,2,Testing/notumor/Te-no_0082.jpg,test,other size,True,False,0,2.8408382e-05,0.00027289594,0.99969876,2.031987e-09
,notumor,2,Testing/notumor/Te-no_0083.jpg,test,other size,True,False,0,3.8625396e-05,4.6668676e-05,0.99991465,7.733492e-09
,notumor,2,Testing/notumor/Te-no_0084.jpg,test,other size,True,False,0,2.504266e-07,6.373877e-06,0.9999933,5.1165745e-08
,notumor,2,Testing/notumor/Te-no_0085.jpg,test,other size,True,False,0,2.0590527e-05,0.0010624989,0.9985672,0.0003495576
,notumor,2,Testing/notumor/Te-no_0086.jpg,test,other size,True,False,0,2.1775965e-09,2.5737057e-07,0.99999964,8.980524e-08
,notumor,2,Testing/notumor/Te-no_0087.jpg,test,other size,True,False,0,1.0416565e-09,1.5561605e-05,0.9999844,2.0288814e-08
,notumor,2,Testing/notumor/Te-no_0088.jpg,test,other size,True,False,0,1.320828e-06,0.0005754148,0.9994229,4.1387108e-07
,notumor,2,Testing/notumor/Te-no_0089.jpg,test,other size,True,False,0,2.9321714e-09,3.0575077e-07,0.9999994,2.1224251e-07
,notumor,2,Testing/notumor/Te-no_0090.jpg,test,other size,True,False,0,2.8544343e-06,0.0015041692,0.9805077,0.017985344
,notumor,2,Testing/notumor/Te-no_0091.jpg,test,other size,True,False,0,2.4648023e-06,1.5366873e-06,0.99999595,1.4385196e-08
,notumor,2,Testing/notumor/Te-no_0092.jpg,test,other size,True,False,0,5.6795915e-11,1.5111307e-07,0.9999999,3.9909107e-08
,notumor,2,Testing/notumor/Te-no_0093.jpg,test,other size,True,False,0,3.8625396e-05,4.6668676e-05,0.99991465,7.733492e-09
,notumor,2,Testing/notumor/Te-no_0094.jpg,test,other size,True,False,0,1.0931311e-09,1.9800518e-06,0.9999738,2.4207744e-05
,notumor,2,Testing/notumor/Te-no_0095.jpg,test,other size,True,False,0,8.809536e-05,7.999371e-05,0.9998319,2.8254972e-08
,notumor,2,Testing/notumor/Te-no_0096.jpg,test,other size,True,False,0,6.995222e-06,1.8282067e-07,0.9998425,0.00015033263
,notumor,2,Testing/notumor/Te-no_0097.jpg,test,other size,True,False,0,3.6555573e-06,0.00038512578,0.99961036,8.0792864e-07
,notumor,2,Testing/notumor/Te-no_0098.jpg,test,other size,True,False,0,0.0003999891,0.00023841667,0.9993575,4.0061723e-06
,notumor,2,Testing/notumor/Te-no_0099.jpg,test,other size,True,False,0,2.3488516e-07,0.0017855536,0.998154,6.0229428e-05
,notumor,2,Testing/notumor/Te-no_0100.jpg,test,other size,True,False,0,6.3271685e-08,5.0428907e-06,0.9999949,1.6159531e-09
,notumor,2,Testing/notumor/Te-no_0101.jpg,test,other size,True,False,0,8.085632e-05,0.0115896575,0.98783743,0.00049204
,notumor,2,Testing/notumor/Te-no_0102.jpg,test,other size,True,False,0,9.813139e-08,1.7953656e-05,0.99996996,1.2082368e-05
,notumor,2,Testing/notumor/Te-no_0103.jpg,test,other size,True,False,0,2.2299169e-07,7.409439e-05,0.99992394,1.7391415e-06
,notumor,2,Testing/notumor/Te-no_0104.jpg,test,other size,True,False,0,0.47072694,0.3475352,0.08064793,0.10108999
,notumor,2,Testing/notumor/Te-no_0105.jpg,test,other size,False,False,0,4.6981182e-07,1.7883121e-05,0.99998164,2.4056943e-08
,notumor,2,Testing/notumor/Te-no_0106.jpg,test,other size,True,False,0,2.3045695e-08,3.0146992e-08,1.0,1.912027e-09
,notumor,2,Testing/notumor/Te-no_0107.jpg,test,other size,True,False,0,3.697857e-06,9.1011617e-07,0.99999535,2.224373e-09
,notumor,2,Testing/notumor/Te-no_0108.jpg,test,other size,True,False,0,5.0699067e-09,2.3301041e-07,0.99999976,4.431796e-09
,notumor,2,Testing/notumor/Te-no_0109.jpg,test,other size,True,False,0,6.686459e-09,2.131751e-07,0.99999976,2.8026696e-08
,notumor,2,Testing/notumor/Te-no_0110.jpg,test,other size,True,False,0,7.0070195e-12,4.4813095e-09,1.0,2.8932075e-09
,notumor,2,Testing/notumor/Te-no_0111.jpg,test,other size,True,False,0,8.032915e-06,0.0045601144,0.9954319,4.727989e-08
,notumor,2,Testing/notumor/Te-no_0112.jpg,test,other size,True,False,0,1.964199e-06,3.210134e-06,0.9999949,2.742053e-09
,notumor,2,Testing/notumor/Te-no_0113.jpg,test,other size,True,False,0,1.586821e-07,7.849014e-06,0.9999919,1.5438484e-07
,notumor,2,Testing/notumor/Te-no_0114.jpg,test,other size,True,False,0,1.9194228e-07,7.1622054e-07,0.99999905,2.5003235e-09
,notumor,2,Testing/notumor/Te-no_0115.jpg,test,other size,True,False,0,3.6459594e-10,2.0801977e-07,0.99999976,5.6317475e-08
,notumor,2,Testing/notumor/Te-no_0116.jpg,test,other size,True,False,0,4.575791e-08,5.6837093e-06,0.99999344,8.7168985e-07
,notumor,2,Testing/notumor/Te-no_0117.jpg,test,other size,True,False,0,2.1519918e-11,9.213097e-09,1.0,4.1418644e-12
,notumor,2,Testing/notumor/Te-no_0118.jpg,test,other size,True,False,0,4.4870704e-10,3.3138207e-07,0.99999964,3.0454108e-11
,notumor,2,Testing/notumor/Te-no_0119.jpg,test,other size,True,False,0,5.1784362e-05,0.3044869,0.69546056,7.861811e-07
,notumor,2,Testing/notumor/Te-no_0120.jpg,test,other size,True,False,0,3.4653078e-06,5.0899143e-06,0.9999914,2.1391582e-09
,notumor,2,Testing/notumor/Te-no_0121.jpg,test,other size,True,False,0,4.9633104e-06,1.1861425e-05,0.9999832,9.367472e-09
,notumor,2,Testing/notumor/Te-no_0122.jpg,test,other size,True,False,0,3.0155422e-07,0.000100759375,0.99988425,1.4645121e-05
,notumor,2,Testing/notumor/Te-no_0123.jpg,test,other size,True,False,0,9.772404e-10,9.709596e-08,0.9999999,2.074032e-10
,notumor,2,Testing/notumor/Te-no_0124.jpg,test,other size,True,False,0,8.582015e-07,3.3517838e-07,0.9999988,3.1327658e-09
,notumor,2,Testing/notumor/Te-no_0125.jpg,test,other size,True,False,0,1.5375421e-07,0.00014272009,0.99985266,4.4453554e-06
,notumor,2,Testing/notumor/Te-no_0126.jpg,test,other size,True,False,0,1.6718483e-09,1.587333e-06,0.99999547,3.0006224e-06
,notumor,2,Testing/notumor/Te-no_0127.jpg,test,other size,True,False,0,2.2305758e-07,5.3669596e-06,0.99999154,2.8818201e-06
,notumor,2,Testing/notumor/Te-no_0128.jpg,test,other size,True,False,0,2.0562977e-07,5.2490577e-05,0.9999472,1.05816135e-07
,notumor,2,Testing/notumor/Te-no_0129.jpg,test,other size,True,False,0,9.572821e-12,5.7827684e-08,1.0,2.0616264e-08
,notumor,2,Testing/notumor/Te-no_0130.jpg,test,other size,True,False,0,7.222596e-07,1.5097415e-05,0.99998415,1.7034552e-08
,notumor,2,Testing/notumor/Te-no_0131.jpg,test,other size,True,False,0,1.849543e-05,3.8701313e-05,0.9999423,5.18825e-07
,notumor,2,Testing/notumor/Te-no_0132.jpg,test,other size,True,False,0,1.971165e-07,1.3138399e-06,0.99999845,5.588739e-10
,notumor,2,Testing/notumor/Te-no_0133.jpg,test,other size,True,False,0,3.2111707e-08,1.11020045e-05,0.9999889,5.8036013e-11
,notumor,2,Testing/notumor/Te-no_0134.jpg,test,other size,True,False,0,2.1499963e-07,5.426972e-06,0.9999944,2.7874223e-09
,notumor,2,Testing/notumor/Te-no_0135.jpg,test,other size,True,False,0,1.8206734e-07,1.9420092e-06,0.9999974,5.047328e-07
,notumor,2,Testing/notumor/Te-no_0136.jpg,test,other size,True,False,0,3.383411e-08,1.9813779e-05,0.9999801,9.226002e-08
,notumor,2,Testing/notumor/Te-no_0137.jpg,test,other size,True,False,0,4.6849559e-07,0.00012270613,0.99987686,2.1749978e-08
,notumor,2,Testing/notumor/Te-no_0138.jpg,test,other size,True,False,0,1.12598135e-08,1.0215009e-05,0.9999895,1.9650119e-07
,notumor,2,Testing/notumor/Te-no_0139.jpg,test,other size,True,False,0,4.319192e-07,1.3593062e-06,0.9999982,3.213192e-08
,notumor,2,Testing/notumor/Te-no_0140.jpg,test,other size,True,False,0,2.5653064e-09,2.5889315e-06,0.99999726,1.4049832e-07
,notumor,2,Testing/notumor/Te-no_0141.jpg,test,other size,True,False,0,6.5907957e-10,4.3670365e-08,1.0,8.415109e-13
,notumor,2,Testing/notumor/Te-no_0142.jpg,test,other size,True,False,0,1.3699611e-09,2.054494e-08,1.0,5.8016356e-09
,notumor,2,Testing/notumor/Te-no_0143.jpg,test,other size,True,False,0,2.2034628e-10,2.870212e-08,1.0,8.510701e-09
,notumor,2,Testing/notumor/Te-no_0144.jpg,test,other size,True,False,0,4.8249194e-10,4.1570605e-08,1.0,5.623472e-12
,notumor,2,Testing/notumor/Te-no_0145.jpg,test,other size,True,False,0,4.015582e-08,3.4745533e-08,0.9999999,5.8136507e-10
,notumor,2,Testing/notumor/Te-no_0146.jpg,test,other size,True,False,0,6.985739e-08,3.1710408e-06,0.9999968,1.7397896e-09
,notumor,2,Testing/notumor/Te-no_0147.jpg,test,other size,True,False,0,1.2214538e-08,4.252094e-06,0.99999547,2.2570265e-07
,notumor,2,Testing/notumor/Te-no_0148.jpg,test,other size,True,False,0,3.445174e-05,0.00044056174,0.9994874,3.7563073e-05
,notumor,2,Testing/notumor/Te-no_0149.jpg,test,other size,True,False,0,4.6930018e-07,0.00026909081,0.9997036,2.6755404e-05
,notumor,2,Testing/notumor/Te-no_0150.jpg,test,other size,True,False,0,7.0431463e-07,7.941898e-05,0.99991965,2.8457808e-07
,notumor,2,Testing/notumor/Te-no_0151.jpg,test,other size,True,False,0,1.339424e-08,1.558081e-07,0.9999999,2.583411e-10
,notumor,2,Testing/notumor/Te-no_0152.jpg,test,other size,True,False,0,8.15215e-08,1.67549e-06,0.9999982,4.816194e-10
,notumor,2,Testing/notumor/Te-no_0153.jpg,test,other size,True,False,0,4.206588e-10,2.3786951e-08,1.0,3.6408697e-12
,notumor,2,Testing/notumor/Te-no_0154.jpg,test,other size,True,False,0,6.990513e-10,2.8286198e-08,1.0,1.863527e-11
,notumor,2,Testing/notumor/Te-no_0155.jpg,test,other size,True,False,0,2.8135652e-11,7.052137e-08,0.9999999,1.5792994e-08
,notumor,2,Testing/notumor/Te-no_0156.jpg,test,other size,True,False,0,2.2820475e-07,2.1839558e-06,0.9999976,3.575095e-08
,notumor,2,Testing/notumor/Te-no_0157.jpg,test,other size,True,False,0,1.578919e-13,7.529323e-10,1.0,6.0862914e-13
,notumor,2,Testing/notumor/Te-no_0158.jpg,test,other size,True,False,0,2.3374317e-07,1.6274689e-06,0.9999981,2.1198672e-09
,notumor,2,Testing/notumor/Te-no_0159.jpg,test,other size,True,False,0,3.018563e-10,6.723933e-09,1.0,3.1131716e-13
,notumor,2,Testing/notumor/Te-no_0160.jpg,test,other size,True,False,0,2.099802e-09,3.7519368e-07,0.99999964,5.3314206e-08
,notumor,2,Testing/notumor/Te-no_0161.jpg,test,other size,True,False,0,8.7062347e-07,4.040457e-06,0.99998426,1.0819445e-05
,notumor,2,Testing/notumor/Te-no_0162.jpg,test,other size,True,False,0,2.0172247e-12,5.0835127e-09,1.0,3.2071127e-11
,notumor,2,Testing/notumor/Te-no_0163.jpg,test,other size,True,False,0,6.4410256e-06,2.2692884e-06,0.9999913,1.801204e-09
,notumor,2,Testing/notumor/Te-no_0164.jpg,test,other size,True,False,0,4.117473e-09,4.463271e-06,0.99999535,1.9497759e-07
,notumor,2,Testing/notumor/Te-no_0165.jpg,test,other size,True,False,0,5.3217236e-10,2.6764454e-07,0.99999976,4.098266e-08
,notumor,2,Testing/notumor/Te-no_0166.jpg,test,other size,True,False,0,5.1501882e-08,7.405616e-07,0.99999917,4.2728004e-08
,notumor,2,Testing/notumor/Te-no_0167.jpg,test,other size,True,False,0,1.93647e-09,1.2255379e-07,0.9999999,4.2957755e-11
,notumor,2,Testing/notumor/Te-no_0168.jpg,test,other size,True,False,0,9.7132734e-08,0.00020897949,0.99979097,1.8783584e-08
,notumor,2,Testing/notumor/Te-no_0169.jpg,test,other size,True,False,0,5.4048193e-09,3.7865385e-07,0.99999964,2.5827845e-10
,notumor,2,Testing/notumor/Te-no_0170.jpg,test,other size,True,False,0,5.4649153e-08,3.062409e-05,0.99996936,1.533337e-11
,notumor,2,Testing/notumor/Te-no_0171.jpg,test,other size,True,False,0,4.0289514e-08,1.2163444e-07,0.9999994,5.095785e-07
,notumor,2,Testing/notumor/Te-no_0172.jpg,test,other size,True,False,0,2.2809528e-10,5.450239e-08,1.0,3.3053896e-12
,notumor,2,Testing/notumor/Te-no_0173.jpg,test,other size,True,False,0,9.5087046e-08,2.7777844e-07,0.9999993,2.987475e-07
,notumor,2,Testing/notumor/Te-no_0174.jpg,test,other size,True,False,0,2.2192589e-08,1.0309137e-05,0.9999896,6.4564043e-09
,notumor,2,Testing/notumor/Te-no_0175.jpg,test,other size,True,False,0,1.7714535e-09,9.35903e-07,0.99999905,6.787425e-09
,notumor,2,Testing/notumor/Te-no_0176.jpg,test,other size,True,False,0,4.463313e-08,5.6801635e-08,0.9999999,1.4348342e-08
,notumor,2,Testing/notumor/Te-no_0177.jpg,test,other size,True,False,0,2.6448438e-07,3.2785443e-05,0.999967,1.7215703e-08
,notumor,2,Testing/notumor/Te-no_0178.jpg,test,other size,True,False,0,3.0248664e-08,1.5096226e-06,0.99999845,1.8212164e-08
,notumor,2,Testing/notumor/Te-no_0179.jpg,test,other size,True,False,0,1.4468793e-07,6.3157864e-07,0.99999917,8.505662e-09
,notumor,2,Testing/notumor/Te-no_0180.jpg,test,other size,True,False,0,2.2387972e-05,4.8408543e-05,0.99992716,1.978587e-06
,notumor,2,Testing/notumor/Te-no_0181.jpg,test,other size,True,False,0,5.4864665e-07,1.0682135e-06,0.99999833,2.1532046e-10
,notumor,2,Testing/notumor/Te-no_0182.jpg,test,other size,True,False,0,1.3353464e-07,7.964564e-07,0.9999964,2.6331775e-06
,notumor,2,Testing/notumor/Te-no_0183.jpg,test,other size,True,False,0,3.4310978e-07,5.1175566e-06,0.9999945,3.2504468e-09
,notumor,2,Testing/notumor/Te-no_0184.jpg,test,other size,True,False,0,3.5147445e-05,1.4556301e-05,0.9999503,2.4028344e-09
,notumor,2,Testing/notumor/Te-no_0185.jpg,test,other size,True,False,0,3.872791e-11,2.1298849e-10,1.0,1.8822822e-14
,notumor,2,Testing/notumor/Te-no_0186.jpg,test,other size,True,False,0,6.984352e-08,3.3572069e-06,0.99999654,4.0362625e-08
,notumor,2,Testing/notumor/Te-no_0187.jpg,test,other size,True,False,0,2.0694488e-08,6.425281e-07,0.99999917,1.1667053e-07
,notumor,2,Testing/notumor/Te-no_0188.jpg,test,other size,True,False,0,9.0139574e-10,6.85722e-07,0.9999993,6.877082e-09
,notumor,2,Testing/notumor/Te-no_0189.jpg,test,other size,True,False,0,1.013877e-09,1.7995607e-07,0.99999976,3.2693157e-09
,notumor,2,Testing/notumor/Te-no_0190.jpg,test,other size,True,False,0,2.4722358e-11,3.070536e-09,1.0,1.9261724e-11
,notumor,2,Testing/notumor/Te-no_0191.jpg,test,other size,True,False,0,1.1014416e-06,6.069773e-06,0.99999285,3.4331652e-08
,notumor,2,Testing/notumor/Te-no_0192.jpg,test,other size,True,False,0,1.9706717e-05,0.00039282136,0.99958605,1.4192341e-06
,notumor,2,Testing/notumor/Te-no_0193.jpg,test,other size,True,False,0,4.8607035e-07,1.5848637e-07,0.9999994,2.0001854e-09
,notumor,2,Testing/notumor/Te-no_0194.jpg,test,other size,True,False,0,1.1313775e-05,6.239706e-06,0.9999825,2.6456707e-08
,notumor,2,Testing/notumor/Te-no_0195.jpg,test,other size,True,False,0,4.504376e-10,2.4372136e-08,1.0,2.347541e-12
,notumor,2,Testing/notumor/Te-no_0196.jpg,test,other size,True,False,0,3.041433e-07,7.962437e-05,0.9998903,2.9732348e-05
,notumor,2,Testing/notumor/Te-no_0197.jpg,test,other size,True,False,0,6.346423e-07,1.0830711e-06,0.99999833,5.3700293e-09
,notumor,2,Testing/notumor/Te-no_0198.jpg,test,other size,True,False,0,4.832262e-09,7.0691564e-09,1.0,1.0476624e-09
,notumor,2,Testing/notumor/Te-no_0199.jpg,test,other size,True,False,0,7.8448075e-08,1.5458197e-07,0.9999995,2.0631018e-07
,notumor,2,Testing/notumor/Te-no_0200.jpg,test,other size,True,False,0,2.0906137e-08,1.1822066e-06,0.9999987,1.1049531e-07
,notumor,2,Testing/notumor/Te-no_0201.jpg,test,other size,True,False,0,2.6518726e-05,0.0038015968,0.9961719,5.0943e-08
,notumor,2,Testing/notumor/Te-no_0202.jpg,test,other size,True,False,0,3.1135153e-10,4.3200936e-09,1.0,6.5339856e-13
,notumor,2,Testing/notumor/Te-no_0203.jpg,test,other size,True,False,0,6.672354e-05,7.261837e-06,0.999926,5.6854343e-08
,notumor,2,Testing/notumor/Te-no_0204.jpg,test,other size,True,False,0,2.2349548e-08,0.000145587,0.9998542,1.0126057e-07
,notumor,2,Testing/notumor/Te-no_0205.jpg,test,other size,True,False,0,3.8011173e-08,1.2116321e-06,0.9999987,5.988878e-08
,notumor,2,Testing/notumor/Te-no_0206.jpg,test,other size,True,False,0,3.416998e-09,4.27916e-06,0.9999957,1.6711418e-08
,notumor,2,Testing/notumor/Te-no_0207.jpg,test,other size,True,False,0,6.1495434e-11,4.167697e-09,1.0,4.4075582e-10
,notumor,2,Testing/notumor/Te-no_0208.jpg,test,other size,True,False,0,1.3968858e-12,4.5298982e-09,1.0,1.871151e-09
,notumor,2,Testing/notumor/Te-no_0209.jpg,test,other size,True,False,0,1.04812534e-10,2.8387765e-07,0.99999976,9.063428e-09
,notumor,2,Testing/notumor/Te-no_0210.jpg,test,other size,True,False,0,1.2025351e-06,2.4641781e-06,0.9999963,3.4848993e-09
,notumor,2,Testing/notumor/Te-no_0211.jpg,test,other size,True,False,0,9.272201e-08,2.5246218e-05,0.999974,6.158492e-07
,notumor,2,Testing/notumor/Te-no_0212.jpg,test,other size,True,False,0,1.9558934e-11,4.3605084e-09,1.0,1.9585682e-09
,notumor,2,Testing/notumor/Te-no_0213.jpg,test,other size,True,False,0,1.5101044e-05,4.44731e-06,0.99998045,3.1020633e-09
,notumor,2,Testing/notumor/Te-no_0214.jpg,test,other size,True,False,0,9.7756626e-08,4.6263776e-05,0.99994695,6.618949e-06
,notumor,2,Testing/notumor/Te-no_0215.jpg,test,other size,True,False,0,7.902623e-09,6.389158e-07,0.9999994,2.5965278e-08
,notumor,2,Testing/notumor/Te-no_0216.jpg,test,other size,True,False,0,1.694212e-06,0.0007063268,0.99929166,2.0021255e-07
,notumor,2,Testing/notumor/Te-no_0217.jpg,test,other size,True,False,0,3.1421415e-08,3.004035e-07,0.99999964,1.0169519e-10
,notumor,2,Testing/notumor/Te-no_0218.jpg,test,other size,True,False,0,7.004768e-05,0.00029105428,0.999637,1.907392e-06
,notumor,2,Testing/notumor/Te-no_0219.jpg,test,other size,True,False,0,1.27863e-06,2.9510218e-05,0.99996924,1.9613388e-08
,notumor,2,Testing/notumor/Te-no_0220.jpg,test,other size,True,False,0,1.14202464e-07,0.00015300652,0.9998468,2.2404803e-10
,notumor,2,Testing/notumor/Te-no_0221.jpg,test,other size,True,False,0,6.73853e-07,2.8047065e-05,0.9999713,1.3687909e-09
,notumor,2,Testing/notumor/Te-no_0222.jpg,test,other size,True,False,0,5.3730105e-06,6.7066205e-05,0.99992144,6.0970874e-06
,notumor,2,Testing/notumor/Te-no_0223.jpg,test,other size,True,False,0,4.0704975e-08,4.3017775e-05,0.99995685,9.402637e-08
,notumor,2,Testing/notumor/Te-no_0224.jpg,test,512x512,True,False,0,5.266212e-08,3.8459802e-05,0.9999614,8.25885e-08
,notumor,2,Testing/notumor/Te-no_0225.jpg,test,other size,True,False,0,4.00391e-09,2.9751511e-06,0.999985,1.205019e-05
,notumor,2,Testing/notumor/Te-no_0226.jpg,test,other size,True,False,0,3.8944668e-07,2.7312739e-05,0.99997175,5.468758e-07
,notumor,2,Testing/notumor/Te-no_0227.jpg,test,other size,True,False,0,1.1412321e-08,1.3158252e-05,0.99998665,2.4792152e-07
,notumor,2,Testing/notumor/Te-no_0228.jpg,test,other size,True,False,0,5.0731545e-05,7.487204e-05,0.9954699,0.0044044945
,notumor,2,Testing/notumor/Te-no_0229.jpg,test,other size,False,False,0,4.679255e-10,2.9579414e-07,0.99999964,6.990544e-08
,notumor,2,Testing/notumor/Te-no_0230.jpg,test,other size,True,False,0,3.0617294e-08,1.1583875e-07,0.99999976,6.0431695e-08
,notumor,2,Testing/notumor/Te-no_0231.jpg,test,other size,True,False,0,7.918797e-09,1.3849186e-05,0.99998605,1.14525946e-07
,notumor,2,Testing/notumor/Te-no_0232.jpg,test,other size,True,False,0,0.00011144326,0.00027546455,0.99960667,6.4349265e-06
,notumor,2,Testing/notumor/Te-no_0233.jpg,test,other size,True,False,0,1.3647356e-06,3.768657e-05,0.9999609,1.7420424e-08
,notumor,2,Testing/notumor/Te-no_0234.jpg,test,other size,True,False,0,2.7214103e-08,1.5069903e-06,0.99999845,3.260378e-11
,notumor,2,Testing/notumor/Te-no_0235.jpg,test,other size,True,False,0,1.8044186e-05,5.299848e-06,0.99997663,6.950027e-10
,notumor,2,Testing/notumor/Te-no_0236.jpg,test,other size,True,False,0,7.834812e-07,8.402148e-06,0.99999046,3.1166866e-07
,notumor,2,Testing/notumor/Te-no_0237.jpg,test,other size,True,False,0,8.999859e-05,0.0002979922,0.99958354,2.8533803e-05
,notumor,2,Testing/notumor/Te-no_0238.jpg,test,other size,True,False,0,9.806982e-08,1.4677199e-06,0.99999464,3.7626048e-06
,notumor,2,Testing/notumor/Te-no_0239.jpg,test,other size,True,False,0,1.398584e-06,1.2154834e-05,0.9999864,1.6122245e-08
,notumor,2,Testing/notumor/Te-no_0240.jpg,test,other size,True,False,0,1.4177485e-05,7.576539e-05,0.99990964,4.0283612e-07
,notumor,2,Testing/notumor/Te-no_0241.jpg,test,other size,True,False,0,5.4479407e-12,4.072832e-08,1.0,1.0845354e-08
,notumor,2,Testing/notumor/Te-no_0242.jpg,test,other size,True,False,0,2.1732122e-08,2.847588e-07,0.99999964,2.302891e-11
,notumor,2,Testing/notumor/Te-no_0243.jpg,test,other size,True,False,0,1.5845975e-05,7.7623345e-06,0.9999764,1.2381162e-09
,notumor,2,Testing/notumor/Te-no_0244.jpg,test,other size,True,False,0,5.890223e-08,2.9207604e-07,0.99999964,4.072982e-10
,notumor,2,Testing/notumor/Te-no_0245.jpg,test,other size,True,False,0,5.3089295e-08,6.803675e-06,0.9999931,2.9727104e-08
,notumor,2,Testing/notumor/Te-no_0246.jpg,test,other size,False,False,0,2.140757e-08,1.5210942e-07,0.9999999,7.008278e-11
,notumor,2,Testing/notumor/Te-no_0247.jpg,test,other size,False,False,0,7.3043666e-10,1.8399166e-07,0.99999976,3.1576466e-09
,notumor,2,Testing/notumor/Te-no_0248.jpg,test,other size,True,False,0,5.825982e-10,2.636572e-07,0.99999976,8.804437e-09
,notumor,2,Testing/notumor/Te-no_0249.jpg,test,other size,True,False,0,1.10931986e-10,5.303435e-10,1.0,7.1904654e-14
,notumor,2,Testing/notumor/Te-no_0250.jpg,test,other size,True,False,0,1.1638844e-08,2.6400116e-06,0.9999974,5.790694e-10
,notumor,2,Testing/notumor/Te-no_0251.jpg,test,other size,True,False,0,1.6874699e-10,1.5205279e-08,1.0,3.466955e-11
,notumor,2,Testing/notumor/Te-no_0252.jpg,test,other size,True,False,0,7.7455924e-13,1.15240955e-08,1.0,2.7885728e-11
,notumor,2,Testing/notumor/Te-no_0253.jpg,test,other size,True,False,0,6.4225545e-09,4.558373e-06,0.99999535,7.450226e-08
,notumor,2,Testing/notumor/Te-no_0254.jpg,test,other size,True,False,0,1.2105445e-08,6.917939e-08,0.9999999,8.2789026e-11
,notumor,2,Testing/notumor/Te-no_0255.jpg,test,other size,True,False,0,2.3161814e-05,0.0004408802,0.9995123,2.3642146e-05
,notumor,2,Testing/notumor/Te-no_0256.jpg,test,other size,True,False,0,1.2606554e-06,9.5221986e-07,0.99999774,1.6015523e-08
,notumor,2,Testing/notumor/Te-no_0257.jpg,test,other size,True,False,0,6.0912614e-13,3.2219012e-11,1.0,5.956397e-15
,notumor,2,Testing/notumor/Te-no_0258.jpg,test,other size,True,False,0,3.984915e-09,1.2621696e-07,0.9999999,1.5405006e-12
,notumor,2,Testing/notumor/Te-no_0259.jpg,test,other size,True,False,0,1.0373388e-09,1.1262144e-08,1.0,5.344238e-09
,notumor,2,Testing/notumor/Te-no_0260.jpg,test,other size,True,False,0,1.5200324e-09,1.0201693e-06,0.9999989,6.8835326e-10
,notumor,2,Testing/notumor/Te-no_0261.jpg,test,other size,True,False,0,1.2478544e-06,3.852018e-06,0.9999845,1.0407622e-05
,notumor,2,Testing/notumor/Te-no_0262.jpg,test,other size,True,False,0,1.03516214e-07,1.085353e-05,0.99998903,1.49633e-08
,notumor,2,Testing/notumor/Te-no_0263.jpg,test,other size,True,False,0,1.436171e-07,9.883191e-07,0.9999989,1.0125643e-08
,notumor,2,Testing/notumor/Te-no_0264.jpg,test,other size,True,False,0,7.994685e-06,1.4187285e-05,0.9999778,5.107427e-08
,notumor,2,Testing/notumor/Te-no_0265.jpg,test,other size,True,False,0,9.5537314e-14,1.5418075e-10,1.0,6.186698e-14
,notumor,2,Testing/notumor/Te-no_0266.jpg,test,other size,True,False,0,1.6577975e-07,3.167961e-07,0.99999845,1.1067367e-06
,notumor,2,Testing/notumor/Te-no_0267.jpg,test,512x512,True,False,0,1.1811946e-08,2.529186e-07,0.99999976,1.1652564e-10
,notumor,2,Testing/notumor/Te-no_0268.jpg,test,other size,False,False,0,8.6855544e-11,1.1619598e-08,1.0,1.6024312e-10
,notumor,2,Testing/notumor/Te-no_0269.jpg,test,other size,True,False,0,1.1306732e-06,4.87688e-07,0.99999833,9.617104e-10
,notumor,2,Testing/notumor/Te-no_0270.jpg,test,other size,True,False,0,1.4091138e-10,4.7944653e-09,1.0,3.1044187e-10
,notumor,2,Testing/notumor/Te-no_0271.jpg,test,other size,True,False,0,8.111395e-14,4.7766907e-10,1.0,6.3306044e-12
,notumor,2,Testing/notumor/Te-no_0272.jpg,test,other size,True,False,0,1.4240449e-07,1.0708508e-06,0.9999988,8.0498136e-10
,notumor,2,Testing/notumor/Te-no_0273.jpg,test,other size,True,False,0,1.9293676e-08,3.4223872e-06,0.99999654,3.858816e-13
,notumor,2,Testing/notumor/Te-no_0274.jpg,test,other size,True,False,0,1.3359848e-08,8.7572635e-06,0.99999034,8.5014113e-07
,notumor,2,Testing/notumor/Te-no_0275.jpg,test,other size,True,False,0,7.6783974e-10,2.6758217e-08,1.0,2.594696e-09
,notumor,2,Testing/notumor/Te-no_0276.jpg,test,other size,True,False,0,2.0178878e-10,1.3591439e-07,0.9999995,4.0571624e-07
,notumor,2,Testing/notumor/Te-no_0277.jpg,test,other size,True,False,0,4.9238886e-05,0.00025568332,0.9996636,3.143017e-05
,notumor,2,Testing/notumor/Te-no_0278.jpg,test,other size,True,False,0,5.1965884e-12,2.9990378e-11,1.0,2.914578e-15
,notumor,2,Testing/notumor/Te-no_0279.jpg,test,other size,True,False,0,1.2764139e-12,2.492278e-10,1.0,2.772469e-13
,notumor,2,Testing/notumor/Te-no_0280.jpg,test,other size,True,False,0,5.261656e-12,3.803376e-09,1.0,2.9565374e-11
,notumor,2,Testing/notumor/Te-no_0281.jpg,test,other size,True,False,0,3.444988e-13,1.0636616e-09,1.0,2.0731047e-12
,notumor,2,Testing/notumor/Te-no_0282.jpg,test,other size,True,False,0,5.293671e-07,1.0862075e-06,0.99999833,5.4354854e-09
,notumor,2,Testing/notumor/Te-no_0283.jpg,test,other size,True,False,0,1.0116328e-08,2.5805804e-07,0.99999976,7.089854e-13
,notumor,2,Testing/notumor/Te-no_0284.jpg,test,other size,True,False,0,2.342575e-09,7.256759e-08,0.9999999,1.4418133e-08
,notumor,2,Testing/notumor/Te-no_0285.jpg,test,other size,True,False,0,3.5939493e-10,5.4301577e-09,1.0,4.1849724e-10
,notumor,2,Testing/notumor/Te-no_0286.jpg,test,other size,True,False,0,3.8558735e-08,6.734383e-08,0.9999999,1.1869175e-08
,notumor,2,Testing/notumor/Te-no_0287.jpg,test,other size,True,False,0,6.893427e-07,0.00013038059,0.99986875,7.0306776e-08
,notumor,2,Testing/notumor/Te-no_0288.jpg,test,other size,True,False,0,2.824337e-06,8.362833e-06,0.99998856,2.791809e-07
,notumor,2,Testing/notumor/Te-no_0289.jpg,test,other size,True,False,0,8.924411e-09,1.9397417e-07,0.99999976,1.5595806e-09
,notumor,2,Testing/notumor/Te-no_0290.jpg,test,other size,True,False,0,9.687476e-09,1.1722977e-06,0.9999988,5.111949e-12
,notumor,2,Testing/notumor/Te-no_0291.jpg,test,other size,True,False,0,1.8976398e-09,2.328504e-08,1.0,2.457538e-12
,notumor,2,Testing/notumor/Te-no_0292.jpg,test,other size,True,False,0,4.85688e-07,1.541668e-05,0.99998415,3.8079488e-08
,notumor,2,Testing/notumor/Te-no_0293.jpg,test,other size,True,False,0,2.1605398e-10,3.3821666e-06,0.99999654,1.3942811e-07
,notumor,2,Testing/notumor/Te-no_0294.jpg,test,other size,True,False,0,3.4250647e-08,3.9952943e-07,0.9999995,2.9868588e-08
,notumor,2,Testing/notumor/Te-no_0295.jpg,test,other size,True,False,0,8.638675e-09,1.4128176e-07,0.9999999,2.794079e-10
,notumor,2,Testing/notumor/Te-no_0296.jpg,test,other size,True,False,0,5.1329207e-06,3.585108e-05,0.99995863,4.159643e-07
,notumor,2,Testing/notumor/Te-no_0297.jpg,test,other size,True,False,0,2.8955665e-08,1.7332699e-06,0.9999982,1.454478e-08
,notumor,2,Testing/notumor/Te-no_0298.jpg,test,other size,True,False,0,3.001672e-08,4.743548e-06,0.99999523,1.772252e-08
,notumor,2,Testing/notumor/Te-no_0299.jpg,test,other size,True,False,0,1.0732566e-08,1.3880682e-08,1.0,9.774293e-09
,notumor,2,Testing/notumor/Te-no_0300.jpg,test,other size,True,False,0,4.7097515e-08,5.2323517e-06,0.99999475,4.443515e-08
,notumor,2,Testing/notumor/Te-no_0301.jpg,test,other size,True,False,0,1.6131997e-07,3.905517e-07,0.9999994,1.5366111e-09
,notumor,2,Testing/notumor/Te-no_0302.jpg,test,other size,True,False,0,1.8103147e-08,1.0621618e-06,0.9999989,2.2809004e-08
,notumor,2,Testing/notumor/Te-no_0303.jpg,test,other size,True,False,0,4.1160355e-08,5.317968e-06,0.99999464,1.2100457e-09
,notumor,2,Testing/notumor/Te-no_0304.jpg,test,other size,True,False,0,4.9752088e-11,6.926746e-08,0.9999999,3.1751448e-08
,notumor,2,Testing/notumor/Te-no_0305.jpg,test,other size,True,False,0,7.887085e-13,4.206253e-09,1.0,1.8591907e-09
,notumor,2,Testing/notumor/Te-no_0306.jpg,test,other size,True,False,0,7.2931e-11,3.3625923e-07,0.99999964,3.5100869e-09
,notumor,2,Testing/notumor/Te-no_0307.jpg,test,other size,True,False,0,3.0754714e-07,0.0001356866,0.9998579,6.135225e-06
,notumor,2,Testing/notumor/Te-no_0308.jpg,test,other size,True,False,0,1.3820852e-07,3.0404357e-05,0.9999695,4.466985e-11
,notumor,2,Testing/notumor/Te-no_0309.jpg,test,other size,True,False,0,7.3080805e-08,4.075026e-06,0.9999958,1.400414e-09
,notumor,2,Testing/notumor/Te-no_0310.jpg,test,other size,True,False,0,7.502497e-08,2.6085247e-05,0.999966,7.8448e-06
,notumor,2,Testing/notumor/Te-no_0311.jpg,test,other size,True,False,0,4.3189266e-06,0.00011679595,0.9998313,4.760691e-05
,notumor,2,Testing/notumor/Te-no_0312.jpg,test,other size,True,False,0,1.546501e-05,1.064339e-05,0.9999739,1.375177e-09
,notumor,2,Testing/notumor/Te-no_0313.jpg,test,other size,True,False,0,0.0002156111,4.1979405e-05,0.9997421,3.9461165e-07
,notumor,2,Testing/notumor/Te-no_0314.jpg,test,other size,True,False,0,1.66491e-08,4.1262684e-08,1.0,8.6981214e-11
,notumor,2,Testing/notumor/Te-no_0315.jpg,test,other size,True,False,0,2.6148502e-08,1.0072171e-06,0.9999988,1.4544379e-07
,notumor,2,Testing/notumor/Te-no_0316.jpg,test,other size,True,False,0,2.299431e-13,2.7100835e-10,1.0,3.1882935e-13
,notumor,2,Testing/notumor/Te-no_0317.jpg,test,other size,True,False,0,2.0035367e-11,1.8218088e-09,1.0,1.1803013e-11
,notumor,2,Testing/notumor/Te-no_0318.jpg,test,other size,True,False,0,3.2854848e-06,2.1465248e-06,0.9999945,1.7561263e-08
,notumor,2,Testing/notumor/Te-no_0319.jpg,test,other size,True,False,0,1.9602095e-07,5.25041e-06,0.9999945,4.899792e-09
,notumor,2,Testing/notumor/Te-no_0320.jpg,test,other size,True,False,0,3.924773e-07,0.00019028323,0.9997985,1.0792406e-05
,notumor,2,Testing/notumor/Te-no_0321.jpg,test,other size,True,False,0,1.09621766e-07,6.2196805e-06,0.99998856,5.148022e-06
,notumor,2,Testing/notumor/Te-no_0322.jpg,test,other size,True,False,0,4.729073e-09,6.562112e-09,1.0,8.7407676e-10
,notumor,2,Testing/notumor/Te-no_0323.jpg,test,other size,True,False,0,1.2038834e-07,2.6179305e-07,0.9999987,8.987597e-07
,notumor,2,Testing/notumor/Te-no_0324.jpg,test,other size,False,False,0,2.8885607e-08,2.3796163e-08,1.0,2.9152888e-08
,notumor,2,Testing/notumor/Te-no_0325.jpg,test,other size,True,False,0,7.1965064e-07,9.706874e-06,0.9999893,4.1066758e-07
,notumor,2,Testing/notumor/Te-no_0326.jpg,test,other size,True,False,0,5.87983e-12,8.172894e-10,1.0,2.5298943e-10
,notumor,2,Testing/notumor/Te-no_0327.jpg,test,other size,True,False,0,5.522533e-13,2.7997663e-10,1.0,3.852233e-13
,notumor,2,Testing/notumor/Te-no_0328.jpg,test,other size,False,False,0,1.55985e-11,6.159081e-09,1.0,1.4795458e-11
,notumor,2,Testing/notumor/Te-no_0329.jpg,test,other size,True,False,0,6.9480693e-10,2.781909e-09,1.0,1.3673394e-10
,notumor,2,Testing/notumor/Te-no_0330.jpg,test,other size,True,False,0,4.004368e-07,3.3299461e-06,0.9999963,1.2204533e-08
,notumor,2,Testing/notumor/Te-no_0331.jpg,test,other size,True,False,0,2.8905218e-08,1.6565875e-07,0.99999976,5.6072126e-12
,notumor,2,Testing/notumor/Te-no_0332.jpg,test,other size,True,False,0,3.1456022e-08,4.157163e-08,0.9999999,2.4771374e-09
,notumor,2,Testing/notumor/Te-no_0333.jpg,test,other size,True,False,0,2.1589825e-09,1.02004565e-08,0.99999976,2.7694432e-07
,notumor,2,Testing/notumor/Te-no_0334.jpg,test,other size,True,False,0,7.6225315e-06,8.711143e-06,0.99998367,8.4036325e-09
,notumor,2,Testing/notumor/Te-no_0335.jpg,test,other size,True,False,0,4.7046717e-10,4.7225654e-09,1.0,1.0408769e-12
,notumor,2,Testing/notumor/Te-no_0336.jpg,test,other size,True,False,0,3.631484e-08,6.175174e-07,0.9999993,1.6114821e-07
,notumor,2,Testing/notumor/Te-no_0337.jpg,test,other size,True,False,0,8.651623e-08,2.1016138e-05,0.9999789,3.1998446e-09
,notumor,2,Testing/notumor/Te-no_0338.jpg,test,other size,True,False,0,4.205826e-10,4.202262e-08,1.0,1.5413988e-10
,notumor,2,Testing/notumor/Te-no_0339.jpg,test,other size,True,False,0,1.6988995e-05,0.033040572,0.96694237,1.6928878e-07
,notumor,2,Testing/notumor/Te-no_0340.jpg,test,other size,True,False,0,1.278232e-11,1.2245027e-09,1.0,9.919834e-12
,notumor,2,Testing/notumor/Te-no_0341.jpg,test,other size,True,False,0,6.749482e-08,3.4671255e-05,0.9999621,3.254788e-06
,notumor,2,Testing/notumor/Te-no_0342.jpg,test,other size,True,False,0,2.6012342e-06,4.757848e-06,0.9999926,4.8270152e-08
,notumor,2,Testing/notumor/Te-no_0343.jpg,test,other size,True,False,0,1.2286509e-07,9.3039016e-05,0.9999027,4.002281e-06
,notumor,2,Testing/notumor/Te-no_0344.jpg,test,other size,True,False,0,2.5957236e-06,6.6706025e-06,0.9999852,5.4648463e-06
,notumor,2,Testing/notumor/Te-no_0345.jpg,test,other size,True,False,0,9.827282e-08,8.208265e-07,0.9999987,3.9944646e-07
,notumor,2,Testing/notumor/Te-no_0346.jpg,test,other size,True,False,0,1.9596844e-05,3.6853544e-05,0.999943,5.026662e-07
,notumor,2,Testing/notumor/Te-no_0347.jpg,test,other size,True,False,0,3.6278482e-08,1.2375235e-05,0.9999876,5.3506016e-11
,notumor,2,Testing/notumor/Te-no_0348.jpg,test,other size,True,False,0,4.54721e-08,1.7881182e-05,0.999982,7.2736455e-08
,notumor,2,Testing/notumor/Te-no_0349.jpg,test,other size,True,False,0,1.8994923e-07,4.4067315e-06,0.99999535,9.3061985e-09
,notumor,2,Testing/notumor/Te-no_0350.jpg,test,other size,True,False,0,5.6050307e-05,3.4012934e-05,0.9979393,0.001970668
,notumor,2,Testing/notumor/Te-no_0351.jpg,test,other size,True,False,0,9.475476e-08,3.403931e-06,0.99999654,2.1390143e-09
,notumor,2,Testing/notumor/Te-no_0352.jpg,test,other size,True,False,0,7.2860057e-06,3.6020203e-05,0.9999566,1.6305341e-07
,notumor,2,Testing/notumor/Te-no_0353.jpg,test,other size,True,False,0,1.4755723e-05,0.0003512232,0.99963284,1.2256132e-06
,notumor,2,Testing/notumor/Te-no_0354.jpg,test,other size,True,False,0,6.8660306e-06,5.2685123e-06,0.99998784,3.6794086e-09
,notumor,2,Testing/notumor/Te-no_0355.jpg,test,other size,True,False,0,3.672975e-08,2.5064588e-07,0.99999976,5.0983656e-10
,notumor,2,Testing/notumor/Te-no_0356.jpg,test,other size,True,False,0,1.1476137e-07,5.694794e-07,0.9999968,2.4615485e-06
,notumor,2,Testing/notumor/Te-no_0357.jpg,test,other size,True,False,0,1.3789799e-08,7.149255e-08,0.9999999,3.391024e-08
,notumor,2,Testing/notumor/Te-no_0358.jpg,test,other size,True,False,0,2.7068693e-06,2.0585465e-05,0.99997675,1.8621648e-08
,notumor,2,Testing/notumor/Te-no_0359.jpg,test,other size,True,False,0,1.085159e-06,2.94257e-06,0.99999595,4.66645e-09
,notumor,2,Testing/notumor/Te-no_0360.jpg,test,other size,True,False,0,3.5608252e-07,1.0888085e-06,0.99999833,2.193901e-07
,notumor,2,Testing/notumor/Te-no_0361.jpg,test,512x512,True,False,0,5.969107e-08,2.471505e-06,0.9999975,3.2507355e-09
,notumor,2,Testing/notumor/Te-no_0362.jpg,test,other size,True,False,0,2.2205617e-07,3.579467e-06,0.99999607,9.3449515e-08
,notumor,2,Testing/notumor/Te-no_0363.jpg,test,other size,True,False,0,9.701612e-07,3.5465587e-07,0.9999987,9.48044e-10
,notumor,2,Testing/notumor/Te-no_0364.jpg,test,other size,True,False,0,9.337988e-10,5.6709086e-07,0.9999994,1.0826891e-08
,notumor,2,Testing/notumor/Te-no_0365.jpg,test,other size,True,False,0,0.00028873674,5.5479388e-05,0.99965537,4.6984582e-07
,notumor,2,Testing/notumor/Te-no_0366.jpg,test,other size,True,False,0,1.16133656e-07,9.564512e-07,0.9999989,6.5321353e-09
,notumor,2,Testing/notumor/Te-no_0367.jpg,test,other size,True,False,0,2.476802e-10,4.9582627e-06,0.99999475,2.2655777e-07
,notumor,2,Testing/notumor/Te-no_0368.jpg,test,other size,True,False,0,1.4314746e-12,9.345589e-09,1.0,5.829493e-11
,notumor,2,Testing/notumor/Te-no_0369.jpg,test,other size,True,False,0,4.568695e-08,1.835755e-08,0.9999999,1.6335251e-10
,notumor,2,Testing/notumor/Te-no_0370.jpg,test,other size,True,False,0,3.104949e-08,4.3474973e-08,0.9999999,1.5225866e-10
,notumor,2,Testing/notumor/Te-no_0371.jpg,test,other size,True,False,0,8.412556e-09,3.0164685e-07,0.99999964,7.882533e-11
,notumor,2,Testing/notumor/Te-no_0372.jpg,test,other size,True,False,0,1.6926242e-07,4.3206475e-07,0.9999994,5.655335e-10
,notumor,2,Testing/notumor/Te-no_0373.jpg,test,other size,True,False,0,9.1518064e-11,1.6586018e-09,1.0,1.0937861e-08
,notumor,2,Testing/notumor/Te-no_0374.jpg,test,other size,True,False,0,2.6539763e-07,1.7455812e-06,0.999998,1.1190132e-08
,notumor,2,Testing/notumor/Te-no_0375.jpg,test,other size,True,False,0,8.831247e-08,4.2860124e-06,0.9999956,4.1441126e-09
,notumor,2,Testing/notumor/Te-no_0376.jpg,test,other size,True,False,0,5.5780684e-13,3.7826975e-10,1.0,1.1724482e-11
,notumor,2,Testing/notumor/Te-no_0377.jpg,test,other size,True,False,0,1.05452536e-07,2.1815863e-06,0.9999975,2.1275524e-07
,notumor,2,Testing/notumor/Te-no_0378.jpg,test,other size,True,False,0,7.075766e-06,5.2665062e-05,0.9999393,8.9976635e-07
,notumor,2,Testing/notumor/Te-no_0379.jpg,test,other size,True,False,0,6.982776e-08,3.39072e-06,0.99999595,5.984205e-07
,notumor,2,Testing/notumor/Te-no_0380.jpg,test,other size,True,False,0,3.7429558e-07,9.500497e-06,0.9999901,1.3454076e-08
,notumor,2,Testing/notumor/Te-no_0381.jpg,test,other size,True,False,0,2.752347e-09,2.1488886e-07,0.99999976,2.3134554e-09
,notumor,2,Testing/notumor/Te-no_0382.jpg,test,other size,True,False,0,1.5865458e-09,1.1589527e-06,0.9999988,1.5940326e-08
,notumor,2,Testing/notumor/Te-no_0383.jpg,test,other size,True,False,0,4.1949662e-07,1.115151e-06,0.99999845,4.3585975e-09
,notumor,2,Testing/notumor/Te-no_0384.jpg,test,other size,True,False,0,3.2885588e-08,6.446722e-06,0.9999932,3.0013638e-07
,notumor,2,Testing/notumor/Te-no_0385.jpg,test,other size,True,False,0,4.0254605e-11,1.7549638e-08,1.0,5.7189626e-12
,notumor,2,Testing/notumor/Te-no_0386.jpg,test,other size,True,False,0,1.654232e-05,0.04808295,0.9519004,1.3478419e-07
,notumor,2,Testing/notumor/Te-no_0387.jpg,test,other size,True,False,0,6.2582143e-07,8.9255145e-06,0.99999034,1.13903724e-07
,notumor,2,Testing/notumor/Te-no_0388.jpg,test,other size,True,False,0,3.583163e-08,6.6780653e-06,0.9999933,6.648116e-12
,notumor,2,Testing/notumor/Te-no_0389.jpg,test,other size,True,False,0,1.982282e-07,7.803125e-05,0.9999175,4.2512797e-06
,notumor,2,Testing/notumor/Te-no_0390.jpg,test,other size,True,False,0,6.107765e-08,1.0082869e-05,0.9999889,8.9570216e-07
,notumor,2,Testing/notumor/Te-no_0391.jpg,test,other size,True,False,0,1.2823642e-10,1.700571e-07,0.9999999,4.7279336e-10
,notumor,2,Testing/notumor/Te-no_0392.jpg,test,other size,True,False,0,2.7790352e-07,4.2377956e-06,0.99999547,1.6950888e-09
,notumor,2,Testing/notumor/Te-no_0393.jpg,test,other size,True,False,0,2.1160136e-05,7.451036e-06,0.9999714,3.0081786e-09
,notumor,2,Testing/notumor/Te-no_0394.jpg,test,other size,True,False,0,1.4585961e-06,1.5399595e-05,0.9999826,5.5194636e-07
,notumor,2,Testing/notumor/Te-no_0395.jpg,test,other size,True,False,0,3.2809737e-08,2.805995e-07,0.99999964,5.104617e-08
,notumor,2,Testing/notumor/Te-no_0396.jpg,test,other size,True,False,0,3.0745456e-12,1.1372898e-09,1.0,6.278694e-11
,notumor,2,Testing/notumor/Te-no_0397.jpg,test,other size,True,False,0,1.7892784e-10,1.12528724e-07,0.9999999,1.852456e-11
,notumor,2,Testing/notumor/Te-no_0398.jpg,test,other size,True,False,0,3.1816417e-13,2.3812893e-10,1.0,1.4113389e-13
,notumor,2,Testing/notumor/Te-no_0399.jpg,test,other size,False,False,0,1.6534421e-11,4.554598e-09,1.0,1.7354286e-11
,notumor,2,Testing/notumor/Te-no_0400.jpg,test,other size,True,False,0,1.0605766e-12,2.1859872e-09,1.0,1.5437239e-09
,notumor,2,Testing/notumor/Te-no_0401.jpg,test,other size,True,False,0,1.989436e-06,3.9508384e-07,0.9999976,9.0030365e-09
,notumor,2,Testing/notumor/Te-no_0402.jpg,test,other size,True,False,0,3.9133432e-05,1.4628577e-05,0.9999461,1.4604629e-07
,notumor,2,Testing/notumor/Te-no_0403.jpg,test,other size,True,False,0,2.9503022e-07,1.4552023e-06,0.9999982,3.854838e-08
,notumor,2,Testing/notumor/Te-no_0404.jpg,test,other size,True,False,0,2.0558618e-08,1.2103303e-07,0.9999999,4.3761405e-12
113274,pituitary,3,Testing/pituitary/Te-piTr_0000.jpg,test,512x512,False,True,0,1.0588606e-10,3.002475e-07,6.0481335e-07,0.99999905
58392,pituitary,3,Testing/pituitary/Te-piTr_0001.jpg,test,512x512,True,True,0,2.0958514e-11,6.95197e-09,1.6368259e-09,1.0
101127,pituitary,3,Testing/pituitary/Te-piTr_0002.jpg,test,512x512,False,True,0,4.212819e-05,0.31979674,3.407698e-05,0.6801271
112746,pituitary,3,Testing/pituitary/Te-piTr_0003.jpg,test,512x512,False,True,0,5.1633298e-09,9.187883e-08,5.7141074e-09,0.9999999
112746,pituitary,3,Testing/pituitary/Te-piTr_0004.jpg,test,512x512,False,True,0,1.6157458e-09,5.6735567e-09,5.980968e-10,1.0
112847,pituitary,3,Testing/pituitary/Te-piTr_0005.jpg,test,512x512,False,True,0,4.7921613e-09,3.9479664e-09,2.9164386e-09,1.0
113274,pituitary,3,Testing/pituitary/Te-piTr_0006.jpg,test,512x512,True,True,0,6.8733317e-07,1.8493658e-07,5.8605987e-09,0.99999917
114040,pituitary,3,Testing/pituitary/Te-piTr_0007.jpg,test,512x512,False,True,0,1.0762471e-06,2.9063388e-06,6.7725173e-06,0.9999893
114361,pituitary,3,Testing/pituitary/Te-piTr_0008.jpg,test,512x512,True,True,0,3.1255796e-09,1.2577708e-06,4.7172684e-08,0.9999987
101029,pituitary,3,Testing/pituitary/Te-piTr_0009.jpg,test,512x512,True,True,0,1.2406134e-07,1.9763993e-05,0.00015464582,0.99982554
101145,pituitary,3,Testing/pituitary/Te-pi_0010.jpg,test,512x512,True,True,0,3.845445e-08,2.4690555e-05,2.0306575e-06,0.9999733
101305,pituitary,3,Testing/pituitary/Te-pi_0011.jpg,test,512x512,True,True,0,3.3635233e-06,1.8025537e-05,0.0001480239,0.9998306
102648,pituitary,3,Testing/pituitary/Te-pi_0012.jpg,test,512x512,True,True,0,1.4441021e-05,7.298528e-07,4.4654212e-07,0.9999844
102648,pituitary,3,Testing/pituitary/Te-pi_0013.jpg,test,512x512,True,True,0,2.228352e-06,3.844651e-08,6.3321575e-09,0.99999774
103257,pituitary,3,Testing/pituitary/Te-pi_0014.jpg,test,512x512,True,True,0,1.6263492e-07,0.00013199846,1.0976372e-05,0.9998568
103257,pituitary,3,Testing/pituitary/Te-pi_0015.jpg,test,512x512,True,True,0,1.1656519e-09,6.623654e-07,2.1681196e-07,0.99999905
103478,pituitary,3,Testing/pituitary/Te-pi_0016.jpg,test,512x512,True,True,0,1.371117e-06,0.01032279,0.000501385,0.9891745
103582,pituitary,3,Testing/pituitary/Te-pi_0017.jpg,test,512x512,False,True,0,3.7198492e-07,0.000115237606,4.202837e-06,0.9998802
103582,pituitary,3,Testing/pituitary/Te-pi_0018.jpg,test,512x512,False,True,0,4.1597037e-09,1.174354e-05,8.168632e-06,0.99998
103671,pituitary,3,Testing/pituitary/Te-pi_0019.jpg,test,512x512,False,True,0,1.693921e-06,0.00022117497,1.2787727e-06,0.9997758
103731,pituitary,3,Testing/pituitary/Te-pi_0020.jpg,test,512x512,False,True,0,8.226286e-06,7.674926e-06,9.896187e-05,0.9998852
103731,pituitary,3,Testing/pituitary/Te-pi_0021.jpg,test,512x512,True,True,0,2.5265328e-07,2.3758335e-07,5.9218864e-06,0.99999356
103731,pituitary,3,Testing/pituitary/Te-pi_0022.jpg,test,512x512,True,True,0,1.97196e-05,7.259747e-07,2.6065694e-05,0.9999534
104019,pituitary,3,Testing/pituitary/Te-pi_0023.jpg,test,512x512,True,True,0,1.8919033e-09,5.1538774e-07,2.7022288e-08,0.9999995
104558,pituitary,3,Testing/pituitary/Te-pi_0024.jpg,test,512x512,False,True,0,3.5641133e-05,7.568218e-05,1.3630999e-05,0.99987507
104558,pituitary,3,Testing/pituitary/Te-pi_0025.jpg,test,512x512,True,True,0,1.9698434e-09,0.003199831,2.7457966e-07,0.99679995
104684,pituitary,3,Testing/pituitary/Te-pi_0026.jpg,test,512x512,False,True,0,1.4354946e-11,2.2968056e-09,1.5164586e-08,1.0
104912,pituitary,3,Testing/pituitary/Te-pi_0027.jpg,test,512x512,True,True,0,1.2176653e-09,1.0787804e-07,1.2591616e-06,0.99999857
105187,pituitary,3,Testing/pituitary/Te-pi_0028.jpg,test,512x512,True,True,0,1.9269766e-09,7.6120506e-07,2.4615345e-06,0.9999968
105538,pituitary,3,Testing/pituitary/Te-pi_0029.jpg,test,512x512,False,True,0,0.00010313943,0.0006296723,9.195834e-07,0.9992662
105638,pituitary,3,Testing/pituitary/Te-pi_0030.jpg,test,512x512,True,True,0,1.06570495e-08,1.4926812e-05,0.00027890693,0.9997062
97416,pituitary,3,Testing/pituitary/Te-pi_0031.jpg,test,512x512,True,True,0,2.7849285e-07,0.0006032681,0.00025777204,0.9991387
97416,pituitary,3,Testing/pituitary/Te-pi_0032.jpg,test,512x512,True,True,0,6.1452206e-06,0.0043612006,0.08389783,0.91173476
97461,pituitary,3,Testing/pituitary/Te-pi_0033.jpg,test,512x512,True,True,0,3.3883618e-11,5.808156e-09,1.2529154e-08,1.0
97481,pituitary,3,Testing/pituitary/Te-pi_0034.jpg,test,512x512,False,True,0,8.80037e-11,3.4536495e-06,5.235547e-09,0.99999654
97890,pituitary,3,Testing/pituitary/Te-pi_0035.jpg,test,512x512,True,True,0,3.483621e-08,6.853216e-07,4.087445e-07,0.9999989
98472,pituitary,3,Testing/pituitary/Te-pi_0036.jpg,test,512x512,True,True,0,4.062071e-08,1.0201301e-05,1.4688877e-05,0.9999751
98652,pituitary,3,Testing/pituitary/Te-pi_0037.jpg,test,512x512,True,True,0,8.220485e-09,1.4290838e-05,4.1450738e-05,0.9999442
98871,pituitary,3,Testing/pituitary/Te-pi_0038.jpg,test,512x512,True,True,0,2.3655781e-08,7.424339e-05,3.8439939e-07,0.9999254
98871,pituitary,3,Testing/pituitary/Te-pi_0039.jpg,test,512x512,True,True,0,5.732017e-09,1.1928687e-06,7.2047333e-06,0.99999166
98874,pituitary,3,Testing/pituitary/Te-pi_0040.jpg,test,512x512,True,True,0,9.7687296e-11,4.6534232e-08,1.3720558e-09,1.0
98992,pituitary,3,Testing/pituitary/Te-pi_0041.jpg,test,512x512,True,True,0,5.278871e-10,1.5111613e-05,2.2566573e-08,0.99998486
98995,pituitary,3,Testing/pituitary/Te-pi_0042.jpg,test,512x512,False,True,0,6.961826e-08,5.1876294e-05,0.00045617085,0.9994918
99223,pituitary,3,Testing/pituitary/Te-pi_0043.jpg,test,512x512,False,True,0,7.444777e-07,5.5087177e-05,1.776811e-07,0.9999441
99223,pituitary,3,Testing/pituitary/Te-pi_0044.jpg,test,512x512,True,True,0,2.107288e-08,1.1563307e-06,1.7954525e-08,0.9999988
101017,pituitary,3,Testing/pituitary/Te-pi_0045.jpg,test,512x512,True,True,0,2.8747536e-12,1.7130312e-09,7.6991774e-10,1.0
101017,pituitary,3,Testing/pituitary/Te-pi_0046.jpg,test,512x512,False,True,0,2.5358001e-12,2.0170625e-09,4.6225276e-10,1.0
101029,pituitary,3,Testing/pituitary/Te-pi_0047.jpg,test,512x512,True,True,0,4.9934914e-11,2.162581e-09,5.6427808e-08,1.0
101305,pituitary,3,Testing/pituitary/Te-pi_0048.jpg,test,512x512,False,True,0,5.8476377e-07,2.2299103e-06,2.27084e-06,0.9999949
101305,pituitary,3,Testing/pituitary/Te-pi_0049.jpg,test,512x512,False,True,0,7.517908e-07,4.213179e-06,9.736903e-06,0.9999852
101724,pituitary,3,Testing/pituitary/Te-pi_0050.jpg,test,512x512,True,True,0,5.548198e-09,3.9281468e-07,2.0861027e-08,0.99999964
102648,pituitary,3,Testing/pituitary/Te-pi_0051.jpg,test,512x512,True,True,0,2.4264693e-08,2.9101575e-05,3.0483795e-07,0.99997056
104684,pituitary,3,Testing/pituitary/Te-pi_0052.jpg,test,512x512,True,True,0,4.10489e-10,2.2535803e-06,6.8673808e-06,0.9999908
104912,pituitary,3,Testing/pituitary/Te-pi_0053.jpg,test,512x512,True,True,0,3.415822e-08,0.0001021972,0.0009862739,0.9989115
106062,pituitary,3,Testing/pituitary/Te-pi_0054.jpg,test,512x512,False,True,0,1.4430496e-09,2.9342718e-07,6.262317e-07,0.99999917
105936,pituitary,3,Testing/pituitary/Te-pi_0055.jpg,test,512x512,True,True,0,1.1244296e-10,6.995672e-11,1.967682e-09,1.0
107495,pituitary,3,Testing/pituitary/Te-pi_0056.jpg,test,512x512,False,True,0,3.4794345e-10,5.6722456e-08,8.448253e-06,0.99999154
107495,pituitary,3,Testing/pituitary/Te-pi_0057.jpg,test,512x512,True,True,0,8.615434e-10,1.1229762e-06,6.98697e-05,0.9999291
107429,pituitary,3,Testing/pituitary/Te-pi_0058.jpg,test,512x512,True,True,0,1.3404838e-08,6.368808e-05,1.6866858e-07,0.9999362
107505,pituitary,3,Testing/pituitary/Te-pi_0059.jpg,test,512x512,False,True,0,1.3181984e-06,6.582587e-08,3.814241e-07,0.9999982
107505,pituitary,3,Testing/pituitary/Te-pi_0060.jpg,test,512x512,True,True,0,6.065351e-08,5.605755e-09,3.4629159e-07,0.9999995
107743,pituitary,3,Testing/pituitary/Te-pi_0061.jpg,test,512x512,True,True,0,1.7981136e-10,1.1669787e-07,9.286029e-07,0.9999989
108858,pituitary,3,Testing/pituitary/Te-pi_0062.jpg,test,512x512,True,True,0,1.6491655e-09,6.4164e-06,1.9015979e-06,0.99999166
108931,pituitary,3,Testing/pituitary/Te-pi_0063.jpg,test,other size,True,True,0,5.92722e-11,5.0710558e-08,8.706304e-05,0.999913
109471,pituitary,3,Testing/pituitary/Te-pi_0064.jpg,test,512x512,True,True,0,4.816625e-08,3.164825e-05,1.8910084e-06,0.9999664
109769,pituitary,3,Testing/pituitary/Te-pi_0065.jpg,test,512x512,True,True,0,9.1341984e-10,6.7164514e-08,9.306959e-06,0.9999906
109898,pituitary,3,Testing/pituitary/Te-pi_0066.jpg,test,512x512,True,True,0,4.951101e-07,6.147113e-05,0.0007670665,0.999171
,pituitary,3,Testing/pituitary/Te-pi_0067.jpg,test,512x512,False,False,0,9.7696e-11,4.993627e-07,9.2078956e-08,0.9999994
,pituitary,3,Testing/pituitary/Te-pi_0068.jpg,test,512x512,False,False,0,1.5767998e-07,0.00024889328,6.0269836e-06,0.99974483
,pituitary,3,Testing/pituitary/Te-pi_0069.jpg,test,512x512,False,False,0,1.7900882e-12,5.4669226e-07,8.0164925e-10,0.9999994
,pituitary,3,Testing/pituitary/Te-pi_0070.jpg,test,512x512,True,False,0,8.8152326e-11,7.839631e-09,6.945783e-08,0.9999999
,pituitary,3,Testing/pituitary/Te-pi_0071.jpg,test,512x512,False,False,0,1.21136825e-08,6.759006e-07,5.6739673e-06,0.99999356
,pituitary,3,Testing/pituitary/Te-pi_0072.jpg,test,512x512,True,False,0,7.677267e-09,2.774598e-06,2.2549727e-08,0.99999726
,pituitary,3,Testing/pituitary/Te-pi_0073.jpg,test,512x512,True,False,0,1.2763518e-10,4.62492e-09,1.3023713e-08,1.0
,pituitary,3,Testing/pituitary/Te-pi_0074.jpg,test,512x512,False,False,0,1.4230983e-08,3.722259e-08,4.3562025e-09,1.0
,pituitary,3,Testing/pituitary/Te-pi_0075.jpg,test,512x512,False,False,0,4.755477e-07,2.6989354e-05,1.00875795e-07,0.99997246
,pituitary,3,Testing/pituitary/Te-pi_0076.jpg,test,512x512,True,False,0,3.7068542e-09,9.206583e-08,2.563617e-08,0.9999999
,pituitary,3,Testing/pituitary/Te-pi_0077.jpg,test,512x512,False,False,0,2.3864877e-09,2.2131348e-09,1.7749489e-09,1.0
,pituitary,3,Testing/pituitary/Te-pi_0078.jpg,test,512x512,False,False,0,1.0633101e-09,1.7620076e-05,5.3204896e-08,0.99998236
,pituitary,3,Testing/pituitary/Te-pi_0079.jpg,test,512x512,False,False,0,1.9118383e-08,6.230104e-08,2.3033826e-08,0.9999999
,pituitary,3,Testing/pituitary/Te-pi_0080.jpg,test,512x512,True,False,0,1.0801815e-08,5.989119e-10,1.1477678e-08,1.0
,pituitary,3,Testing/pituitary/Te-pi_0081.jpg,test,512x512,True,False,0,1.9509686e-10,6.389328e-08,7.786604e-10,0.9999999
,pituitary,3,Testing/pituitary/Te-pi_0082.jpg,test,512x512,False,False,0,3.0066397e-10,1.0169882e-08,2.5639109e-08,1.0
,pituitary,3,Testing/pituitary/Te-pi_0083.jpg,test,512x512,True,False,0,3.8679334e-11,1.4064092e-11,8.4790197e-10,1.0
,pituitary,3,Testing/pituitary/Te-pi_0084.jpg,test,512x512,True,False,0,2.657751e-09,2.270551e-06,2.4026988e-06,0.99999535
,pituitary,3,Testing/pituitary/Te-pi_0085.jpg,test,512x512,False,False,0,1.1713433e-08,2.6150676e-08,8.2932495e-08,0.9999999
,pituitary,3,Testing/pituitary/Te-pi_0086.jpg,test,512x512,False,False,0,4.2864785e-11,8.774865e-09,1.0379121e-10,1.0
,pituitary,3,Testing/pituitary/Te-pi_0087.jpg,test,512x512,False,False,0,6.531549e-11,8.271939e-08,8.39276e-10,0.9999999
,pituitary,3,Testing/pituitary/Te-pi_0088.jpg,test,512x512,False,False,0,1.5130651e-10,1.68234e-07,5.22936e-08,0.9999999
,pituitary,3,Testing/pituitary/Te-pi_0089.jpg,test,512x512,False,False,0,9.814763e-10,6.5157303e-07,1.887376e-07,0.99999917
,pituitary,3,Testing/pituitary/Te-pi_0090.jpg,test,512x512,False,False,0,3.953591e-08,5.0456933e-06,3.6965866e-07,0.9999945
,pituitary,3,Testing/pituitary/Te-pi_0091.jpg,test,512x512,False,False,0,7.788122e-09,4.763838e-08,4.0200732e-07,0.99999964
,pituitary,3,Testing/pituitary/Te-pi_0092.jpg,test,512x512,False,False,0,1.3120846e-09,3.8625945e-08,3.9866887e-08,1.0
,pituitary,3,Testing/pituitary/Te-pi_0093.jpg,test,512x512,False,False,0,1.0787656e-06,2.9745963e-06,1.0175524e-06,0.9999949
114040,pituitary,3,Testing/pituitary/Te-pi_0094.jpg,test,512x512,True,True,0,3.4679076e-07,7.428774e-07,1.9349225e-06,0.999997
,pituitary,3,Testing/pituitary/Te-pi_0095.jpg,test,512x512,False,False,0,9.954073e-07,6.07264e-07,9.207833e-08,0.99999833
,pituitary,3,Testing/pituitary/Te-pi_0096.jpg,test,512x512,False,False,0,3.2492238e-09,3.8342324e-07,1.7568787e-08,0.99999964
,pituitary,3,Testing/pituitary/Te-pi_0097.jpg,test,512x512,False,False,0,4.2818655e-09,4.8317673e-08,3.2283467e-08,1.0
,pituitary,3,Testing/pituitary/Te-pi_0098.jpg,test,512x512,True,False,0,1.8594254e-07,5.931078e-06,1.1417856e-06,0.9999927
,pituitary,3,Testing/pituitary/Te-pi_0099.jpg,test,other size,False,False,0,1.9408125e-08,2.9688948e-08,1.8713341e-06,0.9999981
,pituitary,3,Testing/pituitary/Te-pi_0100.jpg,test,512x512,False,False,0,5.7444742e-09,3.7133145e-07,1.41679815e-08,0.99999964
,pituitary,3,Testing/pituitary/Te-pi_0101.jpg,test,512x512,False,False,0,3.966002e-10,3.7434546e-08,1.0364022e-07,0.9999999
,pituitary,3,Testing/pituitary/Te-pi_0102.jpg,test,512x512,False,False,0,7.001922e-09,2.4873606e-07,3.186952e-07,0.9999994
,pituitary,3,Testing/pituitary/Te-pi_0103.jpg,test,512x512,False,False,0,1.732441e-05,3.092517e-06,4.211263e-07,0.99997914
,pituitary,3,Testing/pituitary/Te-pi_0104.jpg,test,512x512,False,False,0,2.6719197e-06,1.9828185e-06,3.5742286e-07,0.999995
,pituitary,3,Testing/pituitary/Te-pi_0105.jpg,test,512x512,False,False,0,1.1605454e-10,6.607707e-08,4.430796e-10,0.9999999
,pituitary,3,Testing/pituitary/Te-pi_0106.jpg,test,512x512,False,False,0,1.3715431e-06,0.00035057784,3.636148e-07,0.99964774
,pituitary,3,Testing/pituitary/Te-pi_0107.jpg,test,512x512,False,False,0,1.4276498e-11,1.3985548e-08,3.7776504e-10,1.0
,pituitary,3,Testing/pituitary/Te-pi_0108.jpg,test,512x512,False,False,0,1.8322737e-09,1.0226284e-09,6.0371863e-10,1.0
,pituitary,3,Testing/pituitary/Te-pi_0109.jpg,test,512x512,False,False,0,1.331069e-07,1.7238798e-06,1.1529811e-08,0.9999981
,pituitary,3,Testing/pituitary/Te-pi_0110.jpg,test,512x512,False,False,0,9.813134e-10,1.2599733e-06,2.2354976e-05,0.9999763
,pituitary,3,Testing/pituitary/Te-pi_0111.jpg,test,512x512,False,False,0,8.782384e-09,2.2221624e-08,7.786814e-10,1.0
,pituitary,3,Testing/pituitary/Te-pi_0112.jpg,test,512x512,False,False,0,7.070574e-08,9.532727e-06,1.9227075e-05,0.99997115
,pituitary,3,Testing/pituitary/Te-pi_0113.jpg,test,512x512,True,False,0,6.975317e-08,4.756023e-06,2.9160702e-08,0.99999523
,pituitary,3,Testing/pituitary/Te-pi_0114.jpg,test,512x512,False,False,0,0.0018754208,6.200305e-05,0.00021199854,0.99785066
,pituitary,3,Testing/pituitary/Te-pi_0115.jpg,test,512x512,True,False,0,5.4179956e-11,1.1141365e-08,3.483382e-10,1.0
,pituitary,3,Testing/pituitary/Te-pi_0116.jpg,test,512x512,False,False,0,1.5875584e-08,7.7162514e-07,1.4988351e-09,0.99999917
,pituitary,3,Testing/pituitary/Te-pi_0117.jpg,test,512x512,False,False,0,1.730305e-08,1.6085943e-08,6.3855494e-09,1.0
,pituitary,3,Testing/pituitary/Te-pi_0118.jpg,test,512x512,False,False,0,1.9290475e-11,1.8360685e-10,7.402988e-09,1.0
,pituitary,3,Testing/pituitary/Te-pi_0119.jpg,test,512x512,False,False,0,3.980536e-09,2.696171e-06,1.12856426e-07,0.99999714
,pituitary,3,Testing/pituitary/Te-pi_0120.jpg,test,512x512,True,False,0,1.0434118e-11,1.6045156e-08,1.9169815e-06,0.9999981
,pituitary,3,Testing/pituitary/Te-pi_0121.jpg,test,512x512,True,False,0,8.064698e-08,1.7970757e-05,8.240204e-05,0.9998996
,pituitary,3,Testing/pituitary/Te-pi_0122.jpg,test,512x512,True,False,0,7.9120825e-09,2.0948803e-05,1.28077e-07,0.9999789
,pituitary,3,Testing/pituitary/Te-pi_0123.jpg,test,512x512,False,False,0,1.2286188e-07,2.9957942e-08,1.791531e-07,0.99999964
,pituitary,3,Testing/pituitary/Te-pi_0124.jpg,test,512x512,False,False,0,1.6856012e-10,1.7636653e-08,3.224377e-05,0.9999678
,pituitary,3,Testing/pituitary/Te-pi_0125.jpg,test,512x512,False,False,0,2.1252483e-06,3.949383e-08,1.907561e-09,0.99999785
,pituitary,3,Testing/pituitary/Te-pi_0126.jpg,test,512x512,True,False,0,8.416878e-08,1.2060594e-08,1.6513098e-07,0.99999976
,pituitary,3,Testing/pituitary/Te-pi_0127.jpg,test,512x512,True,False,0,3.013694e-11,9.100326e-09,1.1392653e-07,0.9999999
,pituitary,3,Testing/pituitary/Te-pi_0128.jpg,test,512x512,True,False,0,2.9802898e-09,1.4869248e-05,9.360373e-07,0.99998415
,pituitary,3,Testing/pituitary/Te-pi_0129.jpg,test,other size,True,False,0,3.957602e-11,1.7998143e-08,4.658677e-06,0.99999535
,pituitary,3,Testing/pituitary/Te-pi_0130.jpg,test,512x512,True,False,0,3.7687247e-08,0.00010156075,5.4529006e-05,0.99984396
,pituitary,3,Testing/pituitary/Te-pi_0131.jpg,test,512x512,True,False,0,1.4892715e-10,5.6612993e-08,4.1734374e-06,0.9999958
,pituitary,3,Testing/pituitary/Te-pi_0132.jpg,test,512x512,True,False,0,3.2530237e-10,4.572609e-06,3.5694466e-05,0.9999598
,pituitary,3,Testing/pituitary/Te-pi_0133.jpg,test,512x512,True,False,0,2.2695095e-09,1.287563e-05,2.7804426e-06,0.9999844
,pituitary,3,Testing/pituitary/Te-pi_0134.jpg,test,512x512,False,False,0,7.124539e-10,7.212393e-06,8.4926006e-07,0.9999919
,pituitary,3,Testing/pituitary/Te-pi_0135.jpg,test,512x512,False,False,0,5.415519e-10,3.4567325e-08,3.2678283e-08,1.0
,pituitary,3,Testing/pituitary/Te-pi_0136.jpg,test,512x512,False,False,0,2.1670258e-11,4.837701e-10,4.8927656e-10,1.0
,pituitary,3,Testing/pituitary/Te-pi_0137.jpg,test,512x512,False,False,0,7.677968e-08,3.0588606e-07,1.2865689e-06,0.99999833
,pituitary,3,Testing/pituitary/Te-pi_0138.jpg,test,512x512,True,False,0,8.252576e-09,1.3557186e-08,8.488897e-07,0.99999917
,pituitary,3,Testing/pituitary/Te-pi_0139.jpg,test,512x512,True,False,0,8.47149e-09,9.040859e-06,2.513855e-06,0.99998844
,pituitary,3,Testing/pituitary/Te-pi_0140.jpg,test,512x512,False,False,0,3.5026298e-07,0.0019398486,1.0378118e-06,0.99805874
,pituitary,3,Testing/pituitary/Te-pi_0141.jpg,test,512x512,True,False,0,1.675531e-07,7.914747e-06,0.00012411388,0.9998678
,pituitary,3,Testing/pituitary/Te-pi_0142.jpg,test,512x512,True,False,0,6.04147e-09,6.008987e-07,9.059436e-08,0.9999993
,pituitary,3,Testing/pituitary/Te-pi_0143.jpg,test,512x512,False,False,0,4.891482e-08,6.647307e-05,4.3441773e-06,0.9999292
,pituitary,3,Testing/pituitary/Te-pi_0144.jpg,test,512x512,True,False,0,1.0918461e-10,3.5622398e-07,2.9419098e-08,0.99999964
,pituitary,3,Testing/pituitary/Te-pi_0145.jpg,test,512x512,False,False,0,3.232835e-05,8.45018e-06,5.1491894e-05,0.99990773
,pituitary,3,Testing/pituitary/Te-pi_0146.jpg,test,512x512,True,False,0,2.1867793e-07,2.4683342e-05,8.671397e-06,0.9999664
,pituitary,3,Testing/pituitary/Te-pi_0147.jpg,test,512x512,True,False,0,2.9194448e-06,4.7994486e-06,2.3668156e-07,0.999992
,pituitary,3,Testing/pituitary/Te-pi_0148.jpg,test,512x512,False,False,0,7.837076e-12,9.17361e-08,2.5615506e-07,0.99999964
,pituitary,3,Testing/pituitary/Te-pi_0149.jpg,test,512x512,True,False,0,2.6693985e-09,2.3625971e-06,1.05863455e-05,0.999987
,pituitary,3,Testing/pituitary/Te-pi_0150.jpg,test,512x512,True,False,0,4.365355e-07,8.295978e-06,2.9806377e-05,0.9999615
,pituitary,3,Testing/pituitary/Te-pi_0151.jpg,test,512x512,True,False,0,1.1917193e-09,1.0713937e-07,5.1031748e-09,0.9999999
,pituitary,3,Testing/pituitary/Te-pi_0152.jpg,test,512x512,True,False,0,2.5560868e-07,0.00029464223,0.00012774659,0.99957734
,pituitary,3,Testing/pituitary/Te-pi_0153.jpg,test,512x512,False,False,0,1.5603649e-06,0.00057603716,1.6129707e-05,0.99940634
,pituitary,3,Testing/pituitary/Te-pi_0154.jpg,test,512x512,True,False,0,1.8911804e-08,4.5224446e-05,9.88466e-06,0.9999448
,pituitary,3,Testing/pituitary/Te-pi_0155.jpg,test,512x512,True,False,0,6.593561e-08,1.1595838e-06,6.8726666e-05,0.99993
,pituitary,3,Testing/pituitary/Te-pi_0156.jpg,test,512x512,True,False,0,4.904366e-06,0.0014998919,0.00096991274,0.9975254
,pituitary,3,Testing/pituitary/Te-pi_0157.jpg,test,512x512,True,False,0,9.364383e-09,1.1192366e-07,1.3004147e-06,0.99999857
,pituitary,3,Testing/pituitary/Te-pi_0158.jpg,test,512x512,True,False,0,1.0732587e-06,3.902234e-06,6.270809e-05,0.9999323
,pituitary,3,Testing/pituitary/Te-pi_0159.jpg,test,512x512,True,False,0,1.5939848e-06,0.002014199,0.0049520456,0.9930322
,pituitary,3,Testing/pituitary/Te-pi_0160.jpg,test,512x512,True,False,0,1.4220785e-08,1.5186974e-07,7.1495933e-06,0.9999927
,pituitary,3,Testing/pituitary/Te-pi_0161.jpg,test,512x512,True,False,0,8.8673124e-10,7.1818995e-10,3.8628722e-09,1.0
,pituitary,3,Testing/pituitary/Te-pi_0162.jpg,test,512x512,True,False,0,8.227175e-08,0.00015193119,0.00016637897,0.9996816
,pituitary,3,Testing/pituitary/Te-pi_0163.jpg,test,512x512,False,False,0,2.2814633e-05,2.723431e-05,6.211382e-06,0.99994373
,pituitary,3,Testing/pituitary/Te-pi_0164.jpg,test,512x512,True,False,0,2.3686225e-10,0.00040277076,6.6663915e-08,0.99959713
,pituitary,3,Testing/pituitary/Te-pi_0165.jpg,test,512x512,True,False,0,4.7095722e-07,8.854042e-07,6.363746e-06,0.9999924
,pituitary,3,Testing/pituitary/Te-pi_0166.jpg,test,512x512,False,False,0,9.5025224e-11,8.93089e-09,1.229617e-06,0.9999988
,pituitary,3,Testing/pituitary/Te-pi_0167.jpg,test,512x512,True,False,0,1.1944419e-10,7.6656806e-07,1.8170389e-06,0.9999975
,pituitary,3,Testing/pituitary/Te-pi_0168.jpg,test,512x512,True,False,0,8.587443e-09,2.5989431e-05,4.7684138e-05,0.9999263
,pituitary,3,Testing/pituitary/Te-pi_0169.jpg,test,512x512,True,False,0,1.6525603e-10,2.0923265e-09,1.0773462e-08,1.0
,pituitary,3,Testing/pituitary/Te-pi_0170.jpg,test,512x512,True,False,0,1.4478733e-10,5.846584e-06,8.4492185e-06,0.9999857
,pituitary,3,Testing/pituitary/Te-pi_0171.jpg,test,512x512,False,False,0,0.00020496201,0.0044204127,7.240113e-05,0.9953022
,pituitary,3,Testing/pituitary/Te-pi_0172.jpg,test,512x512,True,False,0,1.7957206e-08,7.2729886e-06,0.0020625468,0.99793017
,pituitary,3,Testing/pituitary/Te-pi_0173.jpg,test,512x512,True,False,0,1.215821e-08,8.839338e-06,7.829792e-08,0.99999106
,pituitary,3,Testing/pituitary/Te-pi_0174.jpg,test,512x512,True,False,0,1.124717e-07,0.00031232892,0.00019831584,0.9994893
,pituitary,3,Testing/pituitary/Te-pi_0175.jpg,test,512x512,True,False,0,8.2644e-06,0.003965282,0.3153581,0.6806684
,pituitary,3,Testing/pituitary/Te-pi_0176.jpg,test,512x512,True,False,0,4.206688e-12,3.7472482e-08,1.7926229e-10,1.0
,pituitary,3,Testing/pituitary/Te-pi_0177.jpg,test,512x512,True,False,0,1.1960978e-10,7.3674067e-09,2.0985507e-08,1.0
,pituitary,3,Testing/pituitary/Te-pi_0178.jpg,test,512x512,False,False,0,2.7727323e-09,4.4186504e-06,5.5807794e-09,0.9999956
,pituitary,3,Testing/pituitary/Te-pi_0179.jpg,test,512x512,True,False,0,2.6106783e-09,1.233156e-05,5.982891e-06,0.99998176
,pituitary,3,Testing/pituitary/Te-pi_0180.jpg,test,512x512,True,False,0,2.1611811e-07,1.282934e-07,5.2991207e-05,0.9999466
,pituitary,3,Testing/pituitary/Te-pi_0181.jpg,test,512x512,True,False,0,2.606127e-09,7.4182844e-07,3.7126886e-06,0.9999956
,pituitary,3,Testing/pituitary/Te-pi_0182.jpg,test,512x512,True,False,0,1.3240047e-08,4.0999334e-05,2.3260853e-05,0.99993575
,pituitary,3,Testing/pituitary/Te-pi_0183.jpg,test,512x512,True,False,0,3.581937e-08,0.00017628736,7.960592e-07,0.9998229
,pituitary,3,Testing/pituitary/Te-pi_0184.jpg,test,512x512,True,False,0,6.664463e-08,2.6986895e-06,3.910231e-05,0.99995816
,pituitary,3,Testing/pituitary/Te-pi_0185.jpg,test,512x512,False,False,0,2.3611426e-08,0.0001308087,4.6731526e-05,0.99982244
,pituitary,3,Testing/pituitary/Te-pi_0186.jpg,test,512x512,True,False,0,7.9496637e-10,6.664709e-07,1.650594e-09,0.9999993
,pituitary,3,Testing/pituitary/Te-pi_0187.jpg,test,512x512,False,False,0,1.0496962e-07,8.904142e-05,2.7238514e-08,0.99991083
,pituitary,3,Testing/pituitary/Te-pi_0188.jpg,test,512x512,True,False,0,1.33740505e-05,0.0013891795,0.012856757,0.9857407
,pituitary,3,Testing/pituitary/Te-pi_0189.jpg,test,512x512,True,False,0,1.2363347e-09,2.493096e-05,4.256604e-07,0.9999746
,pituitary,3,Testing/pituitary/Te-pi_0190.jpg,test,512x512,False,False,0,1.3216719e-08,2.4208239e-06,5.1447213e-08,0.9999976
,pituitary,3,Testing/pituitary/Te-pi_0191.jpg,test,512x512,False,False,0,2.8276623e-10,1.2800826e-09,2.0148122e-10,1.0
,pituitary,3,Testing/pituitary/Te-pi_0192.jpg,test,512x512,False,False,0,9.335277e-12,5.0567928e-09,4.0681796e-09,1.0
,pituitary,3,Testing/pituitary/Te-pi_0193.jpg,test,512x512,False,False,0,8.116878e-13,1.9750708e-09,9.912261e-10,1.0
,pituitary,3,Testing/pituitary/Te-pi_0194.jpg,test,512x512,True,False,0,4.2635273e-10,2.0819138e-08,1.88255e-06,0.9999981
,pituitary,3,Testing/pituitary/Te-pi_0195.jpg,test,512x512,False,False,0,4.2635086e-11,2.1904027e-09,2.2059408e-09,1.0
,pituitary,3,Testing/pituitary/Te-pi_0196.jpg,test,512x512,True,False,0,5.174348e-10,1.9733514e-07,1.1593275e-08,0.99999976
,pituitary,3,Testing/pituitary/Te-pi_0197.jpg,test,512x512,False,False,0,1.8032278e-08,7.861767e-08,3.0272027e-08,0.9999999
,pituitary,3,Testing/pituitary/Te-pi_0198.jpg,test,512x512,False,False,0,1.8833504e-07,2.3359097e-07,3.3425056e-07,0.99999917
,pituitary,3,Testing/pituitary/Te-pi_0199.jpg,test,512x512,True,False,0,1.4444547e-07,2.1179053e-06,1.4479538e-07,0.9999976
,pituitary,3,Testing/pituitary/Te-pi_0200.jpg,test,512x512,True,False,0,1.1734488e-08,4.8037018e-05,6.54077e-07,0.99995136
,pituitary,3,Testing/pituitary/Te-pi_0201.jpg,test,512x512,False,False,0,2.5203775e-09,9.436007e-08,3.3009044e-07,0.9999995
,pituitary,3,Testing/pituitary/Te-pi_0202.jpg,test,512x512,False,False,0,5.5843703e-13,9.152566e-09,1.6770746e-09,1.0
,pituitary,3,Testing/pituitary/Te-pi_0203.jpg,test,512x512,True,False,0,7.9616446e-13,1.8621389e-10,6.9732015e-10,1.0
,pituitary,3,Testing/pituitary/Te-pi_0204.jpg,test,512x512,True,False,0,2.7302254e-11,8.965223e-07,3.8204075e-09,0.99999905
,pituitary,3,Testing/pituitary/Te-pi_0205.jpg,test,512x512,False,False,0,2.817905e-11,3.0926242e-09,4.461791e-11,1.0
,pituitary,3,Testing/pituitary/Te-pi_0206.jpg,test,512x512,False,False,0,3.2679155e-09,1.2520078e-05,3.2125635e-07,0.9999871
,pituitary,3,Testing/pituitary/Te-pi_0207.jpg,test,512x512,True,False,0,3.0075272e-11,1.6091589e-08,8.625191e-09,1.0
,pituitary,3,Testing/pituitary/Te-pi_0208.jpg,test,512x512,False,False,0,1.6521189e-10,9.877128e-08,2.4382365e-08,0.9999999
,pituitary,3,Testing/pituitary/Te-pi_0209.jpg,test,512x512,True,False,0,3.1247902e-13,2.7593003e-10,9.921108e-11,1.0
,pituitary,3,Testing/pituitary/Te-pi_0210.jpg,test,512x512,True,False,0,8.187158e-09,9.2435165e-08,3.7255026e-09,0.9999999
,pituitary,3,Testing/pituitary/Te-pi_0211.jpg,test,512x512,True,False,0,1.1639473e-07,1.8465362e-07,1.16375865e-07,0.9999995
,pituitary,3,Testing/pituitary/Te-pi_0212.jpg,test,512x512,False,False,0,3.724356e-10,3.1101536e-07,1.9010708e-08,0.99999964
,pituitary,3,Testing/pituitary/Te-pi_0213.jpg,test,512x512,True,False,0,1.6315562e-09,4.3875694e-08,1.2869928e-06,0.9999987
,pituitary,3,Testing/pituitary/Te-pi_0214.jpg,test,512x512,True,False,0,5.7160215e-10,2.7784038e-08,3.2555792e-07,0.99999964
,pituitary,3,Testing/pituitary/Te-pi_0215.jpg,test,512x512,False,False,0,1.2110236e-09,4.234233e-06,1.8222807e-09,0.9999957
,pituitary,3,Testing/pituitary/Te-pi_0216.jpg,test,512x512,False,False,0,2.1120637e-07,5.349814e-06,9.8290375e-06,0.9999846
,pituitary,3,Testing/pituitary/Te-pi_0217.jpg,test,512x512,False,False,0,6.635383e-09,8.323704e-06,9.826611e-08,0.99999154
,pituitary,3,Testing/pituitary/Te-pi_0218.jpg,test,512x512,False,False,0,4.1541867e-10,3.066148e-08,1.0265261e-07,0.9999999
,pituitary,3,Testing/pituitary/Te-pi_0219.jpg,test,512x512,False,False,0,3.063098e-11,2.4324711e-09,2.7633413e-09,1.0
,pituitary,3,Testing/pituitary/Te-pi_0220.jpg,test,512x512,False,False,0,5.3090886e-11,7.233755e-10,2.1232132e-07,0.99999976
,pituitary,3,Testing/pituitary/Te-pi_0221.jpg,test,512x512,False,False,0,3.4288568e-12,1.0458995e-09,2.3522866e-09,1.0
,pituitary,3,Testing/pituitary/Te-pi_0222.jpg,test,512x512,True,False,0,7.7162976e-10,2.473762e-07,7.485482e-07,0.99999905
,pituitary,3,Testing/pituitary/Te-pi_0223.jpg,test,512x512,False,False,0,8.302972e-11,2.1129614e-08,2.2338018e-08,1.0
,pituitary,3,Testing/pituitary/Te-pi_0224.jpg,test,512x512,False,False,0,7.799851e-07,5.9749414e-06,2.1407486e-06,0.99999106
,pituitary,3,Testing/pituitary/Te-pi_0225.jpg,test,512x512,True,False,0,1.3620794e-13,2.1183313e-09,9.741253e-10,1.0
,pituitary,3,Testing/pituitary/Te-pi_0226.jpg,test,512x512,True,False,0,1.617854e-10,7.397825e-08,6.3467893e-09,0.9999999
,pituitary,3,Testing/pituitary/Te-pi_0227.jpg,test,512x512,False,False,0,2.2999128e-08,9.0247994e-07,3.753726e-08,0.99999905
,pituitary,3,Testing/pituitary/Te-pi_0228.jpg,test,512x512,True,False,0,3.925792e-13,8.049754e-12,6.582225e-11,1.0
,pituitary,3,Testing/pituitary/Te-pi_0229.jpg,test,512x512,True,False,0,2.1797782e-10,6.116643e-09,9.474184e-09,1.0
,pituitary,3,Testing/pituitary/Te-pi_0230.jpg,test,512x512,False,False,0,3.105128e-10,4.6186193e-07,2.3660773e-09,0.9999995
,pituitary,3,Testing/pituitary/Te-pi_0231.jpg,test,512x512,True,False,0,1.5862807e-10,1.6628019e-09,1.2749631e-09,1.0
,pituitary,3,Testing/pituitary/Te-pi_0232.jpg,test,512x512,True,False,0,2.1136388e-09,1.1560406e-06,6.1270654e-08,0.9999987
,pituitary,3,Testing/pituitary/Te-pi_0233.jpg,test,512x512,False,False,0,2.9652372e-09,7.35438e-08,4.5596393e-09,0.9999999
,pituitary,3,Testing/pituitary/Te-pi_0234.jpg,test,512x512,False,False,0,2.544497e-08,7.989358e-10,6.125925e-09,1.0
,pituitary,3,Testing/pituitary/Te-pi_0235.jpg,test,512x512,False,False,0,1.8357044e-10,8.2668405e-09,4.437447e-09,1.0
,pituitary,3,Testing/pituitary/Te-pi_0236.jpg,test,512x512,True,False,0,1.4980342e-11,2.7361918e-07,3.9904272e-10,0.99999976
,pituitary,3,Testing/pituitary/Te-pi_0237.jpg,test,512x512,False,False,0,1.1048117e-07,5.667151e-05,7.931081e-08,0.99994314
,pituitary,3,Testing/pituitary/Te-pi_0238.jpg,test,512x512,False,False,0,2.92313e-10,3.0299097e-07,3.506084e-10,0.99999964
,pituitary,3,Testing/pituitary/Te-pi_0239.jpg,test,512x512,True,False,0,2.756976e-13,9.640535e-10,6.516061e-10,1.0
,pituitary,3,Testing/pituitary/Te-pi_0240.jpg,test,512x512,False,False,0,5.3430036e-13,5.462128e-10,3.065021e-11,1.0
,pituitary,3,Testing/pituitary/Te-pi_0241.jpg,test,512x512,False,False,0,1.0310179e-10,2.1071584e-07,8.57897e-09,0.99999976
,pituitary,3,Testing/pituitary/Te-pi_0242.jpg,test,512x512,True,False,0,5.4175384e-12,2.7412211e-08,1.080807e-10,1.0
,pituitary,3,Testing/pituitary/Te-pi_0243.jpg,test,512x512,False,False,0,1.0179886e-10,3.7097616e-09,8.789455e-09,1.0
,pituitary,3,Testing/pituitary/Te-pi_0244.jpg,test,512x512,False,False,0,5.8376824e-11,3.6771503e-10,2.677292e-08,1.0
,pituitary,3,Testing/pituitary/Te-pi_0245.jpg,test,512x512,False,False,0,1.2801974e-09,2.367023e-08,4.8192197e-09,1.0
,pituitary,3,Testing/pituitary/Te-pi_0246.jpg,test,512x512,True,False,0,1.3798897e-06,1.0202414e-07,7.519402e-08,0.99999845
,pituitary,3,Testing/pituitary/Te-pi_0247.jpg,test,512x512,False,False,0,6.964836e-09,5.0568406e-07,7.0762104e-07,0.9999988
,pituitary,3,Testing/pituitary/Te-pi_0248.jpg,test,512x512,True,False,0,2.7764557e-09,5.3131043e-07,3.1412797e-05,0.99996805
,pituitary,3,Testing/pituitary/Te-pi_0249.jpg,test,512x512,True,False,0,5.6202475e-06,6.6304307e-07,1.9924453e-06,0.99999166
,pituitary,3,Testing/pituitary/Te-pi_0250.jpg,test,512x512,False,False,0,2.8311586e-06,8.159458e-06,7.786154e-07,0.9999882
,pituitary,3,Testing/pituitary/Te-pi_0251.jpg,test,512x512,False,False,0,0.00018688658,0.0001623166,0.0007031314,0.9989477
,pituitary,3,Testing/pituitary/Te-pi_0252.jpg,test,512x512,False,False,0,1.0519187e-10,1.7698373e-09,1.3180303e-07,0.9999999
,pituitary,3,Testing/pituitary/Te-pi_0253.jpg,test,512x512,False,False,0,8.8746216e-10,2.7498302e-08,2.1649717e-08,1.0
,pituitary,3,Testing/pituitary/Te-pi_0254.jpg,test,512x512,False,False,0,1.1989585e-08,4.2037126e-08,6.69845e-08,0.9999999
,pituitary,3,Testing/pituitary/Te-pi_0255.jpg,test,512x512,False,False,0,3.2448102e-12,1.8559416e-09,2.8979777e-10,1.0
,pituitary,3,Testing/pituitary/Te-pi_0256.jpg,test,512x512,False,False,0,1.9848252e-09,6.2907604e-09,9.908253e-10,1.0
,pituitary,3,Testing/pituitary/Te-pi_0257.jpg,test,512x512,False,False,0,1.5641091e-09,1.599175e-08,1.3454357e-09,1.0
,pituitary,3,Testing/pituitary/Te-pi_0258.jpg,test,512x512,False,False,0,1.5398456e-08,5.5742955e-08,1.402058e-09,0.9999999
,pituitary,3,Testing/pituitary/Te-pi_0259.jpg,test,512x512,False,False,0,1.1154778e-05,9.1347096e-07,2.340595e-07,0.9999877
,pituitary,3,Testing/pituitary/Te-pi_0260.jpg,test,512x512,False,False,0,5.1024124e-08,2.2072407e-05,1.40648e-07,0.9999777
,pituitary,3,Testing/pituitary/Te-pi_0261.jpg,test,512x512,False,False,0,1.1399772e-11,6.643198e-10,2.6078367e-11,1.0
,pituitary,3,Testing/pituitary/Te-pi_0262.jpg,test,512x512,False,False,0,7.255228e-10,2.1110324e-07,1.3888915e-08,0.99999976
,pituitary,3,Testing/pituitary/Te-pi_0263.jpg,test,512x512,False,False,0,1.6639664e-09,2.8485045e-09,2.1427713e-08,1.0
,pituitary,3,Testing/pituitary/Te-pi_0264.jpg,test,512x512,False,False,0,1.8852855e-08,7.665788e-06,3.3838835e-06,0.99998903
,pituitary,3,Testing/pituitary/Te-pi_0265.jpg,test,512x512,True,False,0,3.0308243e-07,1.9524054e-05,1.3198834e-07,0.9999801
,pituitary,3,Testing/pituitary/Te-pi_0266.jpg,test,512x512,False,False,0,1.5909801e-08,9.640227e-07,8.1913555e-08,0.9999989
,pituitary,3,Testing/pituitary/Te-pi_0267.jpg,test,512x512,False,False,0,1.7365668e-08,5.011427e-08,6.4389183e-10,0.9999999
,pituitary,3,Testing/pituitary/Te-pi_0268.jpg,test,512x512,False,False,0,1.1679946e-08,6.462314e-08,9.606746e-09,0.9999999
,pituitary,3,Testing/pituitary/Te-pi_0269.jpg,test,512x512,False,False,0,4.56294e-05,4.2024545e-05,1.4963728e-06,0.99991083
,pituitary,3,Testing/pituitary/Te-pi_0270.jpg,test,512x512,False,False,0,3.139683e-10,9.923289e-10,6.145598e-09,1.0
,pituitary,3,Testing/pituitary/Te-pi_0271.jpg,test,512x512,False,False,0,1.5180929e-09,4.939288e-08,2.359464e-08,1.0
,pituitary,3,Testing/pituitary/Te-pi_0272.jpg,test,512x512,False,False,0,5.793443e-08,5.504311e-08,1.6957446e-07,0.99999976
,pituitary,3,Testing/pituitary/Te-pi_0273.jpg,test,other size,False,False,0,4.735541e-10,1.459253e-09,3.5815572e-07,0.99999964
,pituitary,3,Testing/pituitary/Te-pi_0274.jpg,test,512x512,False,False,0,2.6706303e-08,2.5183408e-07,1.6522012e-09,0.99999976
,pituitary,3,Testing/pituitary/Te-pi_0275.jpg,test,512x512,False,False,0,4.0481105e-08,4.7884264e-08,1.3305364e-10,0.9999999
,pituitary,3,Testing/pituitary/Te-pi_0276.jpg,test,512x512,True,False,0,4.8292845e-09,1.784232e-07,9.532038e-09,0.99999976
,pituitary,3,Testing/pituitary/Te-pi_0277.jpg,test,512x512,False,False,0,3.809534e-08,2.1572921e-08,5.9429812e-08,0.9999999
,pituitary,3,Testing/pituitary/Te-pi_0278.jpg,test,512x512,False,False,0,2.8762515e-06,1.2819995e-05,5.0720655e-07,0.9999838
,pituitary,3,Testing/pituitary/Te-pi_0279.jpg,test,512x512,False,False,0,2.5134568e-07,6.024767e-07,1.920472e-09,0.99999917
,pituitary,3,Testing/pituitary/Te-pi_0280.jpg,test,512x512,True,False,0,3.795344e-08,3.065288e-06,1.796302e-08,0.9999969
,pituitary,3,Testing/pituitary/Te-pi_0281.jpg,test,512x512,True,False,0,1.4684996e-11,1.4196254e-08,1.6212004e-09,1.0
,pituitary,3,Testing/pituitary/Te-pi_0282.jpg,test,512x512,False,False,0,5.3298135e-09,1.6201039e-08,2.7069698e-09,1.0
,pituitary,3,Testing/pituitary/Te-pi_0283.jpg,test,512x512,False,False,0,2.2367366e-10,2.8408482e-07,1.0431266e-08,0.99999976
,pituitary,3,Testing/pituitary/Te-pi_0284.jpg,test,512x512,False,False,0,1.6440484e-07,1.9537628e-08,9.804188e-08,0.99999964
,pituitary,3,Testing/pituitary/Te-pi_0285.jpg,test,512x512,False,False,0,3.412015e-10,5.656929e-08,9.115357e-08,0.9999999
,pituitary,3,Testing/pituitary/Te-pi_0286.jpg,test,512x512,True,False,0,1.337238e-10,4.6270138e-08,9.937176e-09,1.0
,pituitary,3,Testing/pituitary/Te-pi_0287.jpg,test,512x512,True,False,0,6.8412356e-07,2.465118e-06,6.232046e-07,0.9999963
,pituitary,3,Testing/pituitary/Te-pi_0288.jpg,test,512x512,False,False,0,1.5885234e-07,1.1025197e-07,5.2297317e-05,0.9999474
,pituitary,3,Testing/pituitary/Te-pi_0289.jpg,test,512x512,False,False,0,4.382135e-08,7.707017e-06,2.740171e-06,0.9999895
,pituitary,3,Testing/pituitary/Te-pi_0290.jpg,test,512x512,True,False,0,5.425509e-09,1.4443022e-07,3.2165087e-08,0.9999999
,pituitary,3,Testing/pituitary/Te-pi_0291.jpg,test,512x512,False,False,0,1.9936386e-09,1.9637844e-07,2.7165364e-10,0.99999976
,pituitary,3,Testing/pituitary/Te-pi_0292.jpg,test,512x512,True,False,0,7.94817e-09,2.737275e-07,1.2626527e-08,0.99999976
,pituitary,3,Testing/pituitary/Te-pi_0293.jpg,test,512x512,True,False,0,1.2021042e-08,4.339898e-06,6.0094405e-09,0.9999956
,pituitary,3,Testing/pituitary/Te-pi_0294.jpg,test,512x512,True,False,0,5.3436533e-10,7.7338754e-08,1.5776906e-09,0.9999999
,pituitary,3,Testing/pituitary/Te-pi_0295.jpg,test,512x512,True,False,0,2.6650007e-10,1.6919998e-08,3.4218665e-08,1.0
,pituitary,3,Testing/pituitary/Te-pi_0296.jpg,test,512x512,True,False,0,1.7006664e-09,1.6261104e-07,1.3787057e-09,0.9999999
,pituitary,3,Testing/pituitary/Te-pi_0297.jpg,test,512x512,False,False,0,6.4155645e-09,3.6154177e-07,2.1395243e-07,0.9999994
,pituitary,3,Testing/pituitary/Te-pi_0298.jpg,test,512x512,True,False,0,1.2518924e-09,6.357873e-10,6.1021665e-10,1.0
,pituitary,3,Testing/pituitary/Te-pi_0299.jpg,test,512x512,False,False,0,4.134555e-12,4.4381512e-08,2.5874758e-09,1.0
